billing_id,matter_id,attorney_id,billing_date,hours_worked,hourly_rate,amount,billable_status
1,1,5,2024-06-27,26.5,333.24426408004217,8830.97,Billable
2,1,6,2024-06-27,48.1,311.18528947223797,14968.01,Non-Billable
3,1,4,2024-06-27,37.9,263.9493860652042,10003.68,Billable
4,1,8,2024-06-27,76.4,246.99098521619942,18870.11,Billable
5,1,6,2024-07-27,78.0,311.18528947223797,24272.45,Billable
6,1,4,2024-07-27,27.0,263.9493860652042,7126.63,Billable
7,1,8,2024-07-27,24.4,246.99098521619942,6026.58,Non-Billable
8,1,6,2024-08-27,33.0,311.18528947223797,10269.11,Billable
9,1,4,2024-08-27,51.7,263.9493860652042,13646.18,Billable
10,1,8,2024-08-27,20.1,246.99098521619942,4964.52,Billable
11,1,5,2024-09-27,65.9,333.24426408004217,21960.8,Billable
12,1,1,2024-09-27,11.8,209.86584841970367,2476.42,Billable
13,1,6,2024-09-27,65.2,311.18528947223797,20289.28,Non-Billable
14,1,4,2024-09-27,22.2,263.9493860652042,5859.68,Billable
15,1,5,2024-10-27,18.0,333.24426408004217,5998.4,Billable
16,1,1,2024-10-27,64.5,209.86584841970367,13536.35,Non-Billable
17,1,6,2024-10-27,41.6,311.18528947223797,12945.31,Billable
18,1,4,2024-10-27,13.0,263.9493860652042,3431.34,Non-Billable
19,1,8,2024-10-27,42.1,246.99098521619942,10398.32,Billable
20,1,1,2024-11-27,38.1,209.86584841970367,7995.89,Non-Billable
21,1,4,2024-11-27,41.0,263.9493860652042,10821.92,Billable
22,1,8,2024-11-27,20.4,246.99098521619942,5038.62,Billable
23,1,1,2024-12-27,48.4,209.86584841970367,10157.51,Billable
24,1,6,2024-12-27,51.8,311.18528947223797,16119.4,Billable
25,1,4,2024-12-27,52.4,263.9493860652042,13830.95,Billable
26,1,8,2024-12-27,18.0,246.99098521619942,4445.84,Non-Billable
27,2,7,2024-04-26,67.9,209.86584841970367,14249.89,Billable
28,2,8,2024-04-26,16.7,246.99098521619942,4124.75,Billable
29,2,4,2024-04-26,27.8,263.9493860652042,7337.79,Billable
30,2,7,2024-05-26,43.2,209.86584841970367,9066.2,Billable
31,2,8,2024-05-26,16.5,246.99098521619942,4075.35,Billable
32,2,4,2024-05-26,36.1,263.9493860652042,9528.57,Billable
33,2,7,2024-06-26,51.1,209.86584841970367,10724.14,Non-Billable
34,2,8,2024-06-26,56.9,246.99098521619942,14053.79,Billable
35,2,4,2024-06-26,56.6,263.9493860652042,14939.54,Billable
36,2,7,2024-07-26,60.5,209.86584841970367,12696.88,Billable
37,2,8,2024-07-26,34.6,246.99098521619942,8545.89,Non-Billable
38,2,4,2024-07-26,20.8,263.9493860652042,5490.15,Billable
39,2,4,2024-08-26,35.7,263.9493860652042,9422.99,Billable
40,2,7,2024-09-26,66.5,209.86584841970367,13956.08,Non-Billable
41,2,8,2024-09-26,67.3,246.99098521619942,16622.49,Non-Billable
42,2,4,2024-09-26,49.0,263.9493860652042,12933.52,Non-Billable
43,2,7,2024-10-26,68.1,209.86584841970367,14291.86,Billable
44,2,7,2024-11-26,74.5,209.86584841970367,15635.01,Billable
45,2,4,2024-11-26,49.6,263.9493860652042,13091.89,Billable
46,2,8,2024-12-26,78.0,246.99098521619942,19265.3,Billable
47,2,4,2024-12-26,25.1,263.9493860652042,6625.13,Billable
48,3,6,2023-02-04,49.7,311.18528947223797,15465.91,Billable
49,3,3,2023-02-04,20.9,356.50515929852793,7450.96,Non-Billable
50,3,10,2023-02-04,39.7,246.99098521619942,9805.54,Non-Billable
51,3,6,2023-03-04,29.1,311.18528947223797,9055.49,Non-Billable
52,3,12,2023-03-04,29.8,155.80836121681995,4643.09,Non-Billable
53,3,5,2023-03-04,46.9,333.24426408004217,15629.16,Billable
54,3,6,2023-04-04,52.0,311.18528947223797,16181.64,Billable
55,3,12,2023-04-04,63.7,155.80836121681995,9924.99,Billable
56,3,6,2023-05-04,40.1,311.18528947223797,12478.53,Billable
57,3,3,2023-05-04,59.3,356.50515929852793,21140.76,Non-Billable
58,3,12,2023-05-04,56.8,155.80836121681995,8849.91,Billable
59,3,10,2023-05-04,13.0,246.99098521619942,3210.88,Billable
60,3,6,2023-06-04,15.5,311.18528947223797,4823.37,Billable
61,3,3,2023-06-04,50.1,356.50515929852793,17860.91,Non-Billable
62,3,12,2023-06-04,30.3,155.80836121681995,4720.99,Billable
63,3,10,2023-06-04,66.1,246.99098521619942,16326.1,Non-Billable
64,3,6,2023-07-04,58.3,311.18528947223797,18142.1,Billable
65,3,12,2023-07-04,27.0,155.80836121681995,4206.83,Non-Billable
66,3,5,2023-07-04,15.5,333.24426408004217,5165.29,Billable
67,3,10,2023-07-04,25.5,246.99098521619942,6298.27,Billable
68,3,3,2023-08-04,47.1,356.50515929852793,16791.39,Billable
69,3,12,2023-08-04,34.5,155.80836121681995,5375.39,Non-Billable
70,3,5,2023-08-04,55.2,333.24426408004217,18395.08,Billable
71,3,12,2023-09-04,63.2,155.80836121681995,9847.09,Non-Billable
72,3,10,2023-09-04,54.0,246.99098521619942,13337.51,Billable
73,3,6,2023-10-04,63.2,311.18528947223797,19666.91,Billable
74,3,3,2023-10-04,71.7,356.50515929852793,25561.42,Non-Billable
75,3,12,2023-10-04,53.7,155.80836121681995,8366.91,Non-Billable
76,3,5,2023-10-04,40.8,333.24426408004217,13596.37,Billable
77,3,10,2023-10-04,31.2,246.99098521619942,7706.12,Billable
78,3,6,2023-11-04,34.6,311.18528947223797,10767.01,Billable
79,3,3,2023-11-04,41.6,356.50515929852793,14830.61,Billable
80,3,12,2023-11-04,30.1,155.80836121681995,4689.83,Non-Billable
81,3,5,2023-11-04,69.9,333.24426408004217,23293.77,Non-Billable
82,3,10,2023-11-04,36.9,246.99098521619942,9113.97,Non-Billable
83,3,6,2023-12-04,65.4,311.18528947223797,20351.52,Billable
84,3,3,2023-12-04,66.7,356.50515929852793,23778.89,Non-Billable
85,3,5,2023-12-04,45.1,333.24426408004217,15029.32,Billable
86,3,10,2023-12-04,66.8,246.99098521619942,16499.0,Billable
87,3,6,2024-01-04,15.9,311.18528947223797,4947.85,Non-Billable
88,3,5,2024-01-04,40.8,333.24426408004217,13596.37,Non-Billable
89,3,10,2024-01-04,35.5,246.99098521619942,8768.18,Billable
90,3,6,2024-02-04,64.2,311.18528947223797,19978.1,Non-Billable
91,3,3,2024-02-04,65.2,356.50515929852793,23244.14,Non-Billable
92,3,12,2024-02-04,33.1,155.80836121681995,5157.26,Non-Billable
93,3,5,2024-02-04,29.9,333.24426408004217,9964.0,Non-Billable
94,3,10,2024-02-04,77.5,246.99098521619942,19141.8,Non-Billable
95,3,6,2024-03-04,33.3,311.18528947223797,10362.47,Non-Billable
96,3,3,2024-03-04,74.2,356.50515929852793,26452.68,Billable
97,3,12,2024-03-04,58.9,155.80836121681995,9177.11,Billable
98,3,10,2024-03-04,15.9,246.99098521619942,3927.16,Non-Billable
99,3,6,2024-04-04,65.4,311.18528947223797,20351.52,Billable
100,3,3,2024-04-04,68.0,356.50515929852793,24242.35,Non-Billable
101,3,12,2024-04-04,73.9,155.80836121681995,11514.24,Billable
102,3,5,2024-04-04,39.6,333.24426408004217,13196.47,Billable
103,3,6,2024-05-04,76.6,311.18528947223797,23836.79,Billable
104,3,3,2024-05-04,44.0,356.50515929852793,15686.23,Billable
105,3,12,2024-05-04,20.8,155.80836121681995,3240.81,Billable
106,3,5,2024-05-04,17.1,333.24426408004217,5698.48,Non-Billable
107,3,10,2024-05-04,71.9,246.99098521619942,17758.65,Billable
108,3,6,2024-06-04,71.3,311.18528947223797,22187.51,Non-Billable
109,3,12,2024-06-04,21.4,155.80836121681995,3334.3,Non-Billable
110,3,5,2024-06-04,66.6,333.24426408004217,22194.07,Billable
111,3,10,2024-06-04,13.1,246.99098521619942,3235.58,Billable
112,3,6,2024-07-04,26.6,311.18528947223797,8277.53,Billable
113,3,3,2024-07-04,62.7,356.50515929852793,22352.87,Billable
114,3,10,2024-07-04,64.9,246.99098521619942,16029.71,Billable
115,3,6,2024-08-04,76.3,311.18528947223797,23743.44,Billable
116,3,3,2024-08-04,29.7,356.50515929852793,10588.2,Billable
117,3,12,2024-08-04,39.3,155.80836121681995,6123.27,Billable
118,3,5,2024-08-04,66.1,333.24426408004217,22027.45,Billable
119,3,10,2024-08-04,13.7,246.99098521619942,3383.78,Billable
120,3,6,2024-09-04,48.8,311.18528947223797,15185.84,Billable
121,3,3,2024-09-04,46.1,356.50515929852793,16434.89,Billable
122,3,5,2024-09-04,29.1,333.24426408004217,9697.41,Non-Billable
123,3,6,2024-10-04,76.2,311.18528947223797,23712.32,Billable
124,3,3,2024-10-04,71.9,356.50515929852793,25632.72,Billable
125,3,12,2024-10-04,37.8,155.80836121681995,5889.56,Billable
126,3,10,2024-10-04,36.2,246.99098521619942,8941.07,Billable
127,3,6,2024-11-04,16.9,311.18528947223797,5259.03,Non-Billable
128,3,3,2024-11-04,65.4,356.50515929852793,23315.44,Billable
129,3,5,2024-11-04,43.1,333.24426408004217,14362.83,Billable
130,3,10,2024-11-04,42.8,246.99098521619942,10571.21,Non-Billable
131,3,5,2024-12-04,48.4,333.24426408004217,16129.02,Non-Billable
132,3,10,2024-12-04,39.6,246.99098521619942,9780.84,Billable
133,4,2,2022-07-07,53.6,209.86584841970367,11248.81,Billable
134,4,5,2022-08-07,51.8,333.24426408004217,17262.05,Billable
135,4,2,2022-08-07,50.3,209.86584841970367,10556.25,Non-Billable
136,4,5,2022-09-07,53.0,333.24426408004217,17661.95,Billable
137,4,2,2022-09-07,23.1,209.86584841970367,4847.9,Non-Billable
138,4,5,2022-10-07,14.7,333.24426408004217,4898.69,Non-Billable
139,4,2,2022-10-07,65.0,209.86584841970367,13641.28,Non-Billable
140,4,1,2022-10-07,37.3,209.86584841970367,7828.0,Billable
141,4,2,2022-11-07,36.1,209.86584841970367,7576.16,Non-Billable
142,4,5,2022-12-07,34.1,333.24426408004217,11363.63,Non-Billable
143,4,2,2022-12-07,17.3,209.86584841970367,3630.68,Non-Billable
144,4,1,2022-12-07,33.3,209.86584841970367,6988.53,Billable
145,4,5,2023-01-07,33.7,333.24426408004217,11230.33,Non-Billable
146,4,1,2023-01-07,42.5,209.86584841970367,8919.3,Non-Billable
147,4,5,2023-02-07,22.8,333.24426408004217,7597.97,Billable
148,4,1,2023-02-07,42.0,209.86584841970367,8814.37,Billable
149,4,2,2023-03-07,72.0,209.86584841970367,15110.34,Billable
150,4,1,2023-03-07,46.1,209.86584841970367,9674.82,Non-Billable
151,4,5,2023-04-07,12.6,333.24426408004217,4198.88,Non-Billable
152,4,1,2023-04-07,64.7,209.86584841970367,13578.32,Non-Billable
153,4,5,2023-05-07,18.7,333.24426408004217,6231.67,Billable
154,4,2,2023-05-07,38.0,209.86584841970367,7974.9,Billable
155,4,1,2023-05-07,37.1,209.86584841970367,7786.02,Billable
156,4,5,2023-06-07,44.8,333.24426408004217,14929.34,Non-Billable
157,4,5,2023-07-07,40.1,333.24426408004217,13363.09,Billable
158,4,2,2023-07-07,32.5,209.86584841970367,6820.64,Billable
159,4,1,2023-07-07,30.7,209.86584841970367,6442.88,Billable
160,4,5,2023-08-07,39.8,333.24426408004217,13263.12,Non-Billable
161,4,2,2023-08-07,41.3,209.86584841970367,8667.46,Non-Billable
162,4,1,2023-08-07,34.7,209.86584841970367,7282.34,Billable
163,4,2,2023-09-07,76.4,209.86584841970367,16033.75,Billable
164,4,1,2023-09-07,38.4,209.86584841970367,8058.85,Non-Billable
165,4,5,2023-10-07,57.6,333.24426408004217,19194.87,Billable
166,4,1,2023-10-07,64.7,209.86584841970367,13578.32,Billable
167,4,1,2023-11-07,35.4,209.86584841970367,7429.25,Non-Billable
168,4,1,2023-12-07,36.0,209.86584841970367,7555.17,Billable
169,4,5,2024-01-07,50.2,333.24426408004217,16728.86,Non-Billable
170,4,2,2024-01-07,32.0,209.86584841970367,6715.71,Billable
171,4,2,2024-02-07,44.9,209.86584841970367,9422.98,Billable
172,4,1,2024-02-07,18.2,209.86584841970367,3819.56,Billable
173,4,5,2024-03-07,25.0,333.24426408004217,8331.11,Non-Billable
174,4,1,2024-03-07,44.4,209.86584841970367,9318.04,Billable
175,4,5,2024-05-07,79.8,333.24426408004217,26592.89,Non-Billable
176,4,2,2024-05-07,79.1,209.86584841970367,16600.39,Non-Billable
177,4,1,2024-05-07,14.5,209.86584841970367,3043.05,Non-Billable
178,4,5,2024-07-07,59.0,333.24426408004217,19661.41,Billable
179,4,2,2024-07-07,45.6,209.86584841970367,9569.88,Billable
180,4,1,2024-07-07,65.4,209.86584841970367,13725.23,Billable
181,4,5,2024-08-07,11.8,333.24426408004217,3932.28,Non-Billable
182,4,2,2024-08-07,42.7,209.86584841970367,8961.27,Non-Billable
183,4,5,2024-09-07,14.6,333.24426408004217,4865.37,Billable
184,4,2,2024-09-07,60.3,209.86584841970367,12654.91,Non-Billable
185,4,1,2024-09-07,38.7,209.86584841970367,8121.81,Non-Billable
186,4,2,2024-10-07,55.0,209.86584841970367,11542.62,Billable
187,4,1,2024-10-07,46.2,209.86584841970367,9695.8,Billable
188,4,5,2024-11-07,64.6,333.24426408004217,21527.58,Non-Billable
189,4,2,2024-11-07,63.7,209.86584841970367,13368.45,Billable
190,4,1,2024-11-07,73.7,209.86584841970367,15467.11,Billable
191,4,5,2024-12-07,46.3,333.24426408004217,15429.21,Billable
192,4,1,2024-12-07,59.7,209.86584841970367,12528.99,Billable
193,5,5,2024-04-21,53.0,333.24426408004217,17661.95,Billable
194,5,4,2024-04-21,21.8,263.9493860652042,5754.1,Non-Billable
195,5,2,2024-05-21,60.4,209.86584841970367,12675.9,Non-Billable
196,5,5,2024-05-21,74.7,333.24426408004217,24893.35,Billable
197,5,4,2024-05-21,12.0,263.9493860652042,3167.39,Billable
198,5,9,2024-05-21,64.0,496.7566614134116,31792.43,Billable
199,5,2,2024-06-21,63.7,209.86584841970367,13368.45,Billable
200,5,5,2024-06-21,12.1,333.24426408004217,4032.26,Non-Billable
201,5,4,2024-06-21,54.9,263.9493860652042,14490.82,Billable
202,5,9,2024-06-21,66.3,496.7566614134116,32934.97,Non-Billable
203,5,2,2024-07-21,41.7,209.86584841970367,8751.41,Non-Billable
204,5,4,2024-07-21,43.9,263.9493860652042,11587.38,Billable
205,5,9,2024-07-21,20.1,496.7566614134116,9984.81,Non-Billable
206,5,2,2024-08-21,79.2,209.86584841970367,16621.38,Billable
207,5,5,2024-08-21,19.2,333.24426408004217,6398.29,Billable
208,5,4,2024-08-21,17.4,263.9493860652042,4592.72,Billable
209,5,9,2024-08-21,28.7,496.7566614134116,14256.92,Billable
210,5,4,2024-09-21,70.5,263.9493860652042,18608.43,Billable
211,5,2,2024-10-21,21.2,209.86584841970367,4449.16,Billable
212,5,5,2024-10-21,60.5,333.24426408004217,20161.28,Billable
213,5,4,2024-10-21,44.9,263.9493860652042,11851.33,Non-Billable
214,5,9,2024-10-21,71.5,496.7566614134116,35518.1,Billable
215,5,5,2024-11-21,45.4,333.24426408004217,15129.29,Billable
216,5,9,2024-11-21,13.5,496.7566614134116,6706.21,Billable
217,5,2,2024-12-21,69.0,209.86584841970367,14480.74,Non-Billable
218,5,5,2024-12-21,47.6,333.24426408004217,15862.43,Billable
219,5,4,2024-12-21,71.8,263.9493860652042,18951.57,Non-Billable
220,5,9,2024-12-21,38.2,496.7566614134116,18976.1,Billable
221,6,1,2024-09-26,15.1,209.86584841970367,3168.97,Non-Billable
222,6,10,2024-09-26,48.5,246.99098521619942,11979.06,Non-Billable
223,6,9,2024-09-26,18.3,496.7566614134116,9090.65,Billable
224,6,4,2024-09-26,65.6,263.9493860652042,17315.08,Billable
225,6,6,2024-09-26,35.6,311.18528947223797,11078.2,Billable
226,6,10,2024-10-26,45.0,246.99098521619942,11114.59,Billable
227,6,4,2024-10-26,66.3,263.9493860652042,17499.84,Non-Billable
228,6,6,2024-10-26,52.4,311.18528947223797,16306.11,Non-Billable
229,6,10,2024-11-26,32.3,246.99098521619942,7977.81,Billable
230,6,9,2024-11-26,61.8,496.7566614134116,30699.56,Billable
231,6,4,2024-11-26,45.5,263.9493860652042,12009.7,Non-Billable
232,6,6,2024-11-26,59.6,311.18528947223797,18546.64,Billable
233,6,1,2024-12-26,11.2,209.86584841970367,2350.5,Billable
234,6,10,2024-12-26,78.6,246.99098521619942,19413.49,Non-Billable
235,6,9,2024-12-26,72.9,496.7566614134116,36213.56,Non-Billable
236,6,4,2024-12-26,51.8,263.9493860652042,13672.58,Billable
237,6,6,2024-12-26,64.8,311.18528947223797,20164.81,Non-Billable
238,7,12,2022-06-06,46.7,155.80836121681995,7276.25,Non-Billable
239,7,1,2022-06-06,68.9,209.86584841970367,14459.76,Billable
240,7,10,2022-06-06,27.0,246.99098521619942,6668.76,Non-Billable
241,7,12,2022-07-06,17.7,155.80836121681995,2757.81,Billable
242,7,1,2022-07-06,39.3,209.86584841970367,8247.73,Billable
243,7,10,2022-07-06,38.7,246.99098521619942,9558.55,Non-Billable
244,7,12,2022-08-06,71.1,155.80836121681995,11077.97,Non-Billable
245,7,1,2022-08-06,59.4,209.86584841970367,12466.03,Non-Billable
246,7,12,2022-09-06,56.4,155.80836121681995,8787.59,Non-Billable
247,7,1,2022-09-06,77.0,209.86584841970367,16159.67,Billable
248,7,10,2022-09-06,34.0,246.99098521619942,8397.69,Billable
249,7,12,2022-10-06,70.7,155.80836121681995,11015.65,Non-Billable
250,7,1,2022-10-06,58.5,209.86584841970367,12277.15,Non-Billable
251,7,10,2022-10-06,77.0,246.99098521619942,19018.31,Billable
252,7,12,2022-11-06,25.7,155.80836121681995,4004.27,Billable
253,7,1,2022-11-06,59.3,209.86584841970367,12445.04,Non-Billable
254,7,10,2022-11-06,32.2,246.99098521619942,7953.11,Billable
255,7,12,2022-12-06,75.4,155.80836121681995,11747.95,Non-Billable
256,8,6,2023-03-14,34.2,311.18528947223797,10642.54,Billable
257,8,3,2023-03-14,62.3,356.50515929852793,22210.27,Billable
258,8,1,2023-03-14,75.3,209.86584841970367,15802.9,Non-Billable
259,8,3,2023-04-14,26.7,356.50515929852793,9518.69,Billable
260,8,5,2023-04-14,47.2,333.24426408004217,15729.13,Non-Billable
261,8,6,2023-05-14,43.1,311.18528947223797,13412.09,Non-Billable
262,8,3,2023-05-14,10.4,356.50515929852793,3707.65,Non-Billable
263,8,5,2023-05-14,21.1,333.24426408004217,7031.45,Non-Billable
264,8,1,2023-05-14,71.5,209.86584841970367,15005.41,Billable
265,8,7,2023-06-14,62.9,209.86584841970367,13200.56,Billable
266,8,6,2023-06-14,55.2,311.18528947223797,17177.43,Billable
267,8,3,2023-06-14,26.3,356.50515929852793,9376.09,Non-Billable
268,8,5,2023-06-14,75.6,333.24426408004217,25193.27,Billable
269,8,1,2023-06-14,68.6,209.86584841970367,14396.8,Billable
270,8,7,2023-07-14,37.8,209.86584841970367,7932.93,Billable
271,8,3,2023-07-14,71.1,356.50515929852793,25347.52,Billable
272,8,5,2023-07-14,10.6,333.24426408004217,3532.39,Non-Billable
273,8,1,2023-07-14,75.0,209.86584841970367,15739.94,Billable
274,8,6,2023-08-14,48.0,311.18528947223797,14936.89,Billable
275,8,3,2023-08-14,19.4,356.50515929852793,6916.2,Non-Billable
276,8,5,2023-08-14,23.5,333.24426408004217,7831.24,Billable
277,8,1,2023-08-14,61.2,209.86584841970367,12843.79,Non-Billable
278,8,3,2023-09-14,65.4,356.50515929852793,23315.44,Non-Billable
279,8,5,2023-09-14,23.5,333.24426408004217,7831.24,Non-Billable
280,8,1,2023-09-14,72.8,209.86584841970367,15278.23,Billable
281,8,7,2023-10-14,16.1,209.86584841970367,3378.84,Non-Billable
282,8,3,2023-10-14,43.4,356.50515929852793,15472.32,Billable
283,8,1,2023-10-14,41.3,209.86584841970367,8667.46,Billable
284,8,7,2023-11-14,31.1,209.86584841970367,6526.83,Non-Billable
285,8,6,2023-11-14,28.3,311.18528947223797,8806.54,Billable
286,8,3,2023-11-14,14.3,356.50515929852793,5098.02,Billable
287,8,5,2023-11-14,21.2,333.24426408004217,7064.78,Non-Billable
288,8,1,2023-11-14,72.7,209.86584841970367,15257.25,Non-Billable
289,9,12,2022-06-17,25.3,155.80836121681995,3941.95,Billable
290,9,2,2022-06-17,41.8,209.86584841970367,8772.39,Non-Billable
291,9,5,2022-06-17,59.1,333.24426408004217,19694.74,Billable
292,9,6,2022-06-17,66.1,311.18528947223797,20569.35,Billable
293,9,12,2022-07-17,57.6,155.80836121681995,8974.56,Non-Billable
294,9,2,2022-07-17,15.7,209.86584841970367,3294.89,Billable
295,9,5,2022-07-17,35.3,333.24426408004217,11763.52,Non-Billable
296,9,12,2022-08-17,73.2,155.80836121681995,11405.17,Billable
297,9,2,2022-08-17,20.5,209.86584841970367,4302.25,Billable
298,9,5,2022-08-17,40.9,333.24426408004217,13629.69,Non-Billable
299,9,12,2022-09-17,16.4,155.80836121681995,2555.26,Non-Billable
300,9,2,2022-09-17,13.9,209.86584841970367,2917.14,Billable
301,9,5,2022-09-17,42.0,333.24426408004217,13996.26,Billable
302,9,6,2022-09-17,57.1,311.18528947223797,17768.68,Billable
303,9,12,2022-10-17,37.7,155.80836121681995,5873.98,Billable
304,9,2,2022-10-17,50.5,209.86584841970367,10598.23,Billable
305,9,5,2022-10-17,59.0,333.24426408004217,19661.41,Non-Billable
306,9,6,2022-10-17,75.4,311.18528947223797,23463.37,Billable
307,9,12,2022-11-17,43.0,155.80836121681995,6699.76,Billable
308,9,2,2022-11-17,63.8,209.86584841970367,13389.44,Non-Billable
309,9,5,2022-11-17,55.2,333.24426408004217,18395.08,Billable
310,9,6,2022-11-17,72.4,311.18528947223797,22529.81,Billable
311,9,12,2022-12-17,73.5,155.80836121681995,11451.91,Billable
312,9,5,2022-12-17,71.2,333.24426408004217,23726.99,Billable
313,9,6,2022-12-17,34.3,311.18528947223797,10673.66,Billable
314,9,12,2023-01-17,37.5,155.80836121681995,5842.81,Billable
315,9,2,2023-01-17,25.6,209.86584841970367,5372.57,Billable
316,9,5,2023-01-17,78.5,333.24426408004217,26159.67,Billable
317,9,6,2023-01-17,48.1,311.18528947223797,14968.01,Non-Billable
318,9,12,2023-02-17,26.1,155.80836121681995,4066.6,Billable
319,9,2,2023-02-17,29.3,209.86584841970367,6149.07,Non-Billable
320,9,5,2023-02-17,12.3,333.24426408004217,4098.9,Non-Billable
321,9,6,2023-02-17,63.6,311.18528947223797,19791.38,Billable
322,10,4,2023-08-03,41.3,263.9493860652042,10901.11,Non-Billable
323,10,2,2023-08-03,13.4,209.86584841970367,2812.2,Non-Billable
324,10,4,2023-09-03,47.8,263.9493860652042,12616.78,Billable
325,10,11,2023-09-03,26.4,210.1115011743209,5546.94,Non-Billable
326,10,4,2023-10-03,50.4,263.9493860652042,13303.05,Non-Billable
327,10,2,2023-10-03,26.6,209.86584841970367,5582.43,Billable
328,10,11,2023-10-03,46.5,210.1115011743209,9770.18,Billable
329,10,4,2023-11-03,14.3,263.9493860652042,3774.48,Non-Billable
330,10,2,2023-11-03,73.8,209.86584841970367,15488.1,Non-Billable
331,10,11,2023-11-03,48.9,210.1115011743209,10274.45,Billable
332,10,4,2023-12-03,75.9,263.9493860652042,20033.76,Non-Billable
333,10,2,2023-12-03,46.7,209.86584841970367,9800.74,Non-Billable
334,10,11,2023-12-03,20.4,210.1115011743209,4286.27,Billable
335,10,2,2024-01-03,26.9,209.86584841970367,5645.39,Billable
336,10,11,2024-01-03,59.5,210.1115011743209,12501.63,Billable
337,11,9,2023-01-08,49.0,496.7566614134116,24341.08,Billable
338,11,7,2023-01-08,27.8,209.86584841970367,5834.27,Billable
339,11,9,2023-02-08,74.6,496.7566614134116,37058.05,Billable
340,11,9,2023-03-08,23.3,496.7566614134116,11574.43,Billable
341,11,7,2023-03-08,52.3,209.86584841970367,10975.98,Billable
342,11,9,2023-04-08,23.2,496.7566614134116,11524.75,Non-Billable
343,11,7,2023-04-08,49.1,209.86584841970367,10304.41,Billable
344,11,7,2023-05-08,31.2,209.86584841970367,6547.81,Billable
345,11,9,2023-07-08,62.3,496.7566614134116,30947.94,Billable
346,11,7,2023-07-08,58.7,209.86584841970367,12319.13,Non-Billable
347,11,7,2023-08-08,48.6,209.86584841970367,10199.48,Billable
348,11,9,2023-09-08,47.4,496.7566614134116,23546.27,Billable
349,11,7,2023-09-08,35.2,209.86584841970367,7387.28,Billable
350,11,9,2023-10-08,66.2,496.7566614134116,32885.29,Non-Billable
351,11,7,2023-10-08,68.8,209.86584841970367,14438.77,Billable
352,11,9,2023-11-08,39.0,496.7566614134116,19373.51,Non-Billable
353,11,7,2023-11-08,61.9,209.86584841970367,12990.7,Billable
354,11,7,2023-12-08,50.5,209.86584841970367,10598.23,Billable
355,11,7,2024-02-08,27.2,209.86584841970367,5708.35,Non-Billable
356,11,9,2024-03-08,57.9,496.7566614134116,28762.21,Billable
357,11,7,2024-03-08,44.2,209.86584841970367,9276.07,Non-Billable
358,11,9,2024-04-08,44.3,496.7566614134116,22006.32,Billable
359,11,7,2024-04-08,34.7,209.86584841970367,7282.34,Billable
360,11,9,2024-05-08,44.2,496.7566614134116,21956.64,Non-Billable
361,11,7,2024-05-08,77.0,209.86584841970367,16159.67,Non-Billable
362,11,7,2024-06-08,76.2,209.86584841970367,15991.78,Non-Billable
363,11,7,2024-08-08,14.8,209.86584841970367,3106.01,Billable
364,11,7,2024-09-08,36.1,209.86584841970367,7576.16,Non-Billable
365,11,9,2024-10-08,75.4,496.7566614134116,37455.45,Billable
366,11,7,2024-10-08,11.1,209.86584841970367,2329.51,Non-Billable
367,11,9,2024-11-08,10.8,496.7566614134116,5364.97,Non-Billable
368,11,7,2024-11-08,47.5,209.86584841970367,9968.63,Billable
369,11,7,2024-12-08,57.2,209.86584841970367,12004.33,Billable
370,12,2,2022-08-15,67.1,209.86584841970367,14082.0,Billable
371,12,9,2022-08-15,15.5,496.7566614134116,7699.73,Billable
372,12,2,2022-09-15,27.0,209.86584841970367,5666.38,Non-Billable
373,12,2,2022-10-15,69.4,209.86584841970367,14564.69,Non-Billable
374,12,9,2022-10-15,55.5,496.7566614134116,27569.99,Billable
375,12,9,2022-11-15,48.7,496.7566614134116,24192.05,Billable
376,12,2,2022-12-15,59.2,209.86584841970367,12424.06,Billable
377,12,9,2022-12-15,40.4,496.7566614134116,20068.97,Billable
378,12,2,2023-01-15,70.1,209.86584841970367,14711.6,Billable
379,12,9,2023-01-15,74.3,496.7566614134116,36909.02,Billable
380,12,9,2023-02-15,72.1,496.7566614134116,35816.16,Billable
381,12,9,2023-03-15,57.9,496.7566614134116,28762.21,Billable
382,12,2,2023-04-15,49.4,209.86584841970367,10367.37,Billable
383,12,2,2023-05-15,11.1,209.86584841970367,2329.51,Billable
384,12,9,2023-05-15,62.7,496.7566614134116,31146.64,Non-Billable
385,12,2,2023-06-15,75.0,209.86584841970367,15739.94,Billable
386,12,9,2023-07-15,37.2,496.7566614134116,18479.35,Non-Billable
387,12,2,2023-08-15,62.9,209.86584841970367,13200.56,Billable
388,12,9,2023-08-15,58.3,496.7566614134116,28960.91,Billable
389,12,2,2023-09-15,78.2,209.86584841970367,16411.51,Billable
390,12,2,2023-11-15,53.0,209.86584841970367,11122.89,Non-Billable
391,12,9,2023-11-15,64.1,496.7566614134116,31842.1,Billable
392,12,2,2023-12-15,64.8,209.86584841970367,13599.31,Billable
393,12,9,2023-12-15,34.9,496.7566614134116,17336.81,Billable
394,12,2,2024-01-15,57.6,209.86584841970367,12088.27,Non-Billable
395,12,9,2024-01-15,64.1,496.7566614134116,31842.1,Billable
396,12,2,2024-02-15,59.9,209.86584841970367,12570.96,Billable
397,12,2,2024-03-15,64.9,209.86584841970367,13620.29,Billable
398,12,9,2024-03-15,32.2,496.7566614134116,15995.56,Billable
399,12,9,2024-04-15,41.1,496.7566614134116,20416.7,Billable
400,12,2,2024-06-15,49.0,209.86584841970367,10283.43,Non-Billable
401,12,9,2024-06-15,11.8,496.7566614134116,5861.73,Billable
402,12,2,2024-07-15,51.8,209.86584841970367,10871.05,Billable
403,12,9,2024-07-15,10.9,496.7566614134116,5414.65,Billable
404,12,2,2024-08-15,15.9,209.86584841970367,3336.87,Non-Billable
405,12,9,2024-08-15,78.5,496.7566614134116,38995.4,Non-Billable
406,12,2,2024-09-15,58.0,209.86584841970367,12172.22,Billable
407,13,2,2022-06-26,35.3,209.86584841970367,7408.26,Billable
408,13,5,2022-07-26,44.7,333.24426408004217,14896.02,Non-Billable
409,13,2,2022-07-26,76.4,209.86584841970367,16033.75,Billable
410,13,5,2022-08-26,36.6,333.24426408004217,12196.74,Billable
411,13,8,2022-08-26,40.1,246.99098521619942,9904.34,Non-Billable
412,13,3,2022-08-26,19.5,356.50515929852793,6951.85,Billable
413,13,2,2022-08-26,58.7,209.86584841970367,12319.13,Billable
414,13,5,2022-09-26,77.5,333.24426408004217,25826.43,Billable
415,13,3,2022-09-26,44.4,356.50515929852793,15828.83,Non-Billable
416,13,2,2022-09-26,32.8,209.86584841970367,6883.6,Billable
417,13,5,2022-10-26,37.5,333.24426408004217,12496.66,Billable
418,13,8,2022-10-26,24.0,246.99098521619942,5927.78,Non-Billable
419,13,2,2022-10-26,11.9,209.86584841970367,2497.4,Non-Billable
420,13,5,2022-11-26,59.6,333.24426408004217,19861.36,Billable
421,13,8,2022-11-26,68.2,246.99098521619942,16844.79,Billable
422,13,3,2022-11-26,65.7,356.50515929852793,23422.39,Billable
423,13,2,2022-11-26,19.7,209.86584841970367,4134.36,Billable
424,13,8,2022-12-26,60.1,246.99098521619942,14844.16,Billable
425,13,2,2022-12-26,43.5,209.86584841970367,9129.16,Billable
426,13,5,2023-01-26,74.6,333.24426408004217,24860.02,Non-Billable
427,13,8,2023-01-26,12.6,246.99098521619942,3112.09,Billable
428,13,3,2023-01-26,66.9,356.50515929852793,23850.2,Non-Billable
429,13,2,2023-01-26,15.9,209.86584841970367,3336.87,Billable
430,13,5,2023-02-26,34.9,333.24426408004217,11630.22,Non-Billable
431,13,8,2023-02-26,49.4,246.99098521619942,12201.35,Non-Billable
432,13,3,2023-02-26,38.0,356.50515929852793,13547.2,Billable
433,13,2,2023-02-26,40.1,209.86584841970367,8415.62,Billable
434,13,3,2023-03-26,49.1,356.50515929852793,17504.4,Non-Billable
435,13,2,2023-03-26,41.2,209.86584841970367,8646.47,Billable
436,13,5,2023-04-26,57.6,333.24426408004217,19194.87,Non-Billable
437,13,8,2023-04-26,34.1,246.99098521619942,8422.39,Billable
438,13,3,2023-04-26,30.7,356.50515929852793,10944.71,Billable
439,13,5,2023-05-26,19.9,333.24426408004217,6631.56,Billable
440,13,8,2023-05-26,64.9,246.99098521619942,16029.71,Non-Billable
441,13,3,2023-05-26,43.3,356.50515929852793,15436.67,Billable
442,13,2,2023-05-26,41.7,209.86584841970367,8751.41,Billable
443,13,5,2023-06-26,66.7,333.24426408004217,22227.39,Billable
444,13,3,2023-06-26,17.7,356.50515929852793,6310.14,Billable
445,13,2,2023-06-26,61.8,209.86584841970367,12969.71,Non-Billable
446,13,3,2023-07-26,77.1,356.50515929852793,27486.55,Billable
447,13,2,2023-07-26,54.1,209.86584841970367,11353.74,Billable
448,13,5,2023-08-26,40.2,333.24426408004217,13396.42,Billable
449,13,8,2023-08-26,71.8,246.99098521619942,17733.95,Billable
450,13,3,2023-08-26,37.2,356.50515929852793,13261.99,Non-Billable
451,13,8,2023-09-26,65.7,246.99098521619942,16227.31,Non-Billable
452,13,2,2023-09-26,23.1,209.86584841970367,4847.9,Billable
453,13,3,2023-10-26,44.3,356.50515929852793,15793.18,Non-Billable
454,13,2,2023-10-26,37.2,209.86584841970367,7807.01,Billable
455,13,5,2023-11-26,34.4,333.24426408004217,11463.6,Billable
456,13,8,2023-11-26,67.0,246.99098521619942,16548.4,Non-Billable
457,13,3,2023-11-26,74.3,356.50515929852793,26488.33,Non-Billable
458,13,3,2023-12-26,22.8,356.50515929852793,8128.32,Non-Billable
459,13,5,2024-01-26,51.7,333.24426408004217,17228.73,Non-Billable
460,13,8,2024-01-26,23.0,246.99098521619942,5680.79,Non-Billable
461,13,3,2024-01-26,74.3,356.50515929852793,26488.33,Billable
462,13,2,2024-01-26,44.3,209.86584841970367,9297.06,Billable
463,13,8,2024-02-26,53.4,246.99098521619942,13189.32,Billable
464,13,3,2024-02-26,43.9,356.50515929852793,15650.58,Billable
465,13,2,2024-02-26,77.5,209.86584841970367,16264.6,Non-Billable
466,13,5,2024-03-26,38.6,333.24426408004217,12863.23,Billable
467,13,8,2024-03-26,68.8,246.99098521619942,16992.98,Billable
468,13,2,2024-03-26,65.7,209.86584841970367,13788.19,Billable
469,14,5,2022-09-20,49.6,333.24426408004217,16528.92,Billable
470,14,4,2022-09-20,17.9,263.9493860652042,4724.69,Billable
471,14,1,2022-10-20,79.4,209.86584841970367,16663.35,Non-Billable
472,14,5,2022-10-20,12.9,333.24426408004217,4298.85,Non-Billable
473,14,4,2022-10-20,25.3,263.9493860652042,6677.92,Billable
474,14,1,2022-11-20,62.6,209.86584841970367,13137.6,Billable
475,14,5,2022-11-20,12.3,333.24426408004217,4098.9,Billable
476,14,4,2022-11-20,67.2,263.9493860652042,17737.4,Billable
477,14,9,2022-11-20,18.2,496.7566614134116,9040.97,Billable
478,14,5,2022-12-20,58.2,333.24426408004217,19394.82,Non-Billable
479,14,4,2022-12-20,40.0,263.9493860652042,10557.98,Non-Billable
480,14,9,2023-01-20,29.7,496.7566614134116,14753.67,Non-Billable
481,14,5,2023-02-20,30.5,333.24426408004217,10163.95,Non-Billable
482,14,9,2023-02-20,79.0,496.7566614134116,39243.78,Non-Billable
483,14,1,2023-03-20,19.5,209.86584841970367,4092.38,Billable
484,14,5,2023-03-20,79.5,333.24426408004217,26492.92,Non-Billable
485,14,9,2023-03-20,27.5,496.7566614134116,13660.81,Non-Billable
486,14,1,2023-04-20,27.3,209.86584841970367,5729.34,Non-Billable
487,14,5,2023-04-20,20.0,333.24426408004217,6664.89,Non-Billable
488,14,9,2023-04-20,41.6,496.7566614134116,20665.08,Non-Billable
489,14,1,2023-05-20,63.8,209.86584841970367,13389.44,Billable
490,14,5,2023-05-20,29.5,333.24426408004217,9830.71,Billable
491,14,4,2023-05-20,44.2,263.9493860652042,11666.56,Non-Billable
492,14,1,2023-06-20,61.3,209.86584841970367,12864.78,Non-Billable
493,14,5,2023-06-20,54.4,333.24426408004217,18128.49,Non-Billable
494,14,4,2023-06-20,14.4,263.9493860652042,3800.87,Non-Billable
495,14,9,2023-06-20,77.8,496.7566614134116,38647.67,Billable
496,14,1,2023-07-20,32.6,209.86584841970367,6841.63,Billable
497,14,5,2023-07-20,50.5,333.24426408004217,16828.84,Non-Billable
498,14,4,2023-07-20,65.2,263.9493860652042,17209.5,Non-Billable
499,14,9,2023-07-20,13.2,496.7566614134116,6557.19,Non-Billable
500,14,1,2023-08-20,42.2,209.86584841970367,8856.34,Billable
501,14,5,2023-08-20,21.1,333.24426408004217,7031.45,Billable
502,14,9,2023-08-20,24.2,496.7566614134116,12021.51,Non-Billable
503,14,1,2023-09-20,71.8,209.86584841970367,15068.37,Billable
504,14,4,2023-09-20,29.2,263.9493860652042,7707.32,Non-Billable
505,14,9,2023-09-20,15.8,496.7566614134116,7848.76,Non-Billable
506,14,1,2023-10-20,21.6,209.86584841970367,4533.1,Billable
507,14,5,2023-10-20,60.8,333.24426408004217,20261.25,Billable
508,14,4,2023-10-20,16.4,263.9493860652042,4328.77,Billable
509,14,1,2023-11-20,19.3,209.86584841970367,4050.41,Billable
510,14,5,2023-11-20,41.2,333.24426408004217,13729.66,Billable
511,14,4,2023-11-20,67.2,263.9493860652042,17737.4,Billable
512,14,9,2023-11-20,43.4,496.7566614134116,21559.24,Billable
513,14,1,2023-12-20,61.2,209.86584841970367,12843.79,Billable
514,14,4,2023-12-20,30.9,263.9493860652042,8156.04,Billable
515,14,9,2023-12-20,62.7,496.7566614134116,31146.64,Billable
516,14,1,2024-01-20,57.4,209.86584841970367,12046.3,Billable
517,14,5,2024-01-20,10.6,333.24426408004217,3532.39,Non-Billable
518,14,9,2024-01-20,24.9,496.7566614134116,12369.24,Non-Billable
519,14,5,2024-02-20,58.1,333.24426408004217,19361.49,Billable
520,14,1,2024-03-20,51.3,209.86584841970367,10766.12,Billable
521,14,5,2024-03-20,40.1,333.24426408004217,13363.09,Billable
522,14,9,2024-03-20,27.4,496.7566614134116,13611.13,Non-Billable
523,14,1,2024-04-20,52.5,209.86584841970367,11017.96,Non-Billable
524,14,4,2024-04-20,71.3,263.9493860652042,18819.59,Billable
525,14,9,2024-04-20,45.7,496.7566614134116,22701.78,Non-Billable
526,14,1,2024-05-20,55.2,209.86584841970367,11584.59,Billable
527,14,5,2024-05-20,17.9,333.24426408004217,5965.07,Billable
528,14,4,2024-05-20,15.0,263.9493860652042,3959.24,Billable
529,14,9,2024-05-20,75.4,496.7566614134116,37455.45,Billable
530,14,1,2024-06-20,68.7,209.86584841970367,14417.78,Billable
531,14,5,2024-06-20,57.8,333.24426408004217,19261.52,Billable
532,14,4,2024-06-20,63.9,263.9493860652042,16866.37,Billable
533,14,9,2024-06-20,11.0,496.7566614134116,5464.32,Billable
534,14,4,2024-07-20,45.5,263.9493860652042,12009.7,Non-Billable
535,14,9,2024-07-20,63.7,496.7566614134116,31643.4,Billable
536,14,1,2024-08-20,15.8,209.86584841970367,3315.88,Non-Billable
537,14,5,2024-08-20,20.7,333.24426408004217,6898.16,Billable
538,14,4,2024-08-20,45.8,263.9493860652042,12088.88,Billable
539,14,9,2024-08-20,20.9,496.7566614134116,10382.21,Billable
540,14,1,2024-09-20,54.4,209.86584841970367,11416.7,Non-Billable
541,14,5,2024-09-20,14.6,333.24426408004217,4865.37,Non-Billable
542,14,4,2024-09-20,76.7,263.9493860652042,20244.92,Billable
543,14,5,2024-10-20,41.7,333.24426408004217,13896.29,Non-Billable
544,14,9,2024-10-20,56.1,496.7566614134116,27868.05,Billable
545,14,5,2024-11-20,59.1,333.24426408004217,19694.74,Billable
546,14,4,2024-11-20,34.3,263.9493860652042,9053.46,Non-Billable
547,14,9,2024-11-20,60.5,496.7566614134116,30053.78,Billable
548,14,1,2024-12-20,62.5,209.86584841970367,13116.62,Billable
549,14,5,2024-12-20,18.3,333.24426408004217,6098.37,Billable
550,14,4,2024-12-20,40.1,263.9493860652042,10584.37,Non-Billable
551,15,8,2024-12-06,13.9,246.99098521619942,3433.17,Non-Billable
552,16,5,2024-11-21,18.1,333.24426408004217,6031.72,Non-Billable
553,16,2,2024-11-21,13.1,209.86584841970367,2749.24,Billable
554,16,5,2024-12-21,36.8,333.24426408004217,12263.39,Billable
555,16,10,2024-12-21,12.5,246.99098521619942,3087.39,Non-Billable
556,17,12,2023-04-25,45.1,155.80836121681995,7026.96,Billable
557,17,11,2023-04-25,78.7,210.1115011743209,16535.78,Billable
558,17,6,2023-05-25,29.8,311.18528947223797,9273.32,Billable
559,17,12,2023-05-25,48.7,155.80836121681995,7587.87,Billable
560,17,7,2023-05-25,30.4,209.86584841970367,6379.92,Billable
561,17,11,2023-05-25,27.0,210.1115011743209,5673.01,Billable
562,17,4,2023-06-25,44.5,263.9493860652042,11745.75,Billable
563,17,6,2023-06-25,48.3,311.18528947223797,15030.25,Billable
564,17,7,2023-06-25,11.7,209.86584841970367,2455.43,Non-Billable
565,17,11,2023-06-25,68.8,210.1115011743209,14455.67,Billable
566,17,4,2023-07-25,10.1,263.9493860652042,2665.89,Non-Billable
567,17,6,2023-07-25,61.7,311.18528947223797,19200.13,Billable
568,17,7,2023-07-25,26.7,209.86584841970367,5603.42,Billable
569,17,11,2023-07-25,78.1,210.1115011743209,16409.71,Billable
570,17,4,2023-08-25,16.5,263.9493860652042,4355.16,Billable
571,17,6,2023-08-25,46.4,311.18528947223797,14439.0,Non-Billable
572,17,12,2023-08-25,42.1,155.80836121681995,6559.53,Non-Billable
573,17,6,2023-09-25,15.2,311.18528947223797,4730.02,Non-Billable
574,17,7,2023-09-25,19.1,209.86584841970367,4008.44,Billable
575,17,4,2023-10-25,66.1,263.9493860652042,17447.05,Non-Billable
576,17,6,2023-10-25,32.8,311.18528947223797,10206.88,Billable
577,17,4,2023-11-25,50.9,263.9493860652042,13435.02,Billable
578,17,12,2023-11-25,32.0,155.80836121681995,4985.87,Billable
579,17,7,2023-11-25,77.5,209.86584841970367,16264.6,Billable
580,17,11,2023-11-25,42.4,210.1115011743209,8908.73,Billable
581,17,6,2023-12-25,31.3,311.18528947223797,9740.1,Non-Billable
582,17,12,2023-12-25,12.8,155.80836121681995,1994.35,Billable
583,17,11,2023-12-25,77.8,210.1115011743209,16346.67,Billable
584,17,4,2024-01-25,57.4,263.9493860652042,15150.69,Billable
585,17,6,2024-01-25,22.2,311.18528947223797,6908.31,Billable
586,17,12,2024-01-25,48.9,155.80836121681995,7619.03,Non-Billable
587,17,11,2024-01-25,66.3,210.1115011743209,13930.39,Billable
588,17,12,2024-02-25,25.6,155.80836121681995,3988.69,Billable
589,17,7,2024-02-25,36.1,209.86584841970367,7576.16,Non-Billable
590,17,11,2024-02-25,15.9,210.1115011743209,3340.77,Non-Billable
591,17,6,2024-03-25,11.5,311.18528947223797,3578.63,Billable
592,17,7,2024-03-25,66.7,209.86584841970367,13998.05,Billable
593,17,11,2024-03-25,68.1,210.1115011743209,14308.59,Billable
594,17,6,2024-04-25,13.5,311.18528947223797,4201.0,Non-Billable
595,17,12,2024-04-25,60.7,155.80836121681995,9457.57,Billable
596,17,11,2024-04-25,22.1,210.1115011743209,4643.46,Billable
597,17,4,2024-05-25,29.2,263.9493860652042,7707.32,Billable
598,17,6,2024-05-25,12.4,311.18528947223797,3858.7,Non-Billable
599,17,12,2024-05-25,55.3,155.80836121681995,8616.2,Billable
600,17,7,2024-05-25,48.5,209.86584841970367,10178.49,Billable
601,17,4,2024-06-25,39.3,263.9493860652042,10373.21,Non-Billable
602,17,6,2024-06-25,46.8,311.18528947223797,14563.47,Non-Billable
603,17,12,2024-06-25,48.1,155.80836121681995,7494.38,Billable
604,17,7,2024-06-25,64.7,209.86584841970367,13578.32,Billable
605,17,11,2024-06-25,64.7,210.1115011743209,13594.21,Billable
606,17,4,2024-07-25,45.2,263.9493860652042,11930.51,Billable
607,17,7,2024-07-25,12.1,209.86584841970367,2539.38,Billable
608,17,4,2024-08-25,47.1,263.9493860652042,12432.02,Non-Billable
609,17,6,2024-08-25,78.2,311.18528947223797,24334.69,Billable
610,17,11,2024-08-25,65.4,210.1115011743209,13741.29,Non-Billable
611,17,6,2024-09-25,25.4,311.18528947223797,7904.11,Billable
612,17,12,2024-09-25,68.7,155.80836121681995,10704.03,Billable
613,17,11,2024-09-25,66.4,210.1115011743209,13951.4,Non-Billable
614,17,4,2024-10-25,51.4,263.9493860652042,13567.0,Non-Billable
615,17,6,2024-10-25,76.3,311.18528947223797,23743.44,Non-Billable
616,17,7,2024-10-25,68.6,209.86584841970367,14396.8,Billable
617,17,11,2024-10-25,22.3,210.1115011743209,4685.49,Billable
618,17,7,2024-11-25,10.0,209.86584841970367,2098.66,Non-Billable
619,17,6,2024-12-25,74.3,311.18528947223797,23121.07,Billable
620,17,11,2024-12-25,19.9,210.1115011743209,4181.22,Billable
621,18,2,2023-10-07,32.6,209.86584841970367,6841.63,Billable
622,18,6,2023-10-07,40.6,311.18528947223797,12634.12,Non-Billable
623,18,7,2023-10-07,55.4,209.86584841970367,11626.57,Billable
624,18,12,2023-10-07,49.3,155.80836121681995,7681.35,Non-Billable
625,18,2,2023-11-07,25.6,209.86584841970367,5372.57,Non-Billable
626,18,6,2023-11-07,36.5,311.18528947223797,11358.26,Non-Billable
627,18,7,2023-11-07,18.9,209.86584841970367,3966.46,Non-Billable
628,18,2,2023-12-07,50.1,209.86584841970367,10514.28,Non-Billable
629,18,7,2023-12-07,74.5,209.86584841970367,15635.01,Non-Billable
630,18,2,2024-01-07,75.6,209.86584841970367,15865.86,Billable
631,18,6,2024-01-07,15.4,311.18528947223797,4792.25,Billable
632,18,7,2024-01-07,21.8,209.86584841970367,4575.08,Billable
633,18,12,2024-01-07,56.9,155.80836121681995,8865.5,Non-Billable
634,18,2,2024-02-07,41.3,209.86584841970367,8667.46,Billable
635,18,7,2024-02-07,34.5,209.86584841970367,7240.37,Billable
636,18,12,2024-02-07,13.4,155.80836121681995,2087.83,Billable
637,18,2,2024-03-07,77.8,209.86584841970367,16327.56,Billable
638,18,6,2024-03-07,36.5,311.18528947223797,11358.26,Non-Billable
639,18,7,2024-03-07,68.0,209.86584841970367,14270.88,Non-Billable
640,18,12,2024-03-07,58.1,155.80836121681995,9052.47,Billable
641,18,2,2024-04-07,65.9,209.86584841970367,13830.16,Billable
642,18,7,2024-04-07,76.6,209.86584841970367,16075.72,Billable
643,18,12,2024-04-07,72.2,155.80836121681995,11249.36,Billable
644,18,2,2024-05-07,48.3,209.86584841970367,10136.52,Billable
645,18,6,2024-05-07,79.0,311.18528947223797,24583.64,Billable
646,18,7,2024-05-07,40.2,209.86584841970367,8436.61,Non-Billable
647,18,2,2024-06-07,21.0,209.86584841970367,4407.18,Billable
648,18,6,2024-06-07,78.2,311.18528947223797,24334.69,Billable
649,18,7,2024-06-07,60.5,209.86584841970367,12696.88,Non-Billable
650,18,12,2024-06-07,56.2,155.80836121681995,8756.43,Billable
651,18,7,2024-07-07,68.8,209.86584841970367,14438.77,Billable
652,18,7,2024-08-07,53.8,209.86584841970367,11290.78,Billable
653,18,2,2024-10-07,31.6,209.86584841970367,6631.76,Billable
654,18,6,2024-10-07,72.6,311.18528947223797,22592.05,Billable
655,18,12,2024-10-07,22.9,155.80836121681995,3568.01,Billable
656,18,2,2024-11-07,41.2,209.86584841970367,8646.47,Billable
657,18,6,2024-11-07,28.4,311.18528947223797,8837.66,Billable
658,18,7,2024-11-07,20.6,209.86584841970367,4323.24,Non-Billable
659,18,12,2024-11-07,16.0,155.80836121681995,2492.93,Billable
660,18,2,2024-12-07,39.0,209.86584841970367,8184.77,Non-Billable
661,18,12,2024-12-07,46.6,155.80836121681995,7260.67,Non-Billable
662,19,10,2024-07-30,69.8,246.99098521619942,17239.97,Billable
663,19,4,2024-07-30,73.0,263.9493860652042,19268.31,Non-Billable
664,19,8,2024-07-30,53.4,246.99098521619942,13189.32,Billable
665,19,5,2024-07-30,41.4,333.24426408004217,13796.31,Billable
666,19,2,2024-07-30,66.6,209.86584841970367,13977.07,Billable
667,19,8,2024-08-30,24.1,246.99098521619942,5952.48,Non-Billable
668,19,2,2024-08-30,32.4,209.86584841970367,6799.65,Non-Billable
669,19,10,2024-09-30,14.7,246.99098521619942,3630.77,Billable
670,19,4,2024-09-30,48.6,263.9493860652042,12827.94,Billable
671,19,8,2024-09-30,74.2,246.99098521619942,18326.73,Billable
672,19,5,2024-09-30,53.6,333.24426408004217,17861.89,Non-Billable
673,19,2,2024-09-30,17.9,209.86584841970367,3756.6,Billable
674,19,4,2024-10-30,63.1,263.9493860652042,16655.21,Billable
675,19,8,2024-10-30,49.4,246.99098521619942,12201.35,Billable
676,19,5,2024-10-30,70.7,333.24426408004217,23560.37,Billable
677,19,2,2024-10-30,28.5,209.86584841970367,5981.18,Non-Billable
678,19,10,2024-11-30,52.6,246.99098521619942,12991.73,Billable
679,19,8,2024-11-30,53.3,246.99098521619942,13164.62,Non-Billable
680,19,5,2024-11-30,12.7,333.24426408004217,4232.2,Billable
681,19,2,2024-11-30,13.5,209.86584841970367,2833.19,Billable
682,19,10,2024-12-30,72.8,246.99098521619942,17980.94,Billable
683,19,4,2024-12-30,65.6,263.9493860652042,17315.08,Billable
684,19,5,2024-12-30,58.7,333.24426408004217,19561.44,Billable
685,19,2,2024-12-30,26.0,209.86584841970367,5456.51,Billable
686,20,6,2024-08-24,73.9,311.18528947223797,22996.59,Billable
687,20,5,2024-08-24,63.2,333.24426408004217,21061.04,Billable
688,20,7,2024-08-24,46.1,209.86584841970367,9674.82,Billable
689,20,4,2024-08-24,38.2,263.9493860652042,10082.87,Non-Billable
690,20,6,2024-09-24,12.0,311.18528947223797,3734.22,Billable
691,20,5,2024-09-24,24.1,333.24426408004217,8031.19,Billable
692,20,2,2024-09-24,74.3,209.86584841970367,15593.03,Non-Billable
693,20,6,2024-10-24,42.5,311.18528947223797,13225.37,Billable
694,20,5,2024-10-24,18.7,333.24426408004217,6231.67,Billable
695,20,2,2024-10-24,41.2,209.86584841970367,8646.47,Billable
696,20,4,2024-10-24,34.5,263.9493860652042,9106.25,Billable
697,20,6,2024-11-24,28.1,311.18528947223797,8744.31,Non-Billable
698,20,4,2024-11-24,64.6,263.9493860652042,17051.13,Billable
699,20,6,2024-12-24,55.3,311.18528947223797,17208.55,Non-Billable
700,20,7,2024-12-24,45.9,209.86584841970367,9632.84,Non-Billable
701,20,4,2024-12-24,55.3,263.9493860652042,14596.4,Non-Billable
702,21,4,2023-04-18,76.0,263.9493860652042,20060.15,Non-Billable
703,21,5,2023-04-18,55.0,333.24426408004217,18328.43,Billable
704,21,4,2023-05-18,69.6,263.9493860652042,18370.88,Billable
705,21,4,2023-06-18,57.4,263.9493860652042,15150.69,Non-Billable
706,21,5,2023-06-18,17.2,333.24426408004217,5731.8,Non-Billable
707,21,4,2023-07-18,77.7,263.9493860652042,20508.87,Billable
708,21,5,2023-07-18,51.6,333.24426408004217,17195.4,Billable
709,21,5,2023-09-18,54.8,333.24426408004217,18261.79,Billable
710,21,5,2023-10-18,72.5,333.24426408004217,24160.21,Billable
711,21,5,2023-11-18,26.8,333.24426408004217,8930.95,Billable
712,21,4,2023-12-18,66.2,263.9493860652042,17473.45,Non-Billable
713,21,5,2023-12-18,32.4,333.24426408004217,10797.11,Billable
714,21,4,2024-01-18,55.9,263.9493860652042,14754.77,Billable
715,21,4,2024-02-18,37.2,263.9493860652042,9818.92,Billable
716,21,5,2024-02-18,79.6,333.24426408004217,26526.24,Billable
717,21,4,2024-03-18,59.9,263.9493860652042,15810.57,Non-Billable
718,21,5,2024-03-18,64.9,333.24426408004217,21627.55,Non-Billable
719,21,4,2024-04-18,31.0,263.9493860652042,8182.43,Billable
720,21,5,2024-04-18,71.4,333.24426408004217,23793.64,Billable
721,21,5,2024-05-18,61.9,333.24426408004217,20627.82,Non-Billable
722,21,4,2024-06-18,63.4,263.9493860652042,16734.39,Billable
723,21,5,2024-06-18,73.0,333.24426408004217,24326.83,Non-Billable
724,21,5,2024-07-18,62.1,333.24426408004217,20694.47,Billable
725,21,4,2024-08-18,72.1,263.9493860652042,19030.75,Billable
726,21,5,2024-09-18,42.9,333.24426408004217,14296.18,Non-Billable
727,21,4,2024-10-18,76.1,263.9493860652042,20086.55,Billable
728,21,5,2024-10-18,23.6,333.24426408004217,7864.56,Billable
729,21,4,2024-11-18,36.7,263.9493860652042,9686.94,Billable
730,21,5,2024-11-18,71.0,333.24426408004217,23660.34,Billable
731,22,10,2022-04-18,44.1,246.99098521619942,10892.3,Non-Billable
732,22,8,2022-04-18,31.9,246.99098521619942,7879.01,Billable
733,22,12,2022-04-18,21.8,155.80836121681995,3396.62,Billable
734,22,10,2022-05-18,63.4,246.99098521619942,15659.23,Billable
735,22,3,2022-05-18,40.1,356.50515929852793,14295.86,Billable
736,22,6,2022-05-18,36.8,311.18528947223797,11451.62,Billable
737,22,12,2022-05-18,61.1,155.80836121681995,9519.89,Billable
738,22,10,2022-06-18,63.0,246.99098521619942,15560.43,Non-Billable
739,22,3,2022-06-18,53.9,356.50515929852793,19215.63,Billable
740,22,12,2022-06-18,31.8,155.80836121681995,4954.71,Billable
741,22,10,2022-07-18,51.2,246.99098521619942,12645.94,Billable
742,22,6,2022-07-18,41.9,311.18528947223797,13038.66,Non-Billable
743,22,12,2022-07-18,33.6,155.80836121681995,5235.16,Non-Billable
744,22,10,2022-08-18,34.0,246.99098521619942,8397.69,Billable
745,22,8,2022-08-18,23.2,246.99098521619942,5730.19,Billable
746,22,12,2022-08-18,24.8,155.80836121681995,3864.05,Billable
747,22,10,2022-09-18,21.8,246.99098521619942,5384.4,Billable
748,22,8,2022-09-18,65.4,246.99098521619942,16153.21,Billable
749,22,3,2022-09-18,27.9,356.50515929852793,9946.49,Non-Billable
750,22,6,2022-09-18,51.6,311.18528947223797,16057.16,Billable
751,22,12,2022-09-18,55.7,155.80836121681995,8678.53,Billable
752,22,3,2022-10-18,18.7,356.50515929852793,6666.65,Billable
753,22,6,2022-10-18,20.7,311.18528947223797,6441.54,Non-Billable
754,22,12,2022-10-18,10.7,155.80836121681995,1667.15,Billable
755,22,10,2022-11-18,56.4,246.99098521619942,13930.29,Billable
756,22,8,2022-11-18,59.1,246.99098521619942,14597.17,Billable
757,22,3,2022-11-18,17.3,356.50515929852793,6167.54,Non-Billable
758,22,6,2022-11-18,29.8,311.18528947223797,9273.32,Billable
759,22,12,2022-11-18,52.6,155.80836121681995,8195.52,Billable
760,22,10,2022-12-18,78.1,246.99098521619942,19290.0,Billable
761,22,8,2022-12-18,30.7,246.99098521619942,7582.62,Billable
762,22,3,2022-12-18,73.7,356.50515929852793,26274.43,Non-Billable
763,22,6,2022-12-18,33.1,311.18528947223797,10300.23,Billable
764,23,2,2023-08-11,20.4,209.86584841970367,4281.26,Billable
765,23,10,2023-08-11,15.3,246.99098521619942,3778.96,Non-Billable
766,23,10,2023-10-11,30.7,246.99098521619942,7582.62,Billable
767,23,10,2023-11-11,71.2,246.99098521619942,17585.76,Billable
768,23,2,2023-12-11,57.4,209.86584841970367,12046.3,Billable
769,23,10,2023-12-11,16.6,246.99098521619942,4100.05,Billable
770,23,2,2024-02-11,33.0,209.86584841970367,6925.57,Billable
771,23,10,2024-02-11,28.8,246.99098521619942,7113.34,Non-Billable
772,23,10,2024-03-11,22.8,246.99098521619942,5631.39,Billable
773,23,2,2024-04-11,42.0,209.86584841970367,8814.37,Billable
774,23,10,2024-04-11,43.5,246.99098521619942,10744.11,Billable
775,24,2,2023-05-01,69.1,209.86584841970367,14501.73,Billable
776,24,3,2023-05-01,51.4,356.50515929852793,18324.37,Non-Billable
777,24,1,2023-05-01,22.7,209.86584841970367,4763.95,Billable
778,24,2,2023-06-01,52.8,209.86584841970367,11080.92,Non-Billable
779,24,3,2023-06-01,60.9,356.50515929852793,21711.16,Billable
780,24,1,2023-06-01,44.2,209.86584841970367,9276.07,Billable
781,24,2,2023-07-01,14.4,209.86584841970367,3022.07,Non-Billable
782,24,3,2023-07-01,59.3,356.50515929852793,21140.76,Non-Billable
783,24,1,2023-07-01,62.1,209.86584841970367,13032.67,Non-Billable
784,24,2,2023-08-01,78.5,209.86584841970367,16474.47,Non-Billable
785,24,3,2023-08-01,46.3,356.50515929852793,16506.19,Non-Billable
786,24,1,2023-08-01,16.7,209.86584841970367,3504.76,Non-Billable
787,24,2,2023-09-01,43.7,209.86584841970367,9171.14,Non-Billable
788,24,3,2023-09-01,36.9,356.50515929852793,13155.04,Non-Billable
789,24,1,2023-09-01,52.9,209.86584841970367,11101.9,Billable
790,24,2,2023-10-01,21.0,209.86584841970367,4407.18,Billable
791,24,3,2023-10-01,70.9,356.50515929852793,25276.22,Billable
792,24,1,2023-10-01,32.4,209.86584841970367,6799.65,Billable
793,24,2,2023-11-01,13.5,209.86584841970367,2833.19,Billable
794,24,3,2023-11-01,36.5,356.50515929852793,13012.44,Billable
795,24,2,2023-12-01,50.1,209.86584841970367,10514.28,Billable
796,24,3,2023-12-01,41.3,356.50515929852793,14723.66,Billable
797,24,1,2023-12-01,62.2,209.86584841970367,13053.66,Billable
798,24,3,2024-01-01,49.0,356.50515929852793,17468.75,Billable
799,24,1,2024-01-01,65.4,209.86584841970367,13725.23,Non-Billable
800,25,9,2022-07-02,35.4,496.7566614134116,17585.19,Billable
801,25,12,2022-07-02,69.1,155.80836121681995,10766.36,Billable
802,25,4,2022-07-02,53.4,263.9493860652042,14094.9,Billable
803,25,8,2022-07-02,35.4,246.99098521619942,8743.48,Billable
804,25,12,2022-08-02,25.5,155.80836121681995,3973.11,Billable
805,25,4,2022-08-02,54.4,263.9493860652042,14358.85,Billable
806,25,8,2022-08-02,36.2,246.99098521619942,8941.07,Billable
807,25,8,2022-09-02,60.5,246.99098521619942,14942.95,Billable
808,25,8,2022-10-02,25.1,246.99098521619942,6199.47,Billable
809,25,9,2022-11-02,17.5,496.7566614134116,8693.24,Billable
810,25,4,2022-11-02,57.0,263.9493860652042,15045.12,Billable
811,25,8,2022-11-02,41.5,246.99098521619942,10250.13,Non-Billable
812,25,9,2022-12-02,45.3,496.7566614134116,22503.08,Billable
813,25,4,2022-12-02,48.7,263.9493860652042,12854.34,Billable
814,25,8,2022-12-02,43.8,246.99098521619942,10818.21,Non-Billable
815,25,9,2023-01-02,73.7,496.7566614134116,36610.97,Non-Billable
816,25,12,2023-01-02,61.1,155.80836121681995,9519.89,Billable
817,25,8,2023-01-02,52.4,246.99098521619942,12942.33,Billable
818,25,9,2023-02-02,36.9,496.7566614134116,18330.32,Non-Billable
819,25,12,2023-02-02,63.4,155.80836121681995,9878.25,Billable
820,25,4,2023-02-02,34.0,263.9493860652042,8974.28,Billable
821,25,8,2023-02-02,19.3,246.99098521619942,4766.93,Billable
822,25,9,2023-03-02,72.1,496.7566614134116,35816.16,Non-Billable
823,25,4,2023-03-02,70.2,263.9493860652042,18529.25,Non-Billable
824,25,8,2023-03-02,48.8,246.99098521619942,12053.16,Billable
825,25,12,2023-04-02,30.3,155.80836121681995,4720.99,Billable
826,25,4,2023-04-02,19.3,263.9493860652042,5094.22,Non-Billable
827,25,8,2023-04-02,77.1,246.99098521619942,19043.0,Non-Billable
828,25,9,2023-05-02,54.6,496.7566614134116,27122.91,Non-Billable
829,25,4,2023-05-02,43.6,263.9493860652042,11508.19,Non-Billable
830,25,8,2023-05-02,59.7,246.99098521619942,14745.36,Non-Billable
831,25,9,2023-06-02,68.9,496.7566614134116,34226.53,Billable
832,25,12,2023-06-02,39.6,155.80836121681995,6170.01,Billable
833,25,4,2023-06-02,11.8,263.9493860652042,3114.6,Billable
834,25,4,2023-07-02,78.8,263.9493860652042,20799.21,Non-Billable
835,25,9,2023-08-02,58.3,496.7566614134116,28960.91,Billable
836,25,4,2023-08-02,35.1,263.9493860652042,9264.62,Billable
837,25,9,2023-09-02,61.8,496.7566614134116,30699.56,Billable
838,25,12,2023-09-02,49.3,155.80836121681995,7681.35,Billable
839,25,4,2023-09-02,65.8,263.9493860652042,17367.87,Non-Billable
840,25,9,2023-10-02,74.9,496.7566614134116,37207.07,Billable
841,25,12,2023-10-02,65.2,155.80836121681995,10158.71,Non-Billable
842,25,4,2023-10-02,48.6,263.9493860652042,12827.94,Billable
843,25,8,2023-10-02,24.2,246.99098521619942,5977.18,Billable
844,25,9,2023-11-02,73.8,496.7566614134116,36660.64,Non-Billable
845,25,12,2023-11-02,35.7,155.80836121681995,5562.36,Non-Billable
846,25,4,2023-11-02,52.2,263.9493860652042,13778.16,Non-Billable
847,25,8,2023-11-02,30.6,246.99098521619942,7557.92,Billable
848,25,9,2023-12-02,15.2,496.7566614134116,7550.7,Billable
849,25,12,2023-12-02,18.4,155.80836121681995,2866.87,Billable
850,25,4,2023-12-02,49.0,263.9493860652042,12933.52,Billable
851,25,9,2024-01-02,10.4,496.7566614134116,5166.27,Billable
852,25,12,2024-01-02,20.8,155.80836121681995,3240.81,Billable
853,25,4,2024-01-02,51.8,263.9493860652042,13672.58,Non-Billable
854,25,8,2024-01-02,56.3,246.99098521619942,13905.59,Billable
855,25,9,2024-02-02,48.5,496.7566614134116,24092.7,Billable
856,25,12,2024-02-02,32.3,155.80836121681995,5032.61,Billable
857,25,4,2024-02-02,46.4,263.9493860652042,12247.25,Non-Billable
858,25,9,2024-03-02,38.2,496.7566614134116,18976.1,Billable
859,25,8,2024-03-02,35.3,246.99098521619942,8718.78,Billable
860,25,9,2024-04-02,53.3,496.7566614134116,26477.13,Billable
861,25,12,2024-04-02,67.7,155.80836121681995,10548.23,Non-Billable
862,25,8,2024-04-02,41.2,246.99098521619942,10176.03,Non-Billable
863,25,9,2024-05-02,53.5,496.7566614134116,26576.48,Billable
864,25,12,2024-05-02,32.5,155.80836121681995,5063.77,Billable
865,25,4,2024-05-02,47.8,263.9493860652042,12616.78,Billable
866,25,9,2024-06-02,63.9,496.7566614134116,31742.75,Non-Billable
867,25,12,2024-06-02,41.2,155.80836121681995,6419.3,Billable
868,25,8,2024-06-02,32.4,246.99098521619942,8002.51,Billable
869,25,9,2024-07-02,21.7,496.7566614134116,10779.62,Non-Billable
870,25,12,2024-07-02,53.9,155.80836121681995,8398.07,Billable
871,25,4,2024-07-02,64.2,263.9493860652042,16945.55,Non-Billable
872,25,8,2024-07-02,17.3,246.99098521619942,4272.94,Non-Billable
873,25,9,2024-08-02,71.5,496.7566614134116,35518.1,Non-Billable
874,25,12,2024-08-02,55.3,155.80836121681995,8616.2,Billable
875,25,4,2024-08-02,20.8,263.9493860652042,5490.15,Billable
876,25,8,2024-08-02,12.7,246.99098521619942,3136.79,Billable
877,25,12,2024-09-02,49.1,155.80836121681995,7650.19,Non-Billable
878,25,4,2024-09-02,73.8,263.9493860652042,19479.46,Billable
879,25,8,2024-09-02,54.1,246.99098521619942,13362.21,Billable
880,25,9,2024-10-02,37.3,496.7566614134116,18529.02,Billable
881,25,12,2024-10-02,54.9,155.80836121681995,8553.88,Non-Billable
882,25,8,2024-10-02,13.2,246.99098521619942,3260.28,Billable
883,26,9,2024-12-14,29.7,496.7566614134116,14753.67,Billable
884,26,2,2024-12-14,67.5,209.86584841970367,14165.94,Billable
885,26,5,2024-12-14,47.3,333.24426408004217,15762.45,Billable
886,26,10,2024-12-14,65.8,246.99098521619942,16252.01,Non-Billable
887,27,11,2024-12-25,10.8,210.1115011743209,2269.2,Non-Billable
888,27,6,2024-12-25,37.6,311.18528947223797,11700.57,Non-Billable
889,28,5,2024-03-16,73.2,333.24426408004217,24393.48,Billable
890,28,5,2024-04-16,69.6,333.24426408004217,23193.8,Billable
891,28,4,2024-05-16,23.6,263.9493860652042,6229.21,Billable
892,28,5,2024-06-16,49.7,333.24426408004217,16562.24,Billable
893,28,4,2024-06-16,75.3,263.9493860652042,19875.39,Non-Billable
894,28,5,2024-07-16,48.5,333.24426408004217,16162.35,Billable
895,28,4,2024-07-16,27.5,263.9493860652042,7258.61,Billable
896,28,5,2024-08-16,44.1,333.24426408004217,14696.07,Billable
897,28,4,2024-08-16,57.0,263.9493860652042,15045.12,Billable
898,28,4,2024-09-16,73.0,263.9493860652042,19268.31,Billable
899,28,5,2024-10-16,33.0,333.24426408004217,10997.06,Non-Billable
900,28,4,2024-10-16,50.9,263.9493860652042,13435.02,Non-Billable
901,28,5,2024-11-16,66.5,333.24426408004217,22160.74,Billable
902,28,5,2024-12-16,65.0,333.24426408004217,21660.88,Non-Billable
903,28,4,2024-12-16,40.5,263.9493860652042,10689.95,Billable
904,29,11,2024-10-03,35.1,210.1115011743209,7374.91,Billable
905,29,6,2024-10-03,17.6,311.18528947223797,5476.86,Non-Billable
906,29,8,2024-10-03,68.9,246.99098521619942,17017.68,Billable
907,29,11,2024-11-03,23.8,210.1115011743209,5000.65,Non-Billable
908,29,6,2024-11-03,15.4,311.18528947223797,4792.25,Billable
909,29,8,2024-11-03,69.5,246.99098521619942,17165.87,Non-Billable
910,29,6,2024-12-03,38.4,311.18528947223797,11949.52,Non-Billable
911,30,9,2024-01-10,79.9,496.7566614134116,39690.86,Billable
912,30,5,2024-01-10,20.4,333.24426408004217,6798.18,Billable
913,30,5,2024-02-10,61.3,333.24426408004217,20427.87,Billable
914,30,5,2024-03-10,16.3,333.24426408004217,5431.88,Billable
915,30,9,2024-04-10,56.4,496.7566614134116,28017.08,Non-Billable
916,30,5,2024-04-10,63.0,333.24426408004217,20994.39,Billable
917,30,9,2024-05-10,22.5,496.7566614134116,11177.02,Non-Billable
918,30,5,2024-05-10,77.7,333.24426408004217,25893.08,Non-Billable
919,30,9,2024-06-10,75.7,496.7566614134116,37604.48,Billable
920,30,9,2024-07-10,14.4,496.7566614134116,7153.3,Billable
921,30,9,2024-08-10,46.3,496.7566614134116,22999.83,Billable
922,30,5,2024-08-10,74.3,333.24426408004217,24760.05,Billable
923,30,5,2024-09-10,17.2,333.24426408004217,5731.8,Non-Billable
924,30,9,2024-10-10,29.1,496.7566614134116,14455.62,Non-Billable
925,30,9,2024-11-10,22.2,496.7566614134116,11028.0,Non-Billable
926,30,5,2024-11-10,51.1,333.24426408004217,17028.78,Billable
927,30,9,2024-12-10,36.3,496.7566614134116,18032.27,Billable
928,30,5,2024-12-10,34.7,333.24426408004217,11563.58,Billable
929,31,8,2023-11-10,26.1,246.99098521619942,6446.46,Non-Billable
930,31,10,2023-11-10,24.8,246.99098521619942,6125.38,Billable
931,31,9,2023-11-10,67.2,496.7566614134116,33382.05,Non-Billable
932,31,8,2023-12-10,60.4,246.99098521619942,14918.26,Billable
933,31,10,2023-12-10,43.5,246.99098521619942,10744.11,Non-Billable
934,31,9,2023-12-10,11.6,496.7566614134116,5762.38,Billable
935,31,8,2024-01-10,19.4,246.99098521619942,4791.63,Non-Billable
936,31,1,2024-01-10,13.9,209.86584841970367,2917.14,Billable
937,31,9,2024-01-10,46.2,496.7566614134116,22950.16,Billable
938,31,3,2024-01-10,49.5,356.50515929852793,17647.01,Billable
939,31,8,2024-02-10,61.0,246.99098521619942,15066.45,Billable
940,31,10,2024-02-10,25.2,246.99098521619942,6224.17,Non-Billable
941,31,1,2024-02-10,70.7,209.86584841970367,14837.52,Billable
942,31,3,2024-02-10,20.0,356.50515929852793,7130.1,Non-Billable
943,31,8,2024-03-10,22.7,246.99098521619942,5606.7,Non-Billable
944,31,10,2024-03-10,21.7,246.99098521619942,5359.7,Non-Billable
945,31,1,2024-03-10,41.7,209.86584841970367,8751.41,Non-Billable
946,31,3,2024-03-10,19.3,356.50515929852793,6880.55,Billable
947,31,10,2024-04-10,45.3,246.99098521619942,11188.69,Billable
948,31,1,2024-04-10,52.4,209.86584841970367,10996.97,Billable
949,31,9,2024-04-10,53.0,496.7566614134116,26328.1,Billable
950,31,3,2024-04-10,47.2,356.50515929852793,16827.04,Billable
951,31,10,2024-05-10,73.1,246.99098521619942,18055.04,Non-Billable
952,31,1,2024-05-10,72.8,209.86584841970367,15278.23,Non-Billable
953,31,9,2024-05-10,46.5,496.7566614134116,23099.18,Billable
954,31,3,2024-05-10,58.8,356.50515929852793,20962.5,Billable
955,31,10,2024-06-10,65.3,246.99098521619942,16128.51,Billable
956,31,1,2024-06-10,66.3,209.86584841970367,13914.11,Non-Billable
957,31,9,2024-06-10,39.8,496.7566614134116,19770.92,Billable
958,31,3,2024-06-10,26.3,356.50515929852793,9376.09,Billable
959,31,10,2024-07-10,38.6,246.99098521619942,9533.85,Billable
960,31,9,2024-07-10,10.5,496.7566614134116,5215.94,Non-Billable
961,31,10,2024-08-10,58.1,246.99098521619942,14350.18,Billable
962,31,1,2024-08-10,17.5,209.86584841970367,3672.65,Billable
963,31,9,2024-08-10,27.8,496.7566614134116,13809.84,Non-Billable
964,31,3,2024-08-10,35.6,356.50515929852793,12691.58,Billable
965,32,7,2024-02-24,43.9,209.86584841970367,9213.11,Billable
966,32,9,2024-02-24,64.2,496.7566614134116,31891.78,Billable
967,32,10,2024-02-24,69.8,246.99098521619942,17239.97,Non-Billable
968,32,7,2024-03-24,76.4,209.86584841970367,16033.75,Billable
969,32,10,2024-03-24,33.7,246.99098521619942,8323.6,Non-Billable
970,32,8,2024-03-24,57.9,246.99098521619942,14300.78,Billable
971,32,7,2024-04-24,10.4,209.86584841970367,2182.6,Billable
972,32,9,2024-04-24,43.0,496.7566614134116,21360.54,Non-Billable
973,32,10,2024-04-24,14.5,246.99098521619942,3581.37,Billable
974,32,8,2024-04-24,52.6,246.99098521619942,12991.73,Non-Billable
975,32,4,2024-05-24,78.9,263.9493860652042,20825.61,Non-Billable
976,32,7,2024-05-24,30.1,209.86584841970367,6316.96,Non-Billable
977,32,10,2024-05-24,22.3,246.99098521619942,5507.9,Billable
978,32,8,2024-05-24,24.1,246.99098521619942,5952.48,Non-Billable
979,32,4,2024-06-24,46.3,263.9493860652042,12220.86,Billable
980,32,9,2024-06-24,46.1,496.7566614134116,22900.48,Billable
981,32,10,2024-06-24,57.2,246.99098521619942,14127.88,Billable
982,32,9,2024-07-24,64.6,496.7566614134116,32090.48,Billable
983,32,10,2024-07-24,38.4,246.99098521619942,9484.45,Billable
984,32,8,2024-07-24,61.6,246.99098521619942,15214.64,Billable
985,32,4,2024-08-24,48.5,263.9493860652042,12801.55,Non-Billable
986,32,7,2024-08-24,74.1,209.86584841970367,15551.06,Billable
987,32,9,2024-08-24,67.1,496.7566614134116,33332.37,Billable
988,32,10,2024-08-24,23.6,246.99098521619942,5828.99,Billable
989,32,8,2024-08-24,28.3,246.99098521619942,6989.84,Billable
990,33,9,2024-10-21,33.8,496.7566614134116,16790.38,Billable
991,33,2,2024-10-21,77.0,209.86584841970367,16159.67,Non-Billable
992,33,9,2024-11-21,50.2,496.7566614134116,24937.18,Non-Billable
993,33,2,2024-11-21,36.4,209.86584841970367,7639.12,Billable
994,33,9,2024-12-21,63.0,496.7566614134116,31295.67,Billable
995,33,2,2024-12-21,72.8,209.86584841970367,15278.23,Billable
996,34,2,2023-07-08,26.1,209.86584841970367,5477.5,Billable
997,34,5,2023-07-08,34.7,333.24426408004217,11563.58,Non-Billable
998,34,7,2023-07-08,27.4,209.86584841970367,5750.32,Billable
999,34,4,2023-07-08,62.4,263.9493860652042,16470.44,Billable
1000,34,5,2023-08-08,43.4,333.24426408004217,14462.8,Billable
1001,34,7,2023-08-08,22.8,209.86584841970367,4784.94,Non-Billable
1002,34,4,2023-08-08,73.7,263.9493860652042,19453.07,Billable
1003,34,2,2023-09-08,26.4,209.86584841970367,5540.46,Billable
1004,34,5,2023-09-08,24.5,333.24426408004217,8164.48,Billable
1005,34,12,2023-09-08,68.5,155.80836121681995,10672.87,Billable
1006,34,2,2023-10-08,57.3,209.86584841970367,12025.31,Non-Billable
1007,34,5,2023-10-08,10.5,333.24426408004217,3499.06,Non-Billable
1008,34,12,2023-10-08,69.4,155.80836121681995,10813.1,Billable
1009,34,7,2023-10-08,44.5,209.86584841970367,9339.03,Non-Billable
1010,34,4,2023-10-08,44.4,263.9493860652042,11719.35,Non-Billable
1011,34,12,2023-11-08,13.8,155.80836121681995,2150.16,Billable
1012,34,7,2023-11-08,47.9,209.86584841970367,10052.57,Non-Billable
1013,34,4,2023-11-08,70.2,263.9493860652042,18529.25,Billable
1014,34,2,2023-12-08,18.4,209.86584841970367,3861.53,Non-Billable
1015,34,5,2023-12-08,58.2,333.24426408004217,19394.82,Billable
1016,34,12,2023-12-08,36.6,155.80836121681995,5702.59,Billable
1017,34,7,2023-12-08,52.9,209.86584841970367,11101.9,Billable
1018,34,12,2024-01-08,34.0,155.80836121681995,5297.48,Billable
1019,34,7,2024-01-08,24.7,209.86584841970367,5183.69,Non-Billable
1020,34,4,2024-01-08,35.6,263.9493860652042,9396.6,Billable
1021,34,7,2024-02-08,26.0,209.86584841970367,5456.51,Billable
1022,34,4,2024-02-08,66.3,263.9493860652042,17499.84,Non-Billable
1023,34,2,2024-03-08,36.7,209.86584841970367,7702.08,Billable
1024,34,5,2024-03-08,61.7,333.24426408004217,20561.17,Billable
1025,34,12,2024-03-08,22.4,155.80836121681995,3490.11,Billable
1026,34,4,2024-03-08,54.1,263.9493860652042,14279.66,Non-Billable
1027,34,2,2024-04-08,65.0,209.86584841970367,13641.28,Billable
1028,34,12,2024-04-08,13.3,155.80836121681995,2072.25,Billable
1029,34,7,2024-04-08,14.2,209.86584841970367,2980.1,Billable
1030,34,4,2024-04-08,54.1,263.9493860652042,14279.66,Billable
1031,34,2,2024-05-08,28.2,209.86584841970367,5918.22,Billable
1032,34,5,2024-05-08,75.2,333.24426408004217,25059.97,Billable
1033,34,12,2024-05-08,38.8,155.80836121681995,6045.36,Billable
1034,34,7,2024-05-08,77.4,209.86584841970367,16243.62,Billable
1035,34,4,2024-05-08,55.5,263.9493860652042,14649.19,Non-Billable
1036,34,5,2024-06-08,34.9,333.24426408004217,11630.22,Non-Billable
1037,34,12,2024-06-08,64.2,155.80836121681995,10002.9,Billable
1038,34,7,2024-06-08,36.7,209.86584841970367,7702.08,Billable
1039,34,4,2024-06-08,77.0,263.9493860652042,20324.1,Billable
1040,34,2,2024-07-08,75.0,209.86584841970367,15739.94,Billable
1041,34,5,2024-07-08,50.0,333.24426408004217,16662.21,Billable
1042,34,7,2024-07-08,31.9,209.86584841970367,6694.72,Non-Billable
1043,34,5,2024-08-08,29.0,333.24426408004217,9664.08,Billable
1044,34,12,2024-08-08,75.7,155.80836121681995,11794.69,Non-Billable
1045,34,7,2024-08-08,77.6,209.86584841970367,16285.59,Billable
1046,34,2,2024-09-08,18.8,209.86584841970367,3945.48,Billable
1047,34,5,2024-09-08,75.8,333.24426408004217,25259.92,Non-Billable
1048,34,12,2024-09-08,24.7,155.80836121681995,3848.47,Billable
1049,34,2,2024-10-08,48.4,209.86584841970367,10157.51,Billable
1050,34,5,2024-10-08,46.7,333.24426408004217,15562.51,Billable
1051,34,7,2024-10-08,15.9,209.86584841970367,3336.87,Billable
1052,34,4,2024-10-08,27.3,263.9493860652042,7205.82,Billable
1053,34,2,2024-11-08,18.8,209.86584841970367,3945.48,Non-Billable
1054,34,5,2024-11-08,12.0,333.24426408004217,3998.93,Non-Billable
1055,34,12,2024-11-08,74.1,155.80836121681995,11545.4,Billable
1056,34,7,2024-11-08,71.0,209.86584841970367,14900.48,Billable
1057,34,4,2024-11-08,19.5,263.9493860652042,5147.01,Non-Billable
1058,34,2,2024-12-08,51.4,209.86584841970367,10787.1,Billable
1059,34,5,2024-12-08,54.5,333.24426408004217,18161.81,Non-Billable
1060,34,12,2024-12-08,54.8,155.80836121681995,8538.3,Non-Billable
1061,34,7,2024-12-08,34.3,209.86584841970367,7198.4,Non-Billable
1062,35,8,2023-04-25,28.2,246.99098521619942,6965.15,Billable
1063,35,8,2023-05-25,63.1,246.99098521619942,15585.13,Billable
1064,35,5,2023-05-25,42.8,333.24426408004217,14262.85,Billable
1065,35,8,2023-06-25,44.4,246.99098521619942,10966.4,Billable
1066,35,8,2023-07-25,65.9,246.99098521619942,16276.71,Non-Billable
1067,35,5,2023-08-25,38.8,333.24426408004217,12929.88,Non-Billable
1068,35,8,2023-09-25,27.5,246.99098521619942,6792.25,Non-Billable
1069,35,5,2023-09-25,37.3,333.24426408004217,12430.01,Billable
1070,35,8,2023-11-25,46.2,246.99098521619942,11410.98,Non-Billable
1071,35,5,2023-11-25,57.9,333.24426408004217,19294.84,Billable
1072,35,8,2023-12-25,47.2,246.99098521619942,11657.97,Billable
1073,35,5,2023-12-25,69.7,333.24426408004217,23227.13,Billable
1074,35,8,2024-02-25,41.7,246.99098521619942,10299.52,Non-Billable
1075,35,5,2024-02-25,23.1,333.24426408004217,7697.94,Billable
1076,35,5,2024-03-25,11.5,333.24426408004217,3832.31,Billable
1077,35,8,2024-05-25,10.6,246.99098521619942,2618.1,Billable
1078,35,8,2024-06-25,33.9,246.99098521619942,8372.99,Billable
1079,35,5,2024-06-25,44.9,333.24426408004217,14962.67,Billable
1080,35,8,2024-07-25,65.4,246.99098521619942,16153.21,Billable
1081,35,8,2024-08-25,20.2,246.99098521619942,4989.22,Billable
1082,35,5,2024-08-25,15.0,333.24426408004217,4998.66,Billable
1083,35,5,2024-09-25,27.5,333.24426408004217,9164.22,Billable
1084,35,8,2024-10-25,18.5,246.99098521619942,4569.33,Non-Billable
1085,35,8,2024-11-25,41.0,246.99098521619942,10126.63,Non-Billable
1086,35,5,2024-11-25,23.9,333.24426408004217,7964.54,Non-Billable
1087,35,8,2024-12-25,46.5,246.99098521619942,11485.08,Billable
1088,35,5,2024-12-25,57.7,333.24426408004217,19228.19,Billable
1089,36,3,2024-10-17,27.7,356.50515929852793,9875.19,Non-Billable
1090,36,1,2024-10-17,13.6,209.86584841970367,2854.18,Non-Billable
1091,36,11,2024-11-17,32.7,210.1115011743209,6870.65,Billable
1092,36,1,2024-11-17,50.9,209.86584841970367,10682.17,Billable
1093,36,9,2024-11-17,10.6,496.7566614134116,5265.62,Billable
1094,36,3,2024-12-17,58.4,356.50515929852793,20819.9,Non-Billable
1095,36,11,2024-12-17,36.0,210.1115011743209,7564.01,Billable
1096,36,9,2024-12-17,58.0,496.7566614134116,28811.89,Billable
1097,37,1,2023-08-29,59.1,209.86584841970367,12403.07,Billable
1098,37,6,2023-09-29,65.2,311.18528947223797,20289.28,Billable
1099,37,1,2023-10-29,40.7,209.86584841970367,8541.54,Billable
1100,37,1,2023-11-29,60.7,209.86584841970367,12738.86,Billable
1101,37,6,2023-11-29,44.0,311.18528947223797,13692.15,Billable
1102,37,1,2023-12-29,48.0,209.86584841970367,10073.56,Billable
1103,37,6,2024-01-29,61.3,311.18528947223797,19075.66,Billable
1104,37,1,2024-02-29,51.9,209.86584841970367,10892.04,Non-Billable
1105,37,1,2024-03-29,41.5,209.86584841970367,8709.43,Billable
1106,37,6,2024-03-29,41.8,311.18528947223797,13007.55,Non-Billable
1107,37,1,2024-04-29,61.4,209.86584841970367,12885.76,Billable
1108,37,6,2024-04-29,35.5,311.18528947223797,11047.08,Non-Billable
1109,37,6,2024-05-29,56.1,311.18528947223797,17457.49,Non-Billable
1110,37,1,2024-06-29,23.3,209.86584841970367,4889.87,Non-Billable
1111,37,6,2024-06-29,48.6,311.18528947223797,15123.61,Non-Billable
1112,37,6,2024-07-29,32.5,311.18528947223797,10113.52,Billable
1113,37,1,2024-08-29,14.7,209.86584841970367,3085.03,Billable
1114,38,11,2022-10-17,52.4,210.1115011743209,11009.84,Billable
1115,38,9,2022-10-17,55.9,496.7566614134116,27768.7,Billable
1116,38,5,2022-10-17,54.7,333.24426408004217,18228.46,Billable
1117,38,1,2022-10-17,75.7,209.86584841970367,15886.84,Billable
1118,38,11,2022-11-17,65.6,210.1115011743209,13783.31,Billable
1119,38,8,2022-11-17,28.6,246.99098521619942,7063.94,Billable
1120,38,9,2022-11-17,68.4,496.7566614134116,33978.16,Billable
1121,38,5,2022-11-17,77.2,333.24426408004217,25726.46,Billable
1122,38,8,2022-12-17,23.5,246.99098521619942,5804.29,Non-Billable
1123,38,5,2022-12-17,22.5,333.24426408004217,7498.0,Non-Billable
1124,38,1,2022-12-17,62.2,209.86584841970367,13053.66,Non-Billable
1125,38,11,2023-01-17,57.2,210.1115011743209,12018.38,Non-Billable
1126,38,8,2023-01-17,71.8,246.99098521619942,17733.95,Billable
1127,38,9,2023-01-17,48.5,496.7566614134116,24092.7,Non-Billable
1128,38,5,2023-01-17,21.1,333.24426408004217,7031.45,Non-Billable
1129,38,1,2023-01-17,34.7,209.86584841970367,7282.34,Billable
1130,38,11,2023-02-17,79.8,210.1115011743209,16766.9,Billable
1131,38,8,2023-02-17,54.3,246.99098521619942,13411.61,Non-Billable
1132,38,9,2023-02-17,26.9,496.7566614134116,13362.75,Non-Billable
1133,38,1,2023-02-17,74.8,209.86584841970367,15697.97,Billable
1134,38,11,2023-03-17,41.7,210.1115011743209,8761.65,Billable
1135,38,8,2023-04-17,10.5,246.99098521619942,2593.41,Billable
1136,38,5,2023-04-17,64.0,333.24426408004217,21327.63,Non-Billable
1137,38,1,2023-04-17,74.3,209.86584841970367,15593.03,Non-Billable
1138,38,11,2023-05-17,74.8,210.1115011743209,15716.34,Billable
1139,38,9,2023-05-17,20.9,496.7566614134116,10382.21,Billable
1140,38,5,2023-05-17,50.8,333.24426408004217,16928.81,Billable
1141,38,11,2023-06-17,49.9,210.1115011743209,10484.56,Non-Billable
1142,38,8,2023-06-17,61.4,246.99098521619942,15165.25,Non-Billable
1143,38,9,2023-06-17,43.8,496.7566614134116,21757.94,Billable
1144,38,5,2023-06-17,58.3,333.24426408004217,19428.14,Non-Billable
1145,38,1,2023-06-17,16.7,209.86584841970367,3504.76,Non-Billable
1146,38,11,2023-07-17,61.2,210.1115011743209,12858.82,Non-Billable
1147,38,8,2023-07-17,64.6,246.99098521619942,15955.62,Billable
1148,38,9,2023-07-17,67.2,496.7566614134116,33382.05,Billable
1149,38,5,2023-07-17,18.4,333.24426408004217,6131.69,Billable
1150,38,1,2023-07-17,69.5,209.86584841970367,14585.68,Billable
1151,38,11,2023-08-17,54.3,210.1115011743209,11409.05,Billable
1152,38,8,2023-08-17,12.9,246.99098521619942,3186.18,Non-Billable
1153,38,9,2023-08-17,32.9,496.7566614134116,16343.29,Non-Billable
1154,38,11,2023-09-17,37.5,210.1115011743209,7879.18,Billable
1155,38,8,2023-09-17,50.3,246.99098521619942,12423.65,Billable
1156,38,1,2023-09-17,19.3,209.86584841970367,4050.41,Billable
1157,38,11,2023-10-17,62.2,210.1115011743209,13068.94,Non-Billable
1158,38,8,2023-10-17,16.0,246.99098521619942,3951.86,Non-Billable
1159,38,9,2023-10-17,58.9,496.7566614134116,29258.97,Billable
1160,38,5,2023-10-17,23.9,333.24426408004217,7964.54,Billable
1161,38,1,2023-10-17,23.7,209.86584841970367,4973.82,Non-Billable
1162,38,11,2023-11-17,46.7,210.1115011743209,9812.21,Billable
1163,38,9,2023-11-17,32.6,496.7566614134116,16194.27,Non-Billable
1164,38,1,2023-11-17,39.6,209.86584841970367,8310.69,Billable
1165,38,8,2023-12-17,55.9,246.99098521619942,13806.8,Billable
1166,38,5,2023-12-17,67.5,333.24426408004217,22493.99,Billable
1167,38,1,2023-12-17,40.8,209.86584841970367,8562.53,Billable
1168,38,8,2024-01-17,63.0,246.99098521619942,15560.43,Billable
1169,38,1,2024-01-17,74.9,209.86584841970367,15718.95,Billable
1170,38,8,2024-02-17,17.8,246.99098521619942,4396.44,Billable
1171,38,9,2024-02-17,33.2,496.7566614134116,16492.32,Non-Billable
1172,38,5,2024-02-17,24.3,333.24426408004217,8097.84,Non-Billable
1173,38,1,2024-02-17,48.4,209.86584841970367,10157.51,Non-Billable
1174,38,11,2024-03-17,19.9,210.1115011743209,4181.22,Non-Billable
1175,38,8,2024-03-17,36.4,246.99098521619942,8990.47,Non-Billable
1176,38,9,2024-03-17,27.9,496.7566614134116,13859.51,Billable
1177,38,1,2024-03-17,53.3,209.86584841970367,11185.85,Billable
1178,38,11,2024-04-17,76.2,210.1115011743209,16010.5,Billable
1179,38,8,2024-04-17,29.0,246.99098521619942,7162.74,Non-Billable
1180,38,9,2024-04-17,17.6,496.7566614134116,8742.92,Billable
1181,38,5,2024-04-17,55.5,333.24426408004217,18495.06,Billable
1182,38,1,2024-04-17,45.6,209.86584841970367,9569.88,Non-Billable
1183,38,8,2024-05-17,70.7,246.99098521619942,17462.26,Non-Billable
1184,38,1,2024-05-17,49.2,209.86584841970367,10325.4,Non-Billable
1185,38,9,2024-06-17,33.3,496.7566614134116,16542.0,Billable
1186,38,5,2024-06-17,11.3,333.24426408004217,3765.66,Non-Billable
1187,38,1,2024-06-17,53.8,209.86584841970367,11290.78,Billable
1188,38,11,2024-07-17,78.5,210.1115011743209,16493.75,Billable
1189,38,8,2024-07-17,53.8,246.99098521619942,13288.12,Billable
1190,38,9,2024-07-17,67.0,496.7566614134116,33282.7,Billable
1191,38,5,2024-07-17,76.4,333.24426408004217,25459.86,Billable
1192,39,11,2024-06-27,50.1,210.1115011743209,10526.59,Billable
1193,39,3,2024-06-27,73.7,356.50515929852793,26274.43,Billable
1194,39,2,2024-06-27,19.2,209.86584841970367,4029.42,Non-Billable
1195,39,4,2024-06-27,66.0,263.9493860652042,17420.66,Billable
1196,39,11,2024-07-27,59.4,210.1115011743209,12480.62,Non-Billable
1197,39,3,2024-07-27,40.1,356.50515929852793,14295.86,Billable
1198,39,2,2024-07-27,49.5,209.86584841970367,10388.36,Billable
1199,39,7,2024-07-27,49.0,209.86584841970367,10283.43,Non-Billable
1200,39,11,2024-08-27,71.6,210.1115011743209,15043.98,Non-Billable
1201,39,2,2024-08-27,78.1,209.86584841970367,16390.52,Billable
1202,39,7,2024-08-27,62.2,209.86584841970367,13053.66,Non-Billable
1203,39,4,2024-08-27,29.2,263.9493860652042,7707.32,Billable
1204,39,2,2024-09-27,52.8,209.86584841970367,11080.92,Billable
1205,39,7,2024-09-27,52.9,209.86584841970367,11101.9,Non-Billable
1206,39,11,2024-10-27,35.1,210.1115011743209,7374.91,Non-Billable
1207,39,3,2024-10-27,19.4,356.50515929852793,6916.2,Non-Billable
1208,39,2,2024-10-27,55.5,209.86584841970367,11647.55,Billable
1209,39,7,2024-10-27,44.4,209.86584841970367,9318.04,Billable
1210,39,3,2024-11-27,77.8,356.50515929852793,27736.1,Billable
1211,39,2,2024-11-27,25.6,209.86584841970367,5372.57,Non-Billable
1212,39,7,2024-11-27,63.0,209.86584841970367,13221.55,Billable
1213,39,11,2024-12-27,40.7,210.1115011743209,8551.54,Non-Billable
1214,39,3,2024-12-27,32.7,356.50515929852793,11657.72,Billable
1215,39,2,2024-12-27,39.9,209.86584841970367,8373.65,Billable
1216,39,7,2024-12-27,67.7,209.86584841970367,14207.92,Non-Billable
1217,39,4,2024-12-27,52.8,263.9493860652042,13936.53,Non-Billable
1218,40,9,2024-02-12,67.9,496.7566614134116,33729.78,Billable
1219,40,2,2024-02-12,27.2,209.86584841970367,5708.35,Non-Billable
1220,40,9,2024-03-12,61.5,496.7566614134116,30550.53,Non-Billable
1221,40,2,2024-03-12,63.6,209.86584841970367,13347.47,Billable
1222,40,2,2024-04-12,71.9,209.86584841970367,15089.35,Billable
1223,40,9,2024-05-12,39.6,496.7566614134116,19671.56,Non-Billable
1224,40,2,2024-05-12,58.3,209.86584841970367,12235.18,Billable
1225,40,9,2024-06-12,55.2,496.7566614134116,27420.97,Billable
1226,40,2,2024-06-12,17.9,209.86584841970367,3756.6,Non-Billable
1227,40,9,2024-07-12,58.7,496.7566614134116,29159.62,Billable
1228,40,2,2024-07-12,32.6,209.86584841970367,6841.63,Billable
1229,40,2,2024-08-12,59.9,209.86584841970367,12570.96,Billable
1230,40,9,2024-09-12,16.3,496.7566614134116,8097.13,Billable
1231,40,2,2024-09-12,73.5,209.86584841970367,15425.14,Billable
1232,40,9,2024-10-12,18.6,496.7566614134116,9239.67,Billable
1233,40,2,2024-10-12,54.4,209.86584841970367,11416.7,Billable
1234,40,9,2024-11-12,36.9,496.7566614134116,18330.32,Non-Billable
1235,40,2,2024-11-12,21.2,209.86584841970367,4449.16,Non-Billable
1236,40,9,2024-12-12,63.8,496.7566614134116,31693.07,Billable
1237,40,2,2024-12-12,56.2,209.86584841970367,11794.46,Billable
1238,41,3,2023-09-30,31.7,356.50515929852793,11301.21,Billable
1239,41,3,2023-10-30,77.2,356.50515929852793,27522.2,Billable
1240,41,12,2023-10-30,27.7,155.80836121681995,4315.89,Billable
1241,41,1,2023-10-30,44.9,209.86584841970367,9422.98,Billable
1242,41,3,2023-11-30,44.5,356.50515929852793,15864.48,Billable
1243,41,12,2023-11-30,43.3,155.80836121681995,6746.5,Billable
1244,41,1,2023-11-30,52.1,209.86584841970367,10934.01,Billable
1245,41,12,2023-12-30,53.4,155.80836121681995,8320.17,Non-Billable
1246,41,1,2023-12-30,24.5,209.86584841970367,5141.71,Billable
1247,41,12,2024-01-30,12.6,155.80836121681995,1963.19,Billable
1248,41,1,2024-01-30,68.7,209.86584841970367,14417.78,Billable
1249,41,3,2024-02-29,16.1,356.50515929852793,5739.73,Billable
1250,41,12,2024-02-29,22.5,155.80836121681995,3505.69,Non-Billable
1251,42,8,2024-11-30,16.5,246.99098521619942,4075.35,Billable
1252,42,10,2024-11-30,72.8,246.99098521619942,17980.94,Billable
1253,42,6,2024-11-30,69.0,311.18528947223797,21471.78,Billable
1254,42,6,2024-12-30,29.2,311.18528947223797,9086.61,Non-Billable
1255,43,9,2024-08-26,78.6,496.7566614134116,39045.07,Non-Billable
1256,43,4,2024-08-26,43.9,263.9493860652042,11587.38,Non-Billable
1257,43,11,2024-08-26,65.2,210.1115011743209,13699.27,Non-Billable
1258,43,2,2024-08-26,32.2,209.86584841970367,6757.68,Non-Billable
1259,43,9,2024-09-26,53.6,496.7566614134116,26626.16,Billable
1260,43,4,2024-09-26,44.7,263.9493860652042,11798.54,Non-Billable
1261,43,11,2024-09-26,44.5,210.1115011743209,9349.96,Billable
1262,43,1,2024-09-26,26.3,209.86584841970367,5519.47,Billable
1263,43,2,2024-09-26,10.1,209.86584841970367,2119.65,Billable
1264,43,9,2024-10-26,65.8,496.7566614134116,32686.59,Non-Billable
1265,43,4,2024-10-26,66.0,263.9493860652042,17420.66,Billable
1266,43,11,2024-10-26,33.4,210.1115011743209,7017.72,Non-Billable
1267,43,1,2024-10-26,24.9,209.86584841970367,5225.66,Non-Billable
1268,43,4,2024-11-26,31.5,263.9493860652042,8314.41,Non-Billable
1269,43,11,2024-11-26,63.7,210.1115011743209,13384.1,Billable
1270,43,1,2024-11-26,33.9,209.86584841970367,7114.45,Non-Billable
1271,43,2,2024-11-26,77.2,209.86584841970367,16201.64,Billable
1272,43,4,2024-12-26,74.6,263.9493860652042,19690.62,Billable
1273,43,11,2024-12-26,65.8,210.1115011743209,13825.34,Non-Billable
1274,44,9,2024-08-23,31.0,496.7566614134116,15399.46,Non-Billable
1275,44,6,2024-08-23,48.9,311.18528947223797,15216.96,Billable
1276,44,7,2024-08-23,66.0,209.86584841970367,13851.15,Billable
1277,44,6,2024-09-23,33.7,311.18528947223797,10486.94,Billable
1278,44,8,2024-09-23,69.0,246.99098521619942,17042.38,Non-Billable
1279,44,7,2024-09-23,23.1,209.86584841970367,4847.9,Billable
1280,44,1,2024-09-23,62.6,209.86584841970367,13137.6,Non-Billable
1281,44,9,2024-10-23,59.7,496.7566614134116,29656.37,Billable
1282,44,6,2024-10-23,44.8,311.18528947223797,13941.1,Billable
1283,44,8,2024-10-23,68.1,246.99098521619942,16820.09,Billable
1284,44,1,2024-10-23,17.9,209.86584841970367,3756.6,Billable
1285,44,9,2024-11-23,73.9,496.7566614134116,36710.32,Billable
1286,44,6,2024-11-23,65.9,311.18528947223797,20507.11,Non-Billable
1287,44,7,2024-11-23,43.8,209.86584841970367,9192.12,Non-Billable
1288,44,1,2024-11-23,32.9,209.86584841970367,6904.59,Billable
1289,44,9,2024-12-23,75.7,496.7566614134116,37604.48,Non-Billable
1290,44,6,2024-12-23,24.4,311.18528947223797,7592.92,Billable
1291,44,8,2024-12-23,60.0,246.99098521619942,14819.46,Non-Billable
1292,44,1,2024-12-23,13.1,209.86584841970367,2749.24,Non-Billable
1293,45,6,2024-06-06,17.2,311.18528947223797,5352.39,Non-Billable
1294,45,8,2024-06-06,11.6,246.99098521619942,2865.1,Billable
1295,45,6,2024-07-06,24.7,311.18528947223797,7686.28,Billable
1296,45,8,2024-08-06,40.9,246.99098521619942,10101.93,Billable
1297,45,8,2024-10-06,49.2,246.99098521619942,12151.96,Billable
1298,45,8,2024-11-06,32.3,246.99098521619942,7977.81,Billable
1299,45,6,2024-12-06,66.3,311.18528947223797,20631.58,Non-Billable
1300,46,5,2022-09-01,47.8,333.24426408004217,15929.08,Billable
1301,46,5,2022-10-01,57.3,333.24426408004217,19094.9,Billable
1302,46,10,2022-10-01,16.0,246.99098521619942,3951.86,Billable
1303,46,10,2022-11-01,51.5,246.99098521619942,12720.04,Non-Billable
1304,46,5,2022-12-01,53.1,333.24426408004217,17695.27,Billable
1305,46,10,2022-12-01,23.9,246.99098521619942,5903.08,Non-Billable
1306,46,5,2023-01-01,15.5,333.24426408004217,5165.29,Billable
1307,46,10,2023-01-01,16.5,246.99098521619942,4075.35,Non-Billable
1308,46,5,2023-02-01,41.9,333.24426408004217,13962.93,Non-Billable
1309,46,10,2023-02-01,63.7,246.99098521619942,15733.33,Billable
1310,46,5,2023-04-01,53.2,333.24426408004217,17728.59,Billable
1311,46,10,2023-04-01,59.0,246.99098521619942,14572.47,Non-Billable
1312,46,5,2023-05-01,70.3,333.24426408004217,23427.07,Billable
1313,46,10,2023-05-01,12.1,246.99098521619942,2988.59,Billable
1314,46,10,2023-06-01,69.2,246.99098521619942,17091.78,Billable
1315,46,5,2023-07-01,52.3,333.24426408004217,17428.68,Billable
1316,46,10,2023-07-01,38.4,246.99098521619942,9484.45,Non-Billable
1317,46,5,2023-08-01,32.8,333.24426408004217,10930.41,Non-Billable
1318,47,10,2022-07-31,14.6,246.99098521619942,3606.07,Billable
1319,47,9,2022-08-31,51.4,496.7566614134116,25533.29,Billable
1320,47,8,2022-08-31,34.0,246.99098521619942,8397.69,Non-Billable
1321,47,10,2022-08-31,15.5,246.99098521619942,3828.36,Non-Billable
1322,47,9,2022-09-30,44.1,496.7566614134116,21906.97,Non-Billable
1323,47,8,2022-09-30,32.8,246.99098521619942,8101.3,Billable
1324,47,7,2022-09-30,22.3,209.86584841970367,4680.01,Billable
1325,47,8,2022-10-30,64.0,246.99098521619942,15807.42,Billable
1326,47,7,2022-10-30,55.1,209.86584841970367,11563.61,Billable
1327,47,9,2022-11-30,72.1,496.7566614134116,35816.16,Non-Billable
1328,47,8,2022-11-30,63.0,246.99098521619942,15560.43,Non-Billable
1329,47,10,2022-11-30,37.3,246.99098521619942,9212.76,Non-Billable
1330,47,9,2022-12-30,24.4,496.7566614134116,12120.86,Billable
1331,47,7,2022-12-30,57.6,209.86584841970367,12088.27,Billable
1332,47,10,2022-12-30,74.1,246.99098521619942,18302.03,Billable
1333,47,9,2023-01-30,52.8,496.7566614134116,26228.75,Non-Billable
1334,47,8,2023-01-30,18.9,246.99098521619942,4668.13,Billable
1335,47,10,2023-01-30,77.8,246.99098521619942,19215.9,Billable
1336,47,9,2023-02-28,67.5,496.7566614134116,33531.07,Billable
1337,47,9,2023-03-28,51.3,496.7566614134116,25483.62,Non-Billable
1338,47,8,2023-03-28,36.8,246.99098521619942,9089.27,Billable
1339,47,7,2023-03-28,24.8,209.86584841970367,5204.67,Billable
1340,47,10,2023-03-28,23.2,246.99098521619942,5730.19,Billable
1341,47,9,2023-04-28,35.2,496.7566614134116,17485.83,Billable
1342,47,7,2023-04-28,56.9,209.86584841970367,11941.37,Billable
1343,47,9,2023-05-28,20.1,496.7566614134116,9984.81,Billable
1344,47,8,2023-05-28,78.2,246.99098521619942,19314.7,Billable
1345,47,10,2023-05-28,39.1,246.99098521619942,9657.35,Billable
1346,47,9,2023-06-28,58.7,496.7566614134116,29159.62,Billable
1347,47,8,2023-06-28,41.8,246.99098521619942,10324.22,Billable
1348,47,7,2023-06-28,41.5,209.86584841970367,8709.43,Billable
1349,47,9,2023-07-28,10.5,496.7566614134116,5215.94,Billable
1350,47,8,2023-07-28,26.6,246.99098521619942,6569.96,Non-Billable
1351,47,10,2023-07-28,50.3,246.99098521619942,12423.65,Billable
1352,48,10,2024-01-15,17.9,246.99098521619942,4421.14,Billable
1353,48,8,2024-01-15,15.6,246.99098521619942,3853.06,Non-Billable
1354,48,10,2024-02-15,78.9,246.99098521619942,19487.59,Billable
1355,48,8,2024-02-15,15.5,246.99098521619942,3828.36,Non-Billable
1356,48,8,2024-03-15,61.9,246.99098521619942,15288.74,Non-Billable
1357,48,8,2024-04-15,65.9,246.99098521619942,16276.71,Billable
1358,48,10,2024-05-15,73.3,246.99098521619942,18104.44,Non-Billable
1359,48,8,2024-05-15,42.8,246.99098521619942,10571.21,Non-Billable
1360,48,10,2024-06-15,50.2,246.99098521619942,12398.95,Billable
1361,48,8,2024-06-15,77.2,246.99098521619942,19067.7,Billable
1362,48,10,2024-08-15,62.5,246.99098521619942,15436.94,Non-Billable
1363,48,8,2024-08-15,28.2,246.99098521619942,6965.15,Non-Billable
1364,48,10,2024-09-15,21.8,246.99098521619942,5384.4,Billable
1365,48,8,2024-09-15,30.4,246.99098521619942,7508.53,Non-Billable
1366,48,10,2024-10-15,30.1,246.99098521619942,7434.43,Billable
1367,48,8,2024-11-15,27.6,246.99098521619942,6816.95,Non-Billable
1368,48,8,2024-12-15,11.0,246.99098521619942,2716.9,Billable
1369,49,10,2022-10-18,22.3,246.99098521619942,5507.9,Non-Billable
1370,49,10,2022-11-18,12.3,246.99098521619942,3037.99,Billable
1371,49,3,2022-11-18,51.7,356.50515929852793,18431.32,Billable
1372,49,8,2022-11-18,62.7,246.99098521619942,15486.33,Billable
1373,49,10,2022-12-18,26.7,246.99098521619942,6594.66,Billable
1374,49,3,2022-12-18,21.7,356.50515929852793,7736.16,Non-Billable
1375,49,8,2022-12-18,34.2,246.99098521619942,8447.09,Non-Billable
1376,49,3,2023-01-18,13.7,356.50515929852793,4884.12,Billable
1377,49,8,2023-01-18,31.1,246.99098521619942,7681.42,Non-Billable
1378,49,10,2023-02-18,74.6,246.99098521619942,18425.53,Billable
1379,49,3,2023-02-18,59.4,356.50515929852793,21176.41,Billable
1380,49,10,2023-03-18,40.4,246.99098521619942,9978.44,Billable
1381,49,3,2023-03-18,41.4,356.50515929852793,14759.31,Non-Billable
1382,49,8,2023-03-18,47.1,246.99098521619942,11633.28,Billable
1383,49,3,2023-04-18,34.8,356.50515929852793,12406.38,Billable
1384,49,8,2023-04-18,55.6,246.99098521619942,13732.7,Billable
1385,49,10,2023-05-18,28.7,246.99098521619942,7088.64,Billable
1386,49,8,2023-05-18,42.3,246.99098521619942,10447.72,Non-Billable
1387,49,10,2023-06-18,61.4,246.99098521619942,15165.25,Non-Billable
1388,49,3,2023-06-18,46.4,356.50515929852793,16541.84,Non-Billable
1389,49,8,2023-06-18,22.6,246.99098521619942,5582.0,Non-Billable
1390,49,10,2023-08-18,46.8,246.99098521619942,11559.18,Non-Billable
1391,49,3,2023-08-18,25.4,356.50515929852793,9055.23,Billable
1392,49,3,2023-09-18,14.0,356.50515929852793,4991.07,Non-Billable
1393,49,8,2023-09-18,68.5,246.99098521619942,16918.88,Non-Billable
1394,49,10,2023-10-18,59.6,246.99098521619942,14720.66,Billable
1395,49,8,2023-10-18,36.3,246.99098521619942,8965.77,Non-Billable
1396,49,10,2023-11-18,77.7,246.99098521619942,19191.2,Billable
1397,49,3,2023-11-18,27.7,356.50515929852793,9875.19,Billable
1398,49,8,2023-11-18,15.3,246.99098521619942,3778.96,Billable
1399,50,6,2022-05-07,36.8,311.18528947223797,11451.62,Billable
1400,50,5,2022-05-07,28.1,333.24426408004217,9364.16,Billable
1401,50,6,2022-06-07,24.0,311.18528947223797,7468.45,Billable
1402,50,7,2022-07-07,20.1,209.86584841970367,4218.3,Billable
1403,50,6,2022-07-07,73.9,311.18528947223797,22996.59,Non-Billable
1404,50,6,2022-08-07,64.4,311.18528947223797,20040.33,Billable
1405,50,5,2022-08-07,20.4,333.24426408004217,6798.18,Non-Billable
1406,50,6,2022-09-07,20.6,311.18528947223797,6410.42,Billable
1407,50,5,2022-09-07,50.2,333.24426408004217,16728.86,Non-Billable
1408,50,7,2022-10-07,64.0,209.86584841970367,13431.41,Billable
1409,50,11,2022-10-07,69.1,210.1115011743209,14518.7,Billable
1410,50,6,2022-10-07,10.2,311.18528947223797,3174.09,Non-Billable
1411,50,5,2022-10-07,43.7,333.24426408004217,14562.77,Non-Billable
1412,50,7,2022-11-07,79.4,209.86584841970367,16663.35,Billable
1413,50,11,2022-11-07,38.0,210.1115011743209,7984.24,Non-Billable
1414,50,6,2022-11-07,55.3,311.18528947223797,17208.55,Billable
1415,50,5,2022-11-07,77.3,333.24426408004217,25759.78,Billable
1416,50,7,2022-12-07,63.2,209.86584841970367,13263.52,Billable
1417,50,11,2022-12-07,22.4,210.1115011743209,4706.5,Billable
1418,50,6,2022-12-07,56.3,311.18528947223797,17519.73,Billable
1419,50,5,2022-12-07,72.8,333.24426408004217,24260.18,Non-Billable
1420,50,7,2023-01-07,44.1,209.86584841970367,9255.08,Non-Billable
1421,50,11,2023-01-07,23.3,210.1115011743209,4895.6,Billable
1422,50,5,2023-01-07,51.5,333.24426408004217,17162.08,Billable
1423,51,2,2024-03-23,11.1,209.86584841970367,2329.51,Billable
1424,51,5,2024-03-23,13.0,333.24426408004217,4332.18,Billable
1425,51,11,2024-03-23,46.6,210.1115011743209,9791.2,Non-Billable
1426,51,2,2024-04-23,47.6,209.86584841970367,9989.61,Non-Billable
1427,51,9,2024-04-23,74.7,496.7566614134116,37107.72,Billable
1428,51,5,2024-04-23,44.2,333.24426408004217,14729.4,Billable
1429,51,8,2024-04-23,74.3,246.99098521619942,18351.43,Billable
1430,51,2,2024-05-23,11.0,209.86584841970367,2308.52,Non-Billable
1431,51,5,2024-05-23,65.6,333.24426408004217,21860.82,Billable
1432,51,8,2024-05-23,68.5,246.99098521619942,16918.88,Billable
1433,51,11,2024-05-23,17.4,210.1115011743209,3655.94,Billable
1434,51,2,2024-06-23,53.1,209.86584841970367,11143.88,Billable
1435,51,9,2024-06-23,39.8,496.7566614134116,19770.92,Non-Billable
1436,51,5,2024-06-23,32.7,333.24426408004217,10897.09,Non-Billable
1437,51,8,2024-06-23,19.6,246.99098521619942,4841.02,Billable
1438,51,11,2024-06-23,51.5,210.1115011743209,10820.74,Billable
1439,51,5,2024-07-23,21.8,333.24426408004217,7264.72,Billable
1440,51,8,2024-07-23,40.7,246.99098521619942,10052.53,Non-Billable
1441,51,9,2024-08-23,52.9,496.7566614134116,26278.43,Billable
1442,51,8,2024-08-23,10.4,246.99098521619942,2568.71,Billable
1443,51,11,2024-08-23,59.5,210.1115011743209,12501.63,Non-Billable
1444,51,2,2024-09-23,39.1,209.86584841970367,8205.75,Billable
1445,51,9,2024-09-23,24.4,496.7566614134116,12120.86,Non-Billable
1446,51,8,2024-09-23,26.7,246.99098521619942,6594.66,Billable
1447,51,11,2024-09-23,12.6,210.1115011743209,2647.4,Billable
1448,51,2,2024-10-23,52.8,209.86584841970367,11080.92,Billable
1449,51,9,2024-10-23,64.8,496.7566614134116,32189.83,Billable
1450,51,5,2024-10-23,49.0,333.24426408004217,16328.97,Billable
1451,51,11,2024-10-23,16.7,210.1115011743209,3508.86,Billable
1452,51,2,2024-11-23,79.1,209.86584841970367,16600.39,Non-Billable
1453,51,5,2024-11-23,56.2,333.24426408004217,18728.33,Billable
1454,51,9,2024-12-23,73.8,496.7566614134116,36660.64,Billable
1455,51,8,2024-12-23,13.0,246.99098521619942,3210.88,Non-Billable
1456,51,11,2024-12-23,24.7,210.1115011743209,5189.75,Billable
1457,52,10,2022-05-17,74.7,246.99098521619942,18450.23,Billable
1458,52,2,2022-05-17,15.0,209.86584841970367,3147.99,Billable
1459,52,10,2022-06-17,51.5,246.99098521619942,12720.04,Billable
1460,52,8,2022-06-17,62.3,246.99098521619942,15387.54,Billable
1461,52,1,2022-07-17,24.0,209.86584841970367,5036.78,Billable
1462,52,10,2022-08-17,13.8,246.99098521619942,3408.48,Billable
1463,52,1,2022-08-17,41.8,209.86584841970367,8772.39,Billable
1464,52,2,2022-08-17,42.0,209.86584841970367,8814.37,Billable
1465,52,10,2022-09-17,78.3,246.99098521619942,19339.39,Billable
1466,52,8,2022-09-17,12.2,246.99098521619942,3013.29,Non-Billable
1467,52,10,2022-10-17,42.1,246.99098521619942,10398.32,Billable
1468,52,8,2022-10-17,25.4,246.99098521619942,6273.57,Billable
1469,52,1,2022-10-17,65.3,209.86584841970367,13704.24,Non-Billable
1470,52,2,2022-10-17,73.4,209.86584841970367,15404.15,Non-Billable
1471,52,10,2022-11-17,69.9,246.99098521619942,17264.67,Billable
1472,52,8,2022-11-17,46.5,246.99098521619942,11485.08,Billable
1473,52,1,2022-11-17,68.6,209.86584841970367,14396.8,Billable
1474,53,12,2022-05-20,72.4,155.80836121681995,11280.53,Non-Billable
1475,53,4,2022-05-20,74.0,263.9493860652042,19532.25,Billable
1476,53,11,2022-05-20,13.1,210.1115011743209,2752.46,Billable
1477,53,6,2022-05-20,45.3,311.18528947223797,14096.69,Billable
1478,53,7,2022-05-20,43.5,209.86584841970367,9129.16,Non-Billable
1479,53,12,2022-06-20,41.7,155.80836121681995,6497.21,Billable
1480,53,11,2022-06-20,58.5,210.1115011743209,12291.52,Billable
1481,53,6,2022-06-20,19.3,311.18528947223797,6005.88,Billable
1482,53,12,2022-07-20,11.1,155.80836121681995,1729.47,Non-Billable
1483,53,4,2022-07-20,59.2,263.9493860652042,15625.8,Non-Billable
1484,53,11,2022-07-20,11.7,210.1115011743209,2458.3,Billable
1485,53,6,2022-07-20,19.7,311.18528947223797,6130.35,Non-Billable
1486,53,7,2022-07-20,65.3,209.86584841970367,13704.24,Billable
1487,53,12,2022-08-20,59.3,155.80836121681995,9239.44,Billable
1488,53,4,2022-08-20,14.9,263.9493860652042,3932.85,Non-Billable
1489,53,11,2022-08-20,12.3,210.1115011743209,2584.37,Billable
1490,53,6,2022-08-20,58.9,311.18528947223797,18328.81,Non-Billable
1491,53,7,2022-08-20,65.6,209.86584841970367,13767.2,Non-Billable
1492,53,4,2022-09-20,61.5,263.9493860652042,16232.89,Billable
1493,53,11,2022-09-20,73.7,210.1115011743209,15485.22,Billable
1494,53,6,2022-09-20,17.8,311.18528947223797,5539.1,Billable
1495,53,7,2022-09-20,12.9,209.86584841970367,2707.27,Billable
1496,53,4,2022-10-20,14.7,263.9493860652042,3880.06,Non-Billable
1497,53,11,2022-10-20,19.7,210.1115011743209,4139.2,Billable
1498,53,12,2022-11-20,75.7,155.80836121681995,11794.69,Non-Billable
1499,53,4,2022-11-20,59.2,263.9493860652042,15625.8,Non-Billable
1500,53,11,2022-11-20,32.4,210.1115011743209,6807.61,Billable
1501,53,6,2022-11-20,39.6,311.18528947223797,12322.94,Billable
1502,53,12,2022-12-20,44.0,155.80836121681995,6855.57,Non-Billable
1503,53,4,2022-12-20,42.9,263.9493860652042,11323.43,Non-Billable
1504,53,11,2022-12-20,47.3,210.1115011743209,9938.27,Billable
1505,53,6,2022-12-20,35.8,311.18528947223797,11140.43,Non-Billable
1506,53,7,2022-12-20,66.6,209.86584841970367,13977.07,Billable
1507,53,4,2023-01-20,16.1,263.9493860652042,4249.59,Billable
1508,53,11,2023-01-20,30.2,210.1115011743209,6345.37,Billable
1509,53,12,2023-02-20,44.7,155.80836121681995,6964.63,Billable
1510,53,4,2023-02-20,53.9,263.9493860652042,14226.87,Billable
1511,53,11,2023-02-20,57.8,210.1115011743209,12144.44,Billable
1512,53,6,2023-02-20,39.4,311.18528947223797,12260.7,Non-Billable
1513,53,7,2023-02-20,30.4,209.86584841970367,6379.92,Billable
1514,53,4,2023-03-20,68.4,263.9493860652042,18054.14,Non-Billable
1515,53,11,2023-03-20,38.8,210.1115011743209,8152.33,Billable
1516,53,6,2023-03-20,65.1,311.18528947223797,20258.16,Billable
1517,53,7,2023-03-20,58.8,209.86584841970367,12340.11,Non-Billable
1518,53,12,2023-04-20,31.3,155.80836121681995,4876.8,Billable
1519,53,4,2023-04-20,31.5,263.9493860652042,8314.41,Billable
1520,53,6,2023-04-20,30.2,311.18528947223797,9397.8,Billable
1521,53,4,2023-05-20,53.3,263.9493860652042,14068.5,Billable
1522,53,11,2023-05-20,30.0,210.1115011743209,6303.35,Billable
1523,53,6,2023-05-20,58.5,311.18528947223797,18204.34,Non-Billable
1524,53,7,2023-05-20,21.3,209.86584841970367,4470.14,Billable
1525,53,4,2023-06-20,18.9,263.9493860652042,4988.64,Billable
1526,53,11,2023-06-20,24.4,210.1115011743209,5126.72,Non-Billable
1527,53,7,2023-06-20,34.1,209.86584841970367,7156.43,Billable
1528,53,12,2023-07-20,78.3,155.80836121681995,12199.79,Non-Billable
1529,53,4,2023-07-20,74.4,263.9493860652042,19637.83,Billable
1530,53,11,2023-07-20,63.8,210.1115011743209,13405.11,Billable
1531,53,6,2023-07-20,20.9,311.18528947223797,6503.77,Non-Billable
1532,53,7,2023-07-20,45.5,209.86584841970367,9548.9,Non-Billable
1533,53,12,2023-08-20,43.2,155.80836121681995,6730.92,Billable
1534,53,4,2023-08-20,62.8,263.9493860652042,16576.02,Non-Billable
1535,53,11,2023-08-20,66.0,210.1115011743209,13867.36,Non-Billable
1536,53,6,2023-08-20,40.9,311.18528947223797,12727.48,Non-Billable
1537,53,12,2023-09-20,12.8,155.80836121681995,1994.35,Non-Billable
1538,53,4,2023-09-20,31.6,263.9493860652042,8340.8,Billable
1539,53,11,2023-09-20,25.4,210.1115011743209,5336.83,Billable
1540,53,12,2023-10-20,50.8,155.80836121681995,7915.06,Billable
1541,53,4,2023-10-20,63.7,263.9493860652042,16813.58,Billable
1542,53,6,2023-10-20,41.2,311.18528947223797,12820.83,Non-Billable
1543,53,7,2023-10-20,78.3,209.86584841970367,16432.5,Billable
1544,53,4,2023-11-20,52.4,263.9493860652042,13830.95,Billable
1545,53,11,2023-11-20,35.3,210.1115011743209,7416.94,Billable
1546,53,6,2023-11-20,39.9,311.18528947223797,12416.29,Billable
1547,53,7,2023-11-20,29.9,209.86584841970367,6274.99,Billable
1548,53,12,2023-12-20,41.2,155.80836121681995,6419.3,Non-Billable
1549,53,11,2023-12-20,41.1,210.1115011743209,8635.58,Billable
1550,53,6,2023-12-20,30.2,311.18528947223797,9397.8,Non-Billable
1551,53,7,2023-12-20,39.7,209.86584841970367,8331.67,Billable
1552,53,4,2024-01-20,16.0,263.9493860652042,4223.19,Billable
1553,53,11,2024-01-20,79.2,210.1115011743209,16640.83,Non-Billable
1554,53,6,2024-01-20,14.6,311.18528947223797,4543.31,Non-Billable
1555,53,7,2024-01-20,16.2,209.86584841970367,3399.83,Billable
1556,53,12,2024-02-20,29.1,155.80836121681995,4534.02,Billable
1557,53,4,2024-02-20,59.7,263.9493860652042,15757.78,Billable
1558,53,6,2024-02-20,30.3,311.18528947223797,9428.91,Billable
1559,53,12,2024-03-20,68.4,155.80836121681995,10657.29,Billable
1560,53,4,2024-03-20,61.8,263.9493860652042,16312.07,Billable
1561,53,12,2024-04-20,68.4,155.80836121681995,10657.29,Billable
1562,53,11,2024-04-20,30.1,210.1115011743209,6324.36,Billable
1563,53,6,2024-04-20,58.1,311.18528947223797,18079.87,Billable
1564,53,12,2024-05-20,44.5,155.80836121681995,6933.47,Billable
1565,53,4,2024-05-20,35.3,263.9493860652042,9317.41,Billable
1566,53,11,2024-05-20,70.8,210.1115011743209,14875.89,Non-Billable
1567,53,6,2024-05-20,78.2,311.18528947223797,24334.69,Billable
1568,53,7,2024-05-20,61.3,209.86584841970367,12864.78,Billable
1569,53,12,2024-06-20,21.4,155.80836121681995,3334.3,Billable
1570,53,11,2024-06-20,58.5,210.1115011743209,12291.52,Billable
1571,54,11,2023-08-23,75.5,210.1115011743209,15863.42,Non-Billable
1572,54,1,2023-08-23,63.5,209.86584841970367,13326.48,Non-Billable
1573,54,5,2023-08-23,48.1,333.24426408004217,16029.05,Billable
1574,54,9,2023-08-23,57.9,496.7566614134116,28762.21,Billable
1575,54,6,2023-09-23,35.4,311.18528947223797,11015.96,Non-Billable
1576,54,1,2023-09-23,67.6,209.86584841970367,14186.93,Billable
1577,54,11,2023-10-23,38.8,210.1115011743209,8152.33,Billable
1578,54,11,2023-11-23,52.9,210.1115011743209,11114.9,Non-Billable
1579,54,6,2023-11-23,59.9,311.18528947223797,18640.0,Non-Billable
1580,54,1,2023-11-23,18.0,209.86584841970367,3777.59,Billable
1581,54,5,2023-11-23,18.2,333.24426408004217,6065.05,Billable
1582,54,9,2023-11-23,43.6,496.7566614134116,21658.59,Billable
1583,54,11,2023-12-23,19.7,210.1115011743209,4139.2,Billable
1584,54,6,2023-12-23,51.8,311.18528947223797,16119.4,Billable
1585,54,5,2023-12-23,62.1,333.24426408004217,20694.47,Billable
1586,54,11,2024-01-23,20.0,210.1115011743209,4202.23,Billable
1587,54,6,2024-01-23,24.7,311.18528947223797,7686.28,Billable
1588,54,1,2024-01-23,63.4,209.86584841970367,13305.49,Billable
1589,54,9,2024-01-23,63.0,496.7566614134116,31295.67,Billable
1590,54,1,2024-02-23,51.5,209.86584841970367,10808.09,Billable
1591,54,6,2024-03-23,62.8,311.18528947223797,19542.44,Billable
1592,54,1,2024-03-23,24.4,209.86584841970367,5120.73,Billable
1593,54,9,2024-03-23,16.4,496.7566614134116,8146.81,Non-Billable
1594,54,11,2024-04-23,76.4,210.1115011743209,16052.52,Billable
1595,54,6,2024-04-23,69.9,311.18528947223797,21751.85,Non-Billable
1596,54,1,2024-04-23,45.3,209.86584841970367,9506.92,Billable
1597,54,9,2024-04-23,11.0,496.7566614134116,5464.32,Billable
1598,54,11,2024-05-23,77.5,210.1115011743209,16283.64,Billable
1599,54,6,2024-05-23,47.6,311.18528947223797,14812.42,Non-Billable
1600,54,9,2024-05-23,59.5,496.7566614134116,29557.02,Billable
1601,55,11,2022-12-19,36.6,210.1115011743209,7690.08,Billable
1602,55,2,2022-12-19,38.5,209.86584841970367,8079.84,Billable
1603,55,8,2023-02-19,59.3,246.99098521619942,14646.57,Non-Billable
1604,55,11,2023-02-19,15.8,210.1115011743209,3319.76,Billable
1605,55,11,2023-03-19,31.8,210.1115011743209,6681.55,Billable
1606,55,8,2023-04-19,78.9,246.99098521619942,19487.59,Billable
1607,55,8,2023-05-19,43.3,246.99098521619942,10694.71,Non-Billable
1608,55,11,2023-05-19,10.9,210.1115011743209,2290.22,Non-Billable
1609,55,2,2023-05-19,17.4,209.86584841970367,3651.67,Billable
1610,55,8,2023-06-19,57.4,246.99098521619942,14177.28,Billable
1611,55,2,2023-06-19,51.3,209.86584841970367,10766.12,Billable
1612,55,8,2023-07-19,72.5,246.99098521619942,17906.85,Billable
1613,55,2,2023-07-19,33.7,209.86584841970367,7072.48,Non-Billable
1614,55,8,2023-08-19,38.3,246.99098521619942,9459.75,Billable
1615,55,11,2023-08-19,60.8,210.1115011743209,12774.78,Billable
1616,55,2,2023-08-19,63.6,209.86584841970367,13347.47,Non-Billable
1617,55,11,2023-09-19,55.1,210.1115011743209,11577.14,Billable
1618,55,2,2023-09-19,56.7,209.86584841970367,11899.39,Billable
1619,55,8,2023-10-19,45.8,246.99098521619942,11312.19,Billable
1620,55,11,2023-10-19,17.6,210.1115011743209,3697.96,Billable
1621,55,2,2023-10-19,26.2,209.86584841970367,5498.49,Billable
1622,55,11,2023-11-19,68.1,210.1115011743209,14308.59,Billable
1623,55,2,2023-11-19,78.0,209.86584841970367,16369.54,Billable
1624,55,8,2023-12-19,32.9,246.99098521619942,8126.0,Billable
1625,55,11,2023-12-19,16.7,210.1115011743209,3508.86,Billable
1626,55,2,2023-12-19,46.4,209.86584841970367,9737.78,Billable
1627,55,8,2024-01-19,24.1,246.99098521619942,5952.48,Non-Billable
1628,55,11,2024-01-19,45.3,210.1115011743209,9518.05,Non-Billable
1629,55,2,2024-01-19,70.2,209.86584841970367,14732.58,Non-Billable
1630,55,11,2024-02-19,79.3,210.1115011743209,16661.84,Billable
1631,55,2,2024-02-19,32.0,209.86584841970367,6715.71,Billable
1632,55,8,2024-03-19,12.5,246.99098521619942,3087.39,Billable
1633,55,11,2024-03-19,70.2,210.1115011743209,14749.83,Billable
1634,55,2,2024-03-19,21.5,209.86584841970367,4512.12,Billable
1635,55,11,2024-04-19,44.1,210.1115011743209,9265.92,Billable
1636,55,2,2024-04-19,44.3,209.86584841970367,9297.06,Non-Billable
1637,55,8,2024-05-19,50.1,246.99098521619942,12374.25,Billable
1638,55,11,2024-05-19,20.9,210.1115011743209,4391.33,Billable
1639,55,2,2024-05-19,44.6,209.86584841970367,9360.02,Billable
1640,55,8,2024-06-19,34.7,246.99098521619942,8570.59,Billable
1641,55,11,2024-06-19,12.0,210.1115011743209,2521.34,Billable
1642,55,8,2024-07-19,66.7,246.99098521619942,16474.3,Non-Billable
1643,55,2,2024-07-19,33.9,209.86584841970367,7114.45,Billable
1644,55,8,2024-08-19,79.4,246.99098521619942,19611.08,Billable
1645,55,11,2024-08-19,56.3,210.1115011743209,11829.28,Billable
1646,55,8,2024-09-19,15.9,246.99098521619942,3927.16,Non-Billable
1647,55,2,2024-09-19,33.6,209.86584841970367,7051.49,Billable
1648,56,1,2024-03-16,28.7,209.86584841970367,6023.15,Non-Billable
1649,56,8,2024-03-16,11.6,246.99098521619942,2865.1,Billable
1650,56,7,2024-03-16,37.3,209.86584841970367,7828.0,Non-Billable
1651,56,1,2024-04-16,58.4,209.86584841970367,12256.17,Billable
1652,56,8,2024-04-16,45.2,246.99098521619942,11163.99,Non-Billable
1653,56,7,2024-04-16,53.0,209.86584841970367,11122.89,Billable
1654,56,9,2024-04-16,24.1,496.7566614134116,11971.84,Non-Billable
1655,56,1,2024-05-16,65.1,209.86584841970367,13662.27,Non-Billable
1656,56,1,2024-06-16,66.3,209.86584841970367,13914.11,Non-Billable
1657,56,8,2024-06-16,16.4,246.99098521619942,4050.65,Non-Billable
1658,56,9,2024-06-16,14.7,496.7566614134116,7302.32,Non-Billable
1659,56,1,2024-07-16,24.7,209.86584841970367,5183.69,Billable
1660,56,8,2024-07-16,31.1,246.99098521619942,7681.42,Billable
1661,56,7,2024-07-16,47.8,209.86584841970367,10031.59,Billable
1662,56,9,2024-07-16,27.6,496.7566614134116,13710.48,Non-Billable
1663,56,1,2024-08-16,63.4,209.86584841970367,13305.49,Billable
1664,56,8,2024-08-16,53.9,246.99098521619942,13312.81,Non-Billable
1665,56,7,2024-08-16,50.4,209.86584841970367,10577.24,Billable
1666,56,9,2024-08-16,67.7,496.7566614134116,33630.43,Billable
1667,56,8,2024-09-16,66.6,246.99098521619942,16449.6,Billable
1668,56,7,2024-09-16,60.9,209.86584841970367,12780.83,Billable
1669,56,9,2024-09-16,35.5,496.7566614134116,17634.86,Billable
1670,56,8,2024-10-16,63.6,246.99098521619942,15708.63,Billable
1671,56,7,2024-10-16,70.2,209.86584841970367,14732.58,Billable
1672,56,9,2024-10-16,69.2,496.7566614134116,34375.56,Billable
1673,56,1,2024-11-16,55.2,209.86584841970367,11584.59,Billable
1674,56,8,2024-11-16,26.5,246.99098521619942,6545.26,Billable
1675,56,8,2024-12-16,42.5,246.99098521619942,10497.12,Non-Billable
1676,56,7,2024-12-16,39.5,209.86584841970367,8289.7,Billable
1677,57,3,2022-09-15,22.3,356.50515929852793,7950.07,Billable
1678,57,1,2022-09-15,44.0,209.86584841970367,9234.1,Billable
1679,57,10,2022-09-15,32.0,246.99098521619942,7903.71,Billable
1680,57,3,2022-10-15,73.0,356.50515929852793,26024.88,Billable
1681,57,1,2022-10-15,57.0,209.86584841970367,11962.35,Billable
1682,57,5,2022-10-15,68.8,333.24426408004217,22927.21,Billable
1683,57,3,2022-11-15,45.0,356.50515929852793,16042.73,Billable
1684,57,1,2022-11-15,68.0,209.86584841970367,14270.88,Non-Billable
1685,57,10,2022-11-15,26.7,246.99098521619942,6594.66,Billable
1686,57,3,2022-12-15,31.9,356.50515929852793,11372.51,Non-Billable
1687,57,1,2022-12-15,66.4,209.86584841970367,13935.09,Non-Billable
1688,57,10,2022-12-15,20.1,246.99098521619942,4964.52,Billable
1689,57,5,2023-01-15,70.4,333.24426408004217,23460.4,Billable
1690,57,10,2023-01-15,36.2,246.99098521619942,8941.07,Billable
1691,57,3,2023-02-15,39.7,356.50515929852793,14153.25,Non-Billable
1692,57,10,2023-02-15,20.1,246.99098521619942,4964.52,Billable
1693,57,3,2023-03-15,67.5,356.50515929852793,24064.1,Billable
1694,57,1,2023-03-15,73.4,209.86584841970367,15404.15,Billable
1695,57,5,2023-03-15,56.4,333.24426408004217,18794.98,Billable
1696,57,10,2023-03-15,65.2,246.99098521619942,16103.81,Billable
1697,57,1,2023-04-15,54.7,209.86584841970367,11479.66,Non-Billable
1698,57,5,2023-04-15,66.9,333.24426408004217,22294.04,Billable
1699,57,10,2023-04-15,26.5,246.99098521619942,6545.26,Billable
1700,57,3,2023-05-15,73.7,356.50515929852793,26274.43,Billable
1701,57,1,2023-05-15,74.3,209.86584841970367,15593.03,Billable
1702,57,10,2023-05-15,26.5,246.99098521619942,6545.26,Billable
1703,57,3,2023-06-15,21.2,356.50515929852793,7557.91,Billable
1704,57,1,2023-06-15,71.6,209.86584841970367,15026.39,Non-Billable
1705,57,5,2023-06-15,12.4,333.24426408004217,4132.23,Billable
1706,57,10,2023-06-15,75.8,246.99098521619942,18721.92,Billable
1707,57,3,2023-07-15,74.9,356.50515929852793,26702.24,Billable
1708,57,1,2023-07-15,71.4,209.86584841970367,14984.42,Billable
1709,57,5,2023-07-15,58.9,333.24426408004217,19628.09,Non-Billable
1710,57,3,2023-08-15,61.0,356.50515929852793,21746.81,Non-Billable
1711,57,1,2023-08-15,41.7,209.86584841970367,8751.41,Billable
1712,57,5,2023-08-15,54.9,333.24426408004217,18295.11,Billable
1713,57,10,2023-08-15,65.4,246.99098521619942,16153.21,Billable
1714,57,5,2023-09-15,50.3,333.24426408004217,16762.19,Billable
1715,57,3,2023-10-15,77.9,356.50515929852793,27771.75,Non-Billable
1716,57,1,2023-10-15,69.3,209.86584841970367,14543.7,Non-Billable
1717,57,5,2023-10-15,75.8,333.24426408004217,25259.92,Billable
1718,57,10,2023-10-15,61.5,246.99098521619942,15189.95,Billable
1719,57,1,2023-11-15,32.9,209.86584841970367,6904.59,Billable
1720,57,10,2023-11-15,22.7,246.99098521619942,5606.7,Billable
1721,57,3,2023-12-15,71.9,356.50515929852793,25632.72,Billable
1722,57,10,2023-12-15,52.8,246.99098521619942,13041.12,Billable
1723,57,3,2024-01-15,78.2,356.50515929852793,27878.7,Billable
1724,57,5,2024-01-15,13.5,333.24426408004217,4498.8,Non-Billable
1725,57,10,2024-01-15,28.2,246.99098521619942,6965.15,Billable
1726,57,3,2024-02-15,21.9,356.50515929852793,7807.46,Non-Billable
1727,57,5,2024-02-15,40.5,333.24426408004217,13496.39,Billable
1728,57,10,2024-02-15,44.6,246.99098521619942,11015.8,Billable
1729,57,3,2024-03-15,23.3,356.50515929852793,8306.57,Billable
1730,57,5,2024-03-15,19.1,333.24426408004217,6364.97,Billable
1731,57,10,2024-03-15,79.7,246.99098521619942,19685.18,Billable
1732,57,3,2024-04-15,23.3,356.50515929852793,8306.57,Billable
1733,57,1,2024-04-15,20.2,209.86584841970367,4239.29,Billable
1734,57,5,2024-04-15,26.5,333.24426408004217,8830.97,Billable
1735,57,10,2024-04-15,35.9,246.99098521619942,8866.98,Non-Billable
1736,57,3,2024-05-15,16.0,356.50515929852793,5704.08,Billable
1737,57,5,2024-05-15,58.5,333.24426408004217,19494.79,Non-Billable
1738,57,3,2024-06-15,39.6,356.50515929852793,14117.6,Non-Billable
1739,57,3,2024-07-15,26.4,356.50515929852793,9411.74,Billable
1740,57,1,2024-07-15,75.8,209.86584841970367,15907.83,Non-Billable
1741,57,5,2024-07-15,66.7,333.24426408004217,22227.39,Billable
1742,57,3,2024-08-15,31.2,356.50515929852793,11122.96,Billable
1743,57,1,2024-08-15,19.3,209.86584841970367,4050.41,Non-Billable
1744,58,9,2023-11-01,19.2,496.7566614134116,9537.73,Billable
1745,58,8,2023-11-01,40.3,246.99098521619942,9953.74,Billable
1746,58,6,2023-12-01,68.4,311.18528947223797,21285.07,Non-Billable
1747,58,9,2024-01-01,40.1,496.7566614134116,19919.94,Billable
1748,58,8,2024-01-01,63.3,246.99098521619942,15634.53,Billable
1749,58,6,2024-01-01,40.5,311.18528947223797,12603.0,Billable
1750,58,9,2024-02-01,79.6,496.7566614134116,39541.83,Billable
1751,58,8,2024-02-01,74.6,246.99098521619942,18425.53,Non-Billable
1752,58,6,2024-02-01,13.7,311.18528947223797,4263.24,Billable
1753,58,6,2024-03-01,21.4,311.18528947223797,6659.37,Billable
1754,58,9,2024-04-01,79.7,496.7566614134116,39591.51,Billable
1755,58,6,2024-04-01,59.6,311.18528947223797,18546.64,Billable
1756,58,9,2024-05-01,17.9,496.7566614134116,8891.94,Non-Billable
1757,58,8,2024-05-01,18.7,246.99098521619942,4618.73,Billable
1758,58,8,2024-06-01,62.5,246.99098521619942,15436.94,Billable
1759,58,6,2024-06-01,56.4,311.18528947223797,17550.85,Billable
1760,58,9,2024-07-01,78.0,496.7566614134116,38747.02,Non-Billable
1761,58,8,2024-07-01,22.6,246.99098521619942,5582.0,Billable
1762,58,9,2024-08-01,16.6,496.7566614134116,8246.16,Billable
1763,58,6,2024-08-01,57.6,311.18528947223797,17924.27,Billable
1764,58,9,2024-09-01,75.0,496.7566614134116,37256.75,Billable
1765,58,8,2024-09-01,20.8,246.99098521619942,5137.41,Billable
1766,58,6,2024-09-01,59.5,311.18528947223797,18515.52,Billable
1767,58,9,2024-10-01,76.9,496.7566614134116,38200.59,Non-Billable
1768,58,8,2024-10-01,33.1,246.99098521619942,8175.4,Billable
1769,58,6,2024-10-01,76.6,311.18528947223797,23836.79,Billable
1770,59,4,2022-09-25,13.9,263.9493860652042,3668.9,Billable
1771,59,1,2022-09-25,52.2,209.86584841970367,10955.0,Billable
1772,59,5,2022-09-25,22.5,333.24426408004217,7498.0,Billable
1773,59,1,2022-10-25,21.4,209.86584841970367,4491.13,Billable
1774,59,4,2022-11-25,55.8,263.9493860652042,14728.38,Billable
1775,59,5,2022-11-25,61.5,333.24426408004217,20494.52,Billable
1776,59,4,2022-12-25,52.2,263.9493860652042,13778.16,Billable
1777,59,1,2022-12-25,68.2,209.86584841970367,14312.85,Non-Billable
1778,59,4,2023-01-25,37.2,263.9493860652042,9818.92,Billable
1779,59,1,2023-01-25,39.6,209.86584841970367,8310.69,Billable
1780,59,5,2023-01-25,53.0,333.24426408004217,17661.95,Billable
1781,59,4,2023-02-25,16.5,263.9493860652042,4355.16,Non-Billable
1782,59,1,2023-02-25,42.4,209.86584841970367,8898.31,Billable
1783,59,5,2023-02-25,60.0,333.24426408004217,19994.66,Billable
1784,59,4,2023-03-25,55.3,263.9493860652042,14596.4,Billable
1785,59,5,2023-03-25,73.5,333.24426408004217,24493.45,Billable
1786,59,4,2023-04-25,78.9,263.9493860652042,20825.61,Non-Billable
1787,59,1,2023-04-25,68.9,209.86584841970367,14459.76,Non-Billable
1788,59,5,2023-04-25,49.8,333.24426408004217,16595.56,Non-Billable
1789,59,4,2023-06-25,16.6,263.9493860652042,4381.56,Non-Billable
1790,59,1,2023-06-25,66.9,209.86584841970367,14040.03,Billable
1791,59,1,2023-07-25,18.0,209.86584841970367,3777.59,Non-Billable
1792,59,5,2023-07-25,65.0,333.24426408004217,21660.88,Billable
1793,59,1,2023-08-25,59.3,209.86584841970367,12445.04,Billable
1794,59,5,2023-08-25,41.8,333.24426408004217,13929.61,Non-Billable
1795,59,4,2023-09-25,66.5,263.9493860652042,17552.63,Billable
1796,59,1,2023-09-25,71.0,209.86584841970367,14900.48,Billable
1797,59,1,2023-10-25,28.2,209.86584841970367,5918.22,Non-Billable
1798,59,4,2023-11-25,10.4,263.9493860652042,2745.07,Billable
1799,59,5,2023-11-25,42.2,333.24426408004217,14062.91,Billable
1800,59,4,2023-12-25,77.6,263.9493860652042,20482.47,Non-Billable
1801,59,1,2023-12-25,31.2,209.86584841970367,6547.81,Non-Billable
1802,59,5,2023-12-25,57.2,333.24426408004217,19061.57,Non-Billable
1803,59,4,2024-01-25,66.3,263.9493860652042,17499.84,Billable
1804,59,5,2024-02-25,70.1,333.24426408004217,23360.42,Billable
1805,59,4,2024-03-25,20.2,263.9493860652042,5331.78,Billable
1806,59,1,2024-03-25,53.8,209.86584841970367,11290.78,Non-Billable
1807,60,7,2022-07-12,77.5,209.86584841970367,16264.6,Billable
1808,60,3,2022-08-12,27.0,356.50515929852793,9625.64,Billable
1809,60,12,2022-08-12,68.4,155.80836121681995,10657.29,Billable
1810,60,7,2022-08-12,17.2,209.86584841970367,3609.69,Non-Billable
1811,60,8,2022-09-12,39.1,246.99098521619942,9657.35,Billable
1812,60,3,2022-09-12,51.7,356.50515929852793,18431.32,Non-Billable
1813,60,12,2022-09-12,12.6,155.80836121681995,1963.19,Billable
1814,60,7,2022-09-12,51.4,209.86584841970367,10787.1,Non-Billable
1815,60,8,2022-10-12,73.4,246.99098521619942,18129.14,Billable
1816,60,8,2022-11-12,48.7,246.99098521619942,12028.46,Billable
1817,60,3,2022-11-12,39.2,356.50515929852793,13975.0,Billable
1818,60,7,2022-11-12,55.2,209.86584841970367,11584.59,Billable
1819,60,8,2022-12-12,11.5,246.99098521619942,2840.4,Billable
1820,60,3,2022-12-12,42.8,356.50515929852793,15258.42,Billable
1821,60,8,2023-01-12,33.7,246.99098521619942,8323.6,Non-Billable
1822,60,3,2023-01-12,60.1,356.50515929852793,21425.96,Billable
1823,60,8,2023-02-12,77.2,246.99098521619942,19067.7,Non-Billable
1824,60,3,2023-02-12,35.2,356.50515929852793,12548.98,Billable
1825,60,12,2023-02-12,69.1,155.80836121681995,10766.36,Non-Billable
1826,60,8,2023-03-12,16.0,246.99098521619942,3951.86,Billable
1827,60,7,2023-03-12,17.1,209.86584841970367,3588.71,Billable
1828,60,8,2023-04-12,44.6,246.99098521619942,11015.8,Billable
1829,60,8,2023-05-12,35.0,246.99098521619942,8644.68,Billable
1830,60,12,2023-05-12,45.2,155.80836121681995,7042.54,Billable
1831,60,7,2023-05-12,18.0,209.86584841970367,3777.59,Billable
1832,60,7,2023-06-12,34.9,209.86584841970367,7324.32,Billable
1833,60,8,2023-07-12,49.0,246.99098521619942,12102.56,Billable
1834,60,3,2023-07-12,71.2,356.50515929852793,25383.17,Non-Billable
1835,60,12,2023-07-12,59.4,155.80836121681995,9255.02,Billable
1836,60,7,2023-07-12,77.4,209.86584841970367,16243.62,Billable
1837,60,8,2023-08-12,64.7,246.99098521619942,15980.32,Non-Billable
1838,60,3,2023-08-12,76.3,356.50515929852793,27201.34,Non-Billable
1839,60,8,2023-09-12,71.0,246.99098521619942,17536.36,Billable
1840,60,7,2023-09-12,45.4,209.86584841970367,9527.91,Non-Billable
1841,60,8,2023-10-12,20.8,246.99098521619942,5137.41,Billable
1842,60,3,2023-10-12,19.6,356.50515929852793,6987.5,Billable
1843,60,12,2023-10-12,39.1,155.80836121681995,6092.11,Billable
1844,60,8,2023-11-12,33.9,246.99098521619942,8372.99,Non-Billable
1845,60,7,2023-11-12,39.1,209.86584841970367,8205.75,Non-Billable
1846,60,8,2023-12-12,20.6,246.99098521619942,5088.01,Non-Billable
1847,60,3,2023-12-12,26.0,356.50515929852793,9269.13,Billable
1848,60,12,2023-12-12,38.7,155.80836121681995,6029.78,Billable
1849,60,7,2023-12-12,46.1,209.86584841970367,9674.82,Non-Billable
1850,60,8,2024-01-12,12.1,246.99098521619942,2988.59,Billable
1851,60,3,2024-01-12,60.2,356.50515929852793,21461.61,Non-Billable
1852,60,12,2024-01-12,15.9,155.80836121681995,2477.35,Billable
1853,60,7,2024-01-12,64.1,209.86584841970367,13452.4,Billable
1854,60,3,2024-02-12,56.2,356.50515929852793,20035.59,Non-Billable
1855,60,7,2024-02-12,78.4,209.86584841970367,16453.48,Non-Billable
1856,60,8,2024-03-12,71.3,246.99098521619942,17610.46,Billable
1857,60,3,2024-03-12,72.0,356.50515929852793,25668.37,Non-Billable
1858,60,12,2024-03-12,31.3,155.80836121681995,4876.8,Non-Billable
1859,60,7,2024-03-12,34.1,209.86584841970367,7156.43,Billable
1860,60,8,2024-04-12,52.7,246.99098521619942,13016.42,Billable
1861,60,3,2024-04-12,41.2,356.50515929852793,14688.01,Billable
1862,60,12,2024-04-12,53.7,155.80836121681995,8366.91,Non-Billable
1863,60,7,2024-04-12,58.8,209.86584841970367,12340.11,Non-Billable
1864,60,8,2024-05-12,23.8,246.99098521619942,5878.39,Billable
1865,60,12,2024-05-12,37.3,155.80836121681995,5811.65,Non-Billable
1866,60,7,2024-05-12,18.8,209.86584841970367,3945.48,Non-Billable
1867,60,12,2024-06-12,46.5,155.80836121681995,7245.09,Non-Billable
1868,60,3,2024-07-12,51.5,356.50515929852793,18360.02,Billable
1869,60,12,2024-07-12,31.3,155.80836121681995,4876.8,Billable
1870,60,7,2024-07-12,17.7,209.86584841970367,3714.63,Billable
1871,60,8,2024-08-12,28.2,246.99098521619942,6965.15,Non-Billable
1872,60,3,2024-08-12,13.3,356.50515929852793,4741.52,Non-Billable
1873,60,12,2024-08-12,41.4,155.80836121681995,6450.47,Non-Billable
1874,60,7,2024-08-12,41.7,209.86584841970367,8751.41,Billable
1875,60,8,2024-09-12,79.2,246.99098521619942,19561.69,Non-Billable
1876,60,3,2024-09-12,75.6,356.50515929852793,26951.79,Non-Billable
1877,60,12,2024-09-12,51.7,155.80836121681995,8055.29,Billable
1878,60,8,2024-10-12,67.1,246.99098521619942,16573.1,Non-Billable
1879,60,3,2024-10-12,60.0,356.50515929852793,21390.31,Non-Billable
1880,60,12,2024-10-12,17.4,155.80836121681995,2711.07,Non-Billable
1881,60,7,2024-10-12,67.6,209.86584841970367,14186.93,Billable
1882,60,8,2024-11-12,20.3,246.99098521619942,5013.92,Billable
1883,60,3,2024-11-12,15.7,356.50515929852793,5597.13,Billable
1884,60,12,2024-11-12,19.1,155.80836121681995,2975.94,Billable
1885,60,7,2024-11-12,35.9,209.86584841970367,7534.18,Non-Billable
1886,60,8,2024-12-12,49.1,246.99098521619942,12127.26,Billable
1887,60,3,2024-12-12,50.9,356.50515929852793,18146.11,Non-Billable
1888,60,12,2024-12-12,40.8,155.80836121681995,6356.98,Billable
1889,60,7,2024-12-12,39.2,209.86584841970367,8226.74,Billable
1890,61,9,2024-01-01,19.1,496.7566614134116,9488.05,Non-Billable
1891,61,3,2024-01-01,47.0,356.50515929852793,16755.74,Non-Billable
1892,61,9,2024-02-01,62.3,496.7566614134116,30947.94,Non-Billable
1893,61,3,2024-02-01,76.6,356.50515929852793,27308.3,Non-Billable
1894,61,8,2024-02-01,17.7,246.99098521619942,4371.74,Billable
1895,61,9,2024-03-01,12.8,496.7566614134116,6358.49,Billable
1896,61,8,2024-03-01,36.2,246.99098521619942,8941.07,Billable
1897,61,9,2024-04-01,65.4,496.7566614134116,32487.89,Billable
1898,61,3,2024-04-01,39.5,356.50515929852793,14081.95,Billable
1899,61,8,2024-04-01,25.1,246.99098521619942,6199.47,Non-Billable
1900,61,9,2024-05-01,18.6,496.7566614134116,9239.67,Billable
1901,61,9,2024-06-01,31.7,496.7566614134116,15747.19,Billable
1902,61,3,2024-06-01,64.7,356.50515929852793,23065.88,Billable
1903,61,8,2024-06-01,68.4,246.99098521619942,16894.18,Billable
1904,62,9,2024-09-20,56.7,496.7566614134116,28166.1,Billable
1905,62,11,2024-09-20,32.8,210.1115011743209,6891.66,Non-Billable
1906,62,8,2024-09-20,38.7,246.99098521619942,9558.55,Billable
1907,62,9,2024-10-20,33.7,496.7566614134116,16740.7,Billable
1908,62,11,2024-10-20,72.3,210.1115011743209,15191.06,Non-Billable
1909,62,9,2024-12-20,64.0,496.7566614134116,31792.43,Billable
1910,62,11,2024-12-20,18.7,210.1115011743209,3929.09,Non-Billable
1911,63,9,2024-07-08,72.8,496.7566614134116,36163.88,Billable
1912,63,10,2024-08-08,47.2,246.99098521619942,11657.97,Billable
1913,63,9,2024-09-08,68.7,496.7566614134116,34127.18,Non-Billable
1914,63,10,2024-10-08,66.5,246.99098521619942,16424.9,Non-Billable
1915,63,9,2024-10-08,51.2,496.7566614134116,25433.94,Billable
1916,63,10,2024-11-08,11.6,246.99098521619942,2865.1,Billable
1917,63,9,2024-12-08,36.7,496.7566614134116,18230.97,Billable
1918,64,2,2022-11-14,38.5,209.86584841970367,8079.84,Billable
1919,64,2,2022-12-14,22.7,209.86584841970367,4763.95,Non-Billable
1920,64,2,2023-01-14,32.4,209.86584841970367,6799.65,Billable
1921,64,9,2023-01-14,28.1,496.7566614134116,13958.86,Billable
1922,64,2,2023-03-14,26.6,209.86584841970367,5582.43,Non-Billable
1923,64,9,2023-03-14,37.0,496.7566614134116,18380.0,Billable
1924,64,9,2023-04-14,48.7,496.7566614134116,24192.05,Billable
1925,64,2,2023-05-14,38.5,209.86584841970367,8079.84,Billable
1926,64,9,2023-05-14,11.3,496.7566614134116,5613.35,Non-Billable
1927,64,2,2023-06-14,57.3,209.86584841970367,12025.31,Billable
1928,64,9,2023-06-14,55.6,496.7566614134116,27619.67,Billable
1929,64,2,2023-07-14,38.5,209.86584841970367,8079.84,Billable
1930,64,9,2023-07-14,45.0,496.7566614134116,22354.05,Billable
1931,64,2,2023-08-14,79.0,209.86584841970367,16579.4,Billable
1932,64,9,2023-08-14,39.7,496.7566614134116,19721.24,Non-Billable
1933,64,2,2023-09-14,10.1,209.86584841970367,2119.65,Billable
1934,64,9,2023-09-14,53.5,496.7566614134116,26576.48,Non-Billable
1935,64,2,2023-10-14,10.0,209.86584841970367,2098.66,Billable
1936,64,9,2023-11-14,79.9,496.7566614134116,39690.86,Non-Billable
1937,64,9,2023-12-14,29.7,496.7566614134116,14753.67,Billable
1938,64,2,2024-01-14,49.4,209.86584841970367,10367.37,Billable
1939,64,2,2024-02-14,68.1,209.86584841970367,14291.86,Non-Billable
1940,64,9,2024-02-14,29.6,496.7566614134116,14704.0,Billable
1941,64,9,2024-03-14,66.1,496.7566614134116,32835.62,Non-Billable
1942,64,2,2024-04-14,54.5,209.86584841970367,11437.69,Non-Billable
1943,64,9,2024-04-14,27.2,496.7566614134116,13511.78,Billable
1944,64,2,2024-05-14,42.2,209.86584841970367,8856.34,Non-Billable
1945,64,9,2024-05-14,74.0,496.7566614134116,36759.99,Billable
1946,64,2,2024-06-14,10.1,209.86584841970367,2119.65,Billable
1947,64,2,2024-08-14,58.8,209.86584841970367,12340.11,Billable
1948,64,9,2024-08-14,47.7,496.7566614134116,23695.29,Non-Billable
1949,64,2,2024-09-14,47.7,209.86584841970367,10010.6,Non-Billable
1950,64,9,2024-09-14,18.6,496.7566614134116,9239.67,Billable
1951,64,2,2024-10-14,35.1,209.86584841970367,7366.29,Billable
1952,64,9,2024-10-14,66.8,496.7566614134116,33183.34,Billable
1953,64,9,2024-11-14,23.5,496.7566614134116,11673.78,Billable
1954,65,11,2024-01-30,53.8,210.1115011743209,11304.0,Non-Billable
1955,65,4,2024-01-30,77.7,263.9493860652042,20508.87,Billable
1956,65,11,2024-02-29,59.5,210.1115011743209,12501.63,Billable
1957,65,4,2024-02-29,54.7,263.9493860652042,14438.03,Billable
1958,65,2,2024-02-29,49.8,209.86584841970367,10451.32,Billable
1959,65,4,2024-03-29,57.1,263.9493860652042,15071.51,Non-Billable
1960,65,2,2024-03-29,14.6,209.86584841970367,3064.04,Billable
1961,65,11,2024-04-29,18.9,210.1115011743209,3971.11,Non-Billable
1962,65,6,2024-04-29,71.7,311.18528947223797,22311.99,Non-Billable
1963,65,4,2024-04-29,23.4,263.9493860652042,6176.42,Non-Billable
1964,65,11,2024-05-29,57.4,210.1115011743209,12060.4,Non-Billable
1965,65,4,2024-05-29,41.8,263.9493860652042,11033.08,Billable
1966,65,2,2024-05-29,76.0,209.86584841970367,15949.8,Billable
1967,65,11,2024-06-29,32.6,210.1115011743209,6849.63,Billable
1968,65,4,2024-06-29,42.7,263.9493860652042,11270.64,Billable
1969,65,2,2024-06-29,13.0,209.86584841970367,2728.26,Non-Billable
1970,65,4,2024-07-29,41.4,263.9493860652042,10927.5,Billable
1971,65,2,2024-07-29,33.4,209.86584841970367,7009.52,Non-Billable
1972,65,11,2024-08-29,79.3,210.1115011743209,16661.84,Billable
1973,65,6,2024-08-29,39.7,311.18528947223797,12354.06,Billable
1974,65,4,2024-08-29,23.8,263.9493860652042,6282.0,Billable
1975,65,2,2024-08-29,53.8,209.86584841970367,11290.78,Billable
1976,65,6,2024-09-29,11.7,311.18528947223797,3640.87,Non-Billable
1977,65,4,2024-09-29,68.8,263.9493860652042,18159.72,Billable
1978,65,6,2024-10-29,13.8,311.18528947223797,4294.36,Billable
1979,65,4,2024-10-29,26.6,263.9493860652042,7021.05,Billable
1980,65,2,2024-10-29,53.4,209.86584841970367,11206.84,Billable
1981,65,11,2024-11-29,50.5,210.1115011743209,10610.63,Billable
1982,65,6,2024-11-29,74.2,311.18528947223797,23089.95,Billable
1983,65,4,2024-11-29,69.3,263.9493860652042,18291.69,Billable
1984,65,2,2024-11-29,14.3,209.86584841970367,3001.08,Billable
1985,65,6,2024-12-29,40.2,311.18528947223797,12509.65,Billable
1986,65,4,2024-12-29,49.1,263.9493860652042,12959.91,Billable
1987,65,2,2024-12-29,38.1,209.86584841970367,7995.89,Non-Billable
1988,66,4,2023-04-06,65.7,263.9493860652042,17341.47,Non-Billable
1989,66,10,2023-04-06,33.8,246.99098521619942,8348.3,Non-Billable
1990,66,11,2023-04-06,41.8,210.1115011743209,8782.66,Billable
1991,66,1,2023-04-06,17.6,209.86584841970367,3693.64,Billable
1992,66,8,2023-04-06,14.7,246.99098521619942,3630.77,Billable
1993,66,4,2023-05-06,18.8,263.9493860652042,4962.25,Non-Billable
1994,66,11,2023-05-06,60.7,210.1115011743209,12753.77,Billable
1995,66,11,2023-06-06,45.9,210.1115011743209,9644.12,Non-Billable
1996,66,1,2023-06-06,31.8,209.86584841970367,6673.73,Non-Billable
1997,66,8,2023-06-06,20.3,246.99098521619942,5013.92,Billable
1998,66,4,2023-07-06,30.4,263.9493860652042,8024.06,Billable
1999,66,10,2023-07-06,56.0,246.99098521619942,13831.5,Billable
2000,66,1,2023-07-06,68.5,209.86584841970367,14375.81,Billable
2001,66,8,2023-07-06,23.7,246.99098521619942,5853.69,Billable
2002,66,4,2023-08-06,24.1,263.9493860652042,6361.18,Billable
2003,66,10,2023-08-06,56.8,246.99098521619942,14029.09,Non-Billable
2004,66,11,2023-08-06,42.7,210.1115011743209,8971.76,Non-Billable
2005,66,1,2023-08-06,50.5,209.86584841970367,10598.23,Billable
2006,66,8,2023-08-06,39.3,246.99098521619942,9706.75,Billable
2007,66,10,2023-09-06,73.7,246.99098521619942,18203.24,Billable
2008,66,10,2023-10-06,26.7,246.99098521619942,6594.66,Non-Billable
2009,66,11,2023-10-06,67.0,210.1115011743209,14077.47,Non-Billable
2010,66,1,2023-10-06,38.0,209.86584841970367,7974.9,Billable
2011,66,8,2023-10-06,15.2,246.99098521619942,3754.26,Billable
2012,66,4,2023-11-06,20.0,263.9493860652042,5278.99,Billable
2013,66,11,2023-11-06,63.6,210.1115011743209,13363.09,Billable
2014,66,1,2023-11-06,23.9,209.86584841970367,5015.79,Billable
2015,66,4,2023-12-06,60.3,263.9493860652042,15916.15,Billable
2016,66,10,2023-12-06,27.2,246.99098521619942,6718.15,Billable
2017,66,1,2023-12-06,73.7,209.86584841970367,15467.11,Billable
2018,66,8,2023-12-06,19.6,246.99098521619942,4841.02,Non-Billable
2019,66,4,2024-01-06,17.8,263.9493860652042,4698.3,Billable
2020,66,10,2024-01-06,26.8,246.99098521619942,6619.36,Billable
2021,66,11,2024-01-06,75.9,210.1115011743209,15947.46,Non-Billable
2022,66,1,2024-01-06,71.5,209.86584841970367,15005.41,Billable
2023,66,4,2024-02-06,19.2,263.9493860652042,5067.83,Billable
2024,66,11,2024-02-06,36.2,210.1115011743209,7606.04,Non-Billable
2025,66,1,2024-02-06,54.5,209.86584841970367,11437.69,Billable
2026,66,8,2024-02-06,51.1,246.99098521619942,12621.24,Non-Billable
2027,66,1,2024-03-06,29.6,209.86584841970367,6212.03,Billable
2028,66,8,2024-03-06,77.8,246.99098521619942,19215.9,Billable
2029,66,11,2024-04-06,56.4,210.1115011743209,11850.29,Billable
2030,66,8,2024-04-06,71.8,246.99098521619942,17733.95,Non-Billable
2031,66,4,2024-05-06,46.3,263.9493860652042,12220.86,Billable
2032,66,10,2024-05-06,36.2,246.99098521619942,8941.07,Non-Billable
2033,66,11,2024-05-06,76.9,210.1115011743209,16157.57,Billable
2034,66,8,2024-05-06,74.5,246.99098521619942,18400.83,Non-Billable
2035,66,4,2024-06-06,24.5,263.9493860652042,6466.76,Billable
2036,66,10,2024-06-06,26.4,246.99098521619942,6520.56,Billable
2037,66,11,2024-06-06,72.2,210.1115011743209,15170.05,Non-Billable
2038,66,8,2024-06-06,27.8,246.99098521619942,6866.35,Billable
2039,66,11,2024-07-06,34.6,210.1115011743209,7269.86,Non-Billable
2040,66,8,2024-07-06,33.5,246.99098521619942,8274.2,Billable
2041,66,4,2024-08-06,38.6,263.9493860652042,10188.45,Billable
2042,66,10,2024-08-06,36.8,246.99098521619942,9089.27,Billable
2043,66,11,2024-08-06,28.6,210.1115011743209,6009.19,Billable
2044,66,1,2024-08-06,15.8,209.86584841970367,3315.88,Non-Billable
2045,66,8,2024-08-06,55.1,246.99098521619942,13609.2,Billable
2046,67,2,2024-04-05,48.2,209.86584841970367,10115.53,Billable
2047,67,11,2024-04-05,31.2,210.1115011743209,6555.48,Non-Billable
2048,67,2,2024-05-05,23.3,209.86584841970367,4889.87,Non-Billable
2049,67,12,2024-05-05,79.9,155.80836121681995,12449.09,Non-Billable
2050,67,11,2024-05-05,73.9,210.1115011743209,15527.24,Billable
2051,67,2,2024-06-05,29.7,209.86584841970367,6233.02,Billable
2052,67,12,2024-06-05,38.3,155.80836121681995,5967.46,Billable
2053,67,11,2024-06-05,63.0,210.1115011743209,13237.02,Billable
2054,67,2,2024-07-05,45.9,209.86584841970367,9632.84,Billable
2055,67,12,2024-07-05,25.9,155.80836121681995,4035.44,Non-Billable
2056,67,11,2024-07-05,43.2,210.1115011743209,9076.82,Non-Billable
2057,67,2,2024-08-05,48.7,209.86584841970367,10220.47,Billable
2058,67,12,2024-08-05,42.3,155.80836121681995,6590.69,Billable
2059,67,11,2024-08-05,23.1,210.1115011743209,4853.58,Non-Billable
2060,67,2,2024-09-05,40.7,209.86584841970367,8541.54,Non-Billable
2061,67,2,2024-10-05,31.4,209.86584841970367,6589.79,Non-Billable
2062,67,11,2024-10-05,68.4,210.1115011743209,14371.63,Billable
2063,67,12,2024-11-05,62.7,155.80836121681995,9769.18,Non-Billable
2064,67,11,2024-11-05,32.8,210.1115011743209,6891.66,Billable
2065,67,2,2024-12-05,12.3,209.86584841970367,2581.35,Billable
2066,67,11,2024-12-05,33.1,210.1115011743209,6954.69,Non-Billable
2067,68,12,2023-06-16,41.6,155.80836121681995,6481.63,Billable
2068,68,7,2023-07-16,12.2,209.86584841970367,2560.36,Non-Billable
2069,68,4,2023-07-16,11.9,263.9493860652042,3141.0,Billable
2070,68,2,2023-07-16,29.9,209.86584841970367,6274.99,Billable
2071,68,7,2023-08-16,41.8,209.86584841970367,8772.39,Billable
2072,68,4,2023-08-16,22.0,263.9493860652042,5806.89,Billable
2073,68,12,2023-08-16,79.3,155.80836121681995,12355.6,Billable
2074,68,2,2023-08-16,43.5,209.86584841970367,9129.16,Billable
2075,68,10,2023-08-16,73.3,246.99098521619942,18104.44,Billable
2076,68,12,2023-09-16,59.7,155.80836121681995,9301.76,Billable
2077,68,10,2023-09-16,31.7,246.99098521619942,7829.61,Billable
2078,68,7,2023-10-16,57.9,209.86584841970367,12151.23,Billable
2079,68,12,2023-10-16,41.2,155.80836121681995,6419.3,Billable
2080,68,2,2023-10-16,27.3,209.86584841970367,5729.34,Billable
2081,68,10,2023-10-16,71.5,246.99098521619942,17659.86,Billable
2082,68,7,2023-11-16,12.7,209.86584841970367,2665.3,Billable
2083,68,12,2023-11-16,41.9,155.80836121681995,6528.37,Non-Billable
2084,68,2,2023-11-16,65.5,209.86584841970367,13746.21,Billable
2085,68,10,2023-11-16,66.7,246.99098521619942,16474.3,Billable
2086,69,4,2024-10-03,56.1,263.9493860652042,14807.56,Non-Billable
2087,69,3,2024-10-03,37.5,356.50515929852793,13368.94,Billable
2088,69,7,2024-10-03,29.2,209.86584841970367,6128.08,Non-Billable
2089,69,8,2024-10-03,56.7,246.99098521619942,14004.39,Billable
2090,69,4,2024-11-03,60.6,263.9493860652042,15995.33,Billable
2091,69,3,2024-11-03,38.8,356.50515929852793,13832.4,Non-Billable
2092,69,7,2024-11-03,62.9,209.86584841970367,13200.56,Non-Billable
2093,69,8,2024-11-03,32.8,246.99098521619942,8101.3,Billable
2094,69,8,2024-12-03,57.3,246.99098521619942,14152.58,Billable
2095,70,4,2023-05-21,32.9,263.9493860652042,8683.93,Non-Billable
2096,70,11,2023-05-21,42.3,210.1115011743209,8887.72,Billable
2097,70,1,2023-05-21,27.0,209.86584841970367,5666.38,Billable
2098,70,7,2023-06-21,68.9,209.86584841970367,14459.76,Billable
2099,70,4,2023-06-21,52.5,263.9493860652042,13857.34,Billable
2100,70,1,2023-06-21,37.4,209.86584841970367,7848.98,Billable
2101,70,6,2023-07-21,10.8,311.18528947223797,3360.8,Billable
2102,70,4,2023-07-21,25.2,263.9493860652042,6651.52,Billable
2103,70,11,2023-07-21,47.3,210.1115011743209,9938.27,Billable
2104,70,1,2023-07-21,68.6,209.86584841970367,14396.8,Non-Billable
2105,70,6,2023-08-21,60.1,311.18528947223797,18702.24,Billable
2106,70,7,2023-08-21,31.6,209.86584841970367,6631.76,Billable
2107,70,4,2023-08-21,13.4,263.9493860652042,3536.92,Billable
2108,70,11,2023-08-21,75.0,210.1115011743209,15758.36,Billable
2109,70,1,2023-08-21,24.0,209.86584841970367,5036.78,Billable
2110,70,6,2023-09-21,79.3,311.18528947223797,24676.99,Billable
2111,70,7,2023-09-21,57.6,209.86584841970367,12088.27,Billable
2112,70,11,2023-09-21,65.8,210.1115011743209,13825.34,Non-Billable
2113,70,7,2023-10-21,17.5,209.86584841970367,3672.65,Billable
2114,70,4,2023-10-21,53.9,263.9493860652042,14226.87,Non-Billable
2115,70,1,2023-10-21,75.7,209.86584841970367,15886.84,Billable
2116,70,4,2023-11-21,11.0,263.9493860652042,2903.44,Non-Billable
2117,70,11,2023-11-21,37.2,210.1115011743209,7816.15,Billable
2118,70,6,2023-12-21,29.5,311.18528947223797,9179.97,Non-Billable
2119,70,7,2023-12-21,14.7,209.86584841970367,3085.03,Billable
2120,70,4,2023-12-21,63.7,263.9493860652042,16813.58,Billable
2121,70,11,2023-12-21,17.1,210.1115011743209,3592.91,Non-Billable
2122,70,1,2023-12-21,74.6,209.86584841970367,15655.99,Non-Billable
2123,70,7,2024-01-21,52.0,209.86584841970367,10913.02,Non-Billable
2124,70,4,2024-01-21,57.5,263.9493860652042,15177.09,Non-Billable
2125,70,6,2024-02-21,58.1,311.18528947223797,18079.87,Non-Billable
2126,70,7,2024-02-21,33.5,209.86584841970367,7030.51,Non-Billable
2127,70,4,2024-02-21,41.4,263.9493860652042,10927.5,Non-Billable
2128,70,11,2024-02-21,26.3,210.1115011743209,5525.93,Non-Billable
2129,70,1,2024-02-21,10.9,209.86584841970367,2287.54,Billable
2130,70,6,2024-03-21,72.8,311.18528947223797,22654.29,Billable
2131,70,4,2024-03-21,27.0,263.9493860652042,7126.63,Billable
2132,70,1,2024-03-21,30.8,209.86584841970367,6463.87,Billable
2133,70,6,2024-04-21,54.9,311.18528947223797,17084.07,Billable
2134,70,7,2024-04-21,51.9,209.86584841970367,10892.04,Billable
2135,70,4,2024-04-21,33.0,263.9493860652042,8710.33,Billable
2136,70,11,2024-04-21,65.1,210.1115011743209,13678.26,Billable
2137,70,1,2024-04-21,78.4,209.86584841970367,16453.48,Non-Billable
2138,70,6,2024-05-21,62.5,311.18528947223797,19449.08,Billable
2139,70,7,2024-05-21,33.2,209.86584841970367,6967.55,Billable
2140,70,1,2024-05-21,79.2,209.86584841970367,16621.38,Non-Billable
2141,70,6,2024-06-21,25.6,311.18528947223797,7966.34,Billable
2142,70,7,2024-06-21,22.8,209.86584841970367,4784.94,Non-Billable
2143,70,11,2024-06-21,14.9,210.1115011743209,3130.66,Billable
2144,70,6,2024-07-21,75.7,311.18528947223797,23556.73,Billable
2145,70,4,2024-07-21,68.2,263.9493860652042,18001.35,Billable
2146,70,6,2024-08-21,31.8,311.18528947223797,9895.69,Non-Billable
2147,70,4,2024-08-21,52.4,263.9493860652042,13830.95,Billable
2148,70,1,2024-08-21,54.5,209.86584841970367,11437.69,Billable
2149,70,6,2024-09-21,43.7,311.18528947223797,13598.8,Billable
2150,70,7,2024-09-21,21.7,209.86584841970367,4554.09,Billable
2151,70,4,2024-09-21,52.7,263.9493860652042,13910.13,Billable
2152,70,11,2024-09-21,67.4,210.1115011743209,14161.52,Billable
2153,70,6,2024-10-21,69.8,311.18528947223797,21720.73,Billable
2154,70,7,2024-10-21,20.7,209.86584841970367,4344.22,Non-Billable
2155,70,11,2024-10-21,31.4,210.1115011743209,6597.5,Billable
2156,70,1,2024-10-21,52.4,209.86584841970367,10996.97,Billable
2157,70,6,2024-11-21,60.0,311.18528947223797,18671.12,Billable
2158,70,1,2024-11-21,60.8,209.86584841970367,12759.84,Billable
2159,70,6,2024-12-21,39.1,311.18528947223797,12167.34,Billable
2160,70,7,2024-12-21,36.1,209.86584841970367,7576.16,Billable
2161,70,4,2024-12-21,79.1,263.9493860652042,20878.4,Billable
2162,70,11,2024-12-21,12.7,210.1115011743209,2668.42,Billable
2163,70,1,2024-12-21,49.6,209.86584841970367,10409.35,Billable
2164,71,5,2024-04-13,55.6,333.24426408004217,18528.38,Billable
2165,71,6,2024-04-13,27.0,311.18528947223797,8402.0,Billable
2166,71,9,2024-04-13,35.3,496.7566614134116,17535.51,Non-Billable
2167,71,8,2024-04-13,58.8,246.99098521619942,14523.07,Non-Billable
2168,71,5,2024-05-13,76.1,333.24426408004217,25359.89,Billable
2169,71,9,2024-05-13,76.6,496.7566614134116,38051.56,Billable
2170,71,11,2024-05-13,55.1,210.1115011743209,11577.14,Billable
2171,71,5,2024-06-13,51.0,333.24426408004217,16995.46,Billable
2172,71,6,2024-06-13,23.2,311.18528947223797,7219.5,Billable
2173,71,8,2024-06-13,58.4,246.99098521619942,14424.27,Non-Billable
2174,71,11,2024-06-13,56.1,210.1115011743209,11787.26,Billable
2175,71,5,2024-07-13,61.4,333.24426408004217,20461.2,Non-Billable
2176,71,6,2024-07-13,17.6,311.18528947223797,5476.86,Non-Billable
2177,71,9,2024-07-13,34.1,496.7566614134116,16939.4,Billable
2178,71,5,2024-08-13,58.9,333.24426408004217,19628.09,Billable
2179,71,6,2024-08-13,67.1,311.18528947223797,20880.53,Billable
2180,71,8,2024-08-13,39.2,246.99098521619942,9682.05,Billable
2181,71,11,2024-08-13,61.3,210.1115011743209,12879.84,Billable
2182,71,8,2024-09-13,45.2,246.99098521619942,11163.99,Billable
2183,71,11,2024-09-13,67.0,210.1115011743209,14077.47,Billable
2184,71,6,2024-10-13,66.6,311.18528947223797,20724.94,Billable
2185,71,8,2024-10-13,38.6,246.99098521619942,9533.85,Non-Billable
2186,71,11,2024-10-13,17.6,210.1115011743209,3697.96,Non-Billable
2187,71,9,2024-11-13,29.4,496.7566614134116,14604.65,Billable
2188,71,5,2024-12-13,63.2,333.24426408004217,21061.04,Billable
2189,71,9,2024-12-13,10.5,496.7566614134116,5215.94,Non-Billable
2190,71,8,2024-12-13,12.9,246.99098521619942,3186.18,Billable
2191,71,11,2024-12-13,10.5,210.1115011743209,2206.17,Non-Billable
2192,72,8,2022-01-22,57.7,246.99098521619942,14251.38,Billable
2193,72,12,2022-01-22,67.2,155.80836121681995,10470.32,Billable
2194,72,6,2022-01-22,36.5,311.18528947223797,11358.26,Billable
2195,72,7,2022-01-22,71.1,209.86584841970367,14921.46,Billable
2196,72,12,2022-02-22,38.1,155.80836121681995,5936.3,Billable
2197,72,8,2022-03-22,76.6,246.99098521619942,18919.51,Billable
2198,72,12,2022-03-22,53.3,155.80836121681995,8304.59,Non-Billable
2199,72,6,2022-03-22,46.0,311.18528947223797,14314.52,Non-Billable
2200,72,8,2022-04-22,77.0,246.99098521619942,19018.31,Billable
2201,72,6,2022-04-22,13.2,311.18528947223797,4107.65,Non-Billable
2202,72,7,2022-04-22,41.1,209.86584841970367,8625.49,Non-Billable
2203,72,8,2022-05-22,61.7,246.99098521619942,15239.34,Billable
2204,72,12,2022-05-22,75.7,155.80836121681995,11794.69,Billable
2205,72,6,2022-05-22,70.0,311.18528947223797,21782.97,Billable
2206,72,7,2022-05-22,30.6,209.86584841970367,6421.89,Billable
2207,72,8,2022-06-22,70.9,246.99098521619942,17511.66,Non-Billable
2208,72,12,2022-06-22,60.2,155.80836121681995,9379.66,Billable
2209,72,7,2022-06-22,31.1,209.86584841970367,6526.83,Non-Billable
2210,72,8,2022-07-22,79.1,246.99098521619942,19536.99,Billable
2211,72,6,2022-07-22,18.1,311.18528947223797,5632.45,Non-Billable
2212,72,7,2022-07-22,27.0,209.86584841970367,5666.38,Billable
2213,72,8,2022-08-22,56.2,246.99098521619942,13880.89,Billable
2214,72,6,2022-08-22,12.0,311.18528947223797,3734.22,Billable
2215,72,7,2022-08-22,63.6,209.86584841970367,13347.47,Billable
2216,72,8,2022-09-22,56.6,246.99098521619942,13979.69,Non-Billable
2217,72,7,2022-09-22,60.8,209.86584841970367,12759.84,Billable
2218,72,8,2022-10-22,33.3,246.99098521619942,8224.8,Billable
2219,72,12,2022-10-22,63.6,155.80836121681995,9909.41,Non-Billable
2220,72,7,2022-10-22,73.7,209.86584841970367,15467.11,Non-Billable
2221,72,8,2022-11-22,36.7,246.99098521619942,9064.57,Non-Billable
2222,72,12,2022-11-22,77.6,155.80836121681995,12090.73,Billable
2223,72,6,2022-11-22,25.6,311.18528947223797,7966.34,Billable
2224,72,12,2022-12-22,51.5,155.80836121681995,8024.13,Billable
2225,72,6,2022-12-22,18.1,311.18528947223797,5632.45,Billable
2226,72,8,2023-01-22,36.6,246.99098521619942,9039.87,Non-Billable
2227,72,7,2023-01-22,69.3,209.86584841970367,14543.7,Billable
2228,72,8,2023-02-22,35.6,246.99098521619942,8792.88,Non-Billable
2229,72,12,2023-02-22,18.8,155.80836121681995,2929.2,Non-Billable
2230,72,6,2023-02-22,25.5,311.18528947223797,7935.22,Billable
2231,72,8,2023-03-22,32.1,246.99098521619942,7928.41,Billable
2232,72,12,2023-03-22,45.0,155.80836121681995,7011.38,Billable
2233,72,8,2023-04-22,69.4,246.99098521619942,17141.17,Non-Billable
2234,72,6,2023-04-22,45.2,311.18528947223797,14065.58,Non-Billable
2235,73,4,2022-02-14,20.7,263.9493860652042,5463.75,Non-Billable
2236,73,5,2022-02-14,66.7,333.24426408004217,22227.39,Non-Billable
2237,73,7,2022-02-14,74.6,209.86584841970367,15655.99,Billable
2238,73,11,2022-03-14,60.9,210.1115011743209,12795.79,Billable
2239,73,4,2022-03-14,56.1,263.9493860652042,14807.56,Billable
2240,73,8,2022-03-14,48.4,246.99098521619942,11954.36,Billable
2241,73,5,2022-03-14,43.1,333.24426408004217,14362.83,Billable
2242,73,7,2022-03-14,37.4,209.86584841970367,7848.98,Non-Billable
2243,73,11,2022-04-14,29.8,210.1115011743209,6261.32,Billable
2244,73,4,2022-04-14,48.4,263.9493860652042,12775.15,Billable
2245,73,5,2022-04-14,50.6,333.24426408004217,16862.16,Billable
2246,73,7,2022-04-14,59.7,209.86584841970367,12528.99,Billable
2247,73,11,2022-05-14,50.4,210.1115011743209,10589.62,Billable
2248,73,4,2022-05-14,30.4,263.9493860652042,8024.06,Billable
2249,73,5,2022-05-14,23.7,333.24426408004217,7897.89,Non-Billable
2250,73,11,2022-06-14,50.3,210.1115011743209,10568.61,Non-Billable
2251,73,4,2022-06-14,70.1,263.9493860652042,18502.85,Billable
2252,73,8,2022-06-14,39.9,246.99098521619942,9854.94,Billable
2253,73,5,2022-06-14,16.7,333.24426408004217,5565.18,Billable
2254,73,4,2022-07-14,55.5,263.9493860652042,14649.19,Non-Billable
2255,73,8,2022-07-14,20.4,246.99098521619942,5038.62,Non-Billable
2256,73,5,2022-07-14,12.4,333.24426408004217,4132.23,Billable
2257,73,7,2022-07-14,31.2,209.86584841970367,6547.81,Non-Billable
2258,73,11,2022-08-14,55.7,210.1115011743209,11703.21,Billable
2259,73,4,2022-08-14,79.4,263.9493860652042,20957.58,Non-Billable
2260,73,8,2022-08-14,64.4,246.99098521619942,15906.22,Non-Billable
2261,73,5,2022-08-14,54.3,333.24426408004217,18095.16,Billable
2262,73,7,2022-08-14,18.4,209.86584841970367,3861.53,Billable
2263,73,4,2022-09-14,73.6,263.9493860652042,19426.67,Billable
2264,73,5,2022-09-14,50.1,333.24426408004217,16695.54,Billable
2265,73,7,2022-09-14,16.6,209.86584841970367,3483.77,Non-Billable
2266,73,4,2022-10-14,55.1,263.9493860652042,14543.61,Billable
2267,73,7,2022-10-14,60.0,209.86584841970367,12591.95,Non-Billable
2268,73,4,2022-11-14,11.4,263.9493860652042,3009.02,Non-Billable
2269,73,8,2022-11-14,64.8,246.99098521619942,16005.02,Non-Billable
2270,73,5,2022-11-14,46.3,333.24426408004217,15429.21,Non-Billable
2271,73,7,2022-11-14,67.3,209.86584841970367,14123.97,Non-Billable
2272,73,4,2022-12-14,77.6,263.9493860652042,20482.47,Billable
2273,73,5,2022-12-14,22.6,333.24426408004217,7531.32,Non-Billable
2274,73,7,2022-12-14,32.0,209.86584841970367,6715.71,Billable
2275,73,5,2023-01-14,69.6,333.24426408004217,23193.8,Billable
2276,73,8,2023-02-14,22.0,246.99098521619942,5433.8,Non-Billable
2277,73,7,2023-02-14,76.2,209.86584841970367,15991.78,Non-Billable
2278,73,11,2023-03-14,30.5,210.1115011743209,6408.4,Non-Billable
2279,73,4,2023-03-14,50.4,263.9493860652042,13303.05,Non-Billable
2280,73,8,2023-03-14,73.8,246.99098521619942,18227.93,Billable
2281,73,5,2023-03-14,45.7,333.24426408004217,15229.26,Non-Billable
2282,73,11,2023-04-14,26.6,210.1115011743209,5588.97,Billable
2283,73,8,2023-04-14,25.1,246.99098521619942,6199.47,Billable
2284,73,5,2023-04-14,25.1,333.24426408004217,8364.43,Billable
2285,73,11,2023-05-14,39.5,210.1115011743209,8299.4,Non-Billable
2286,73,8,2023-05-14,73.3,246.99098521619942,18104.44,Billable
2287,73,5,2023-05-14,76.1,333.24426408004217,25359.89,Non-Billable
2288,73,7,2023-05-14,58.6,209.86584841970367,12298.14,Non-Billable
2289,73,4,2023-06-14,28.9,263.9493860652042,7628.14,Non-Billable
2290,73,8,2023-06-14,23.5,246.99098521619942,5804.29,Billable
2291,73,5,2023-06-14,55.3,333.24426408004217,18428.41,Non-Billable
2292,73,7,2023-06-14,39.4,209.86584841970367,8268.71,Billable
2293,73,11,2023-07-14,65.1,210.1115011743209,13678.26,Billable
2294,73,8,2023-07-14,15.4,246.99098521619942,3803.66,Billable
2295,73,5,2023-07-14,57.9,333.24426408004217,19294.84,Billable
2296,73,11,2023-08-14,35.4,210.1115011743209,7437.95,Billable
2297,73,4,2023-08-14,20.2,263.9493860652042,5331.78,Billable
2298,73,7,2023-08-14,25.6,209.86584841970367,5372.57,Billable
2299,73,11,2023-09-14,18.6,210.1115011743209,3908.07,Non-Billable
2300,73,4,2023-09-14,31.5,263.9493860652042,8314.41,Billable
2301,73,5,2023-09-14,50.1,333.24426408004217,16695.54,Billable
2302,73,7,2023-09-14,52.5,209.86584841970367,11017.96,Billable
2303,73,4,2023-10-14,37.3,263.9493860652042,9845.31,Billable
2304,73,8,2023-10-14,57.4,246.99098521619942,14177.28,Non-Billable
2305,73,5,2023-10-14,71.7,333.24426408004217,23893.61,Billable
2306,73,7,2023-10-14,18.9,209.86584841970367,3966.46,Billable
2307,73,11,2023-11-14,59.9,210.1115011743209,12585.68,Non-Billable
2308,73,8,2023-11-14,61.5,246.99098521619942,15189.95,Billable
2309,73,5,2023-11-14,54.7,333.24426408004217,18228.46,Billable
2310,73,7,2023-11-14,27.4,209.86584841970367,5750.32,Non-Billable
2311,73,11,2023-12-14,42.0,210.1115011743209,8824.68,Billable
2312,73,4,2023-12-14,65.9,263.9493860652042,17394.26,Non-Billable
2313,73,5,2023-12-14,46.4,333.24426408004217,15462.53,Non-Billable
2314,73,7,2023-12-14,67.0,209.86584841970367,14061.01,Billable
2315,73,11,2024-01-14,16.1,210.1115011743209,3382.8,Billable
2316,73,4,2024-01-14,31.9,263.9493860652042,8419.99,Billable
2317,73,8,2024-01-14,15.4,246.99098521619942,3803.66,Billable
2318,73,5,2024-01-14,21.6,333.24426408004217,7198.08,Billable
2319,73,4,2024-02-14,66.6,263.9493860652042,17579.03,Billable
2320,73,8,2024-02-14,39.7,246.99098521619942,9805.54,Non-Billable
2321,73,5,2024-02-14,19.5,333.24426408004217,6498.26,Billable
2322,73,7,2024-02-14,79.9,209.86584841970367,16768.28,Non-Billable
2323,73,11,2024-03-14,38.4,210.1115011743209,8068.28,Non-Billable
2324,73,8,2024-03-14,10.5,246.99098521619942,2593.41,Billable
2325,73,5,2024-03-14,62.5,333.24426408004217,20827.77,Billable
2326,73,7,2024-03-14,56.3,209.86584841970367,11815.45,Non-Billable
2327,73,11,2024-04-14,13.0,210.1115011743209,2731.45,Billable
2328,73,4,2024-04-14,57.2,263.9493860652042,15097.9,Non-Billable
2329,73,8,2024-04-14,22.2,246.99098521619942,5483.2,Billable
2330,73,5,2024-04-14,46.0,333.24426408004217,15329.24,Billable
2331,73,7,2024-04-14,36.5,209.86584841970367,7660.1,Billable
2332,73,11,2024-05-14,33.7,210.1115011743209,7080.76,Non-Billable
2333,73,8,2024-05-14,63.6,246.99098521619942,15708.63,Billable
2334,73,7,2024-05-14,28.5,209.86584841970367,5981.18,Billable
2335,73,11,2024-06-14,49.8,210.1115011743209,10463.55,Billable
2336,73,4,2024-06-14,75.0,263.9493860652042,19796.2,Non-Billable
2337,73,8,2024-06-14,72.5,246.99098521619942,17906.85,Billable
2338,73,5,2024-06-14,69.4,333.24426408004217,23127.15,Billable
2339,73,7,2024-06-14,53.1,209.86584841970367,11143.88,Billable
2340,73,8,2024-07-14,60.6,246.99098521619942,14967.65,Billable
2341,73,5,2024-07-14,17.1,333.24426408004217,5698.48,Billable
2342,74,2,2022-05-19,27.5,209.86584841970367,5771.31,Billable
2343,74,8,2022-05-19,30.9,246.99098521619942,7632.02,Billable
2344,74,7,2022-06-19,47.5,209.86584841970367,9968.63,Billable
2345,74,8,2022-06-19,68.8,246.99098521619942,16992.98,Billable
2346,74,2,2022-07-19,10.4,209.86584841970367,2182.6,Non-Billable
2347,74,8,2022-08-19,62.1,246.99098521619942,15338.14,Billable
2348,75,11,2023-10-27,78.8,210.1115011743209,16556.79,Billable
2349,75,4,2023-10-27,48.5,263.9493860652042,12801.55,Non-Billable
2350,75,8,2023-10-27,32.7,246.99098521619942,8076.61,Billable
2351,75,11,2023-11-27,74.6,210.1115011743209,15674.32,Billable
2352,75,8,2023-11-27,65.5,246.99098521619942,16177.91,Billable
2353,75,4,2023-12-27,63.7,263.9493860652042,16813.58,Billable
2354,75,11,2024-01-27,40.1,210.1115011743209,8425.47,Non-Billable
2355,75,4,2024-01-27,40.4,263.9493860652042,10663.56,Billable
2356,75,4,2024-02-27,53.2,263.9493860652042,14042.11,Non-Billable
2357,75,8,2024-02-27,27.5,246.99098521619942,6792.25,Billable
2358,75,11,2024-03-27,79.6,210.1115011743209,16724.88,Billable
2359,75,4,2024-03-27,40.0,263.9493860652042,10557.98,Billable
2360,75,8,2024-03-27,66.7,246.99098521619942,16474.3,Non-Billable
2361,75,11,2024-04-27,52.8,210.1115011743209,11093.89,Billable
2362,75,4,2024-04-27,51.4,263.9493860652042,13567.0,Non-Billable
2363,75,4,2024-05-27,29.2,263.9493860652042,7707.32,Billable
2364,75,8,2024-05-27,39.8,246.99098521619942,9830.24,Non-Billable
2365,75,4,2024-06-27,36.6,263.9493860652042,9660.55,Non-Billable
2366,75,8,2024-06-27,54.3,246.99098521619942,13411.61,Billable
2367,75,4,2024-07-27,14.3,263.9493860652042,3774.48,Billable
2368,75,8,2024-07-27,31.3,246.99098521619942,7730.82,Billable
2369,75,11,2024-08-27,76.0,210.1115011743209,15968.47,Non-Billable
2370,75,4,2024-08-27,32.4,263.9493860652042,8551.96,Billable
2371,75,4,2024-09-27,32.5,263.9493860652042,8578.36,Billable
2372,75,8,2024-09-27,73.6,246.99098521619942,18178.54,Billable
2373,75,11,2024-10-27,27.7,210.1115011743209,5820.09,Billable
2374,75,4,2024-10-27,31.3,263.9493860652042,8261.62,Billable
2375,75,8,2024-10-27,57.8,246.99098521619942,14276.08,Billable
2376,75,11,2024-11-27,61.9,210.1115011743209,13005.9,Billable
2377,75,4,2024-11-27,51.2,263.9493860652042,13514.21,Non-Billable
2378,75,8,2024-11-27,55.5,246.99098521619942,13708.0,Billable
2379,75,11,2024-12-27,16.1,210.1115011743209,3382.8,Billable
2380,75,8,2024-12-27,18.4,246.99098521619942,4544.63,Non-Billable
2381,76,8,2022-12-08,34.0,246.99098521619942,8397.69,Non-Billable
2382,76,2,2022-12-08,63.3,209.86584841970367,13284.51,Non-Billable
2383,76,4,2023-01-08,13.1,263.9493860652042,3457.74,Billable
2384,76,8,2023-01-08,59.8,246.99098521619942,14770.06,Non-Billable
2385,76,2,2023-01-08,72.6,209.86584841970367,15236.26,Billable
2386,77,7,2024-06-28,46.7,209.86584841970367,9800.74,Non-Billable
2387,77,2,2024-06-28,21.7,209.86584841970367,4554.09,Billable
2388,77,7,2024-07-28,19.0,209.86584841970367,3987.45,Billable
2389,77,2,2024-07-28,14.3,209.86584841970367,3001.08,Non-Billable
2390,77,2,2024-08-28,44.7,209.86584841970367,9381.0,Non-Billable
2391,77,7,2024-09-28,78.0,209.86584841970367,16369.54,Billable
2392,77,2,2024-09-28,45.6,209.86584841970367,9569.88,Non-Billable
2393,77,7,2024-10-28,38.1,209.86584841970367,7995.89,Billable
2394,77,2,2024-11-28,51.4,209.86584841970367,10787.1,Billable
2395,77,7,2024-12-28,65.3,209.86584841970367,13704.24,Billable
2396,77,2,2024-12-28,60.4,209.86584841970367,12675.9,Billable
2397,78,11,2024-05-06,30.4,210.1115011743209,6387.39,Non-Billable
2398,78,4,2024-06-06,74.9,263.9493860652042,19769.81,Billable
2399,78,5,2024-06-06,13.6,333.24426408004217,4532.12,Billable
2400,78,11,2024-06-06,24.7,210.1115011743209,5189.75,Billable
2401,78,4,2024-07-06,52.4,263.9493860652042,13830.95,Billable
2402,78,5,2024-07-06,76.2,333.24426408004217,25393.21,Non-Billable
2403,78,4,2024-08-06,30.6,263.9493860652042,8076.85,Billable
2404,78,5,2024-08-06,10.7,333.24426408004217,3565.71,Billable
2405,78,9,2024-08-06,22.4,496.7566614134116,11127.35,Billable
2406,78,4,2024-09-06,78.5,263.9493860652042,20720.03,Non-Billable
2407,78,11,2024-09-06,36.7,210.1115011743209,7711.09,Non-Billable
2408,78,4,2024-10-06,52.3,263.9493860652042,13804.55,Billable
2409,78,5,2024-10-06,25.4,333.24426408004217,8464.4,Billable
2410,78,9,2024-10-06,70.1,496.7566614134116,34822.64,Billable
2411,79,8,2022-01-14,73.2,246.99098521619942,18079.74,Billable
2412,79,4,2022-01-14,42.2,263.9493860652042,11138.66,Billable
2413,79,8,2022-02-14,61.1,246.99098521619942,15091.15,Non-Billable
2414,79,7,2022-02-14,72.0,209.86584841970367,15110.34,Billable
2415,79,8,2022-03-14,23.1,246.99098521619942,5705.49,Billable
2416,79,8,2022-04-14,77.9,246.99098521619942,19240.6,Billable
2417,79,4,2022-04-14,19.6,263.9493860652042,5173.41,Billable
2418,79,7,2022-04-14,36.5,209.86584841970367,7660.1,Billable
2419,79,7,2022-05-14,75.4,209.86584841970367,15823.88,Billable
2420,79,8,2022-07-14,10.9,246.99098521619942,2692.2,Billable
2421,79,4,2022-07-14,17.4,263.9493860652042,4592.72,Non-Billable
2422,79,7,2022-07-14,69.7,209.86584841970367,14627.65,Billable
2423,80,3,2024-02-14,67.1,356.50515929852793,23921.5,Billable
2424,80,8,2024-02-14,20.8,246.99098521619942,5137.41,Billable
2425,80,10,2024-02-14,28.7,246.99098521619942,7088.64,Non-Billable
2426,80,8,2024-03-14,17.2,246.99098521619942,4248.24,Billable
2427,80,3,2024-04-14,39.1,356.50515929852793,13939.35,Billable
2428,80,8,2024-04-14,11.7,246.99098521619942,2889.79,Billable
2429,80,10,2024-04-14,34.7,246.99098521619942,8570.59,Billable
2430,80,8,2024-05-14,36.9,246.99098521619942,9113.97,Non-Billable
2431,80,10,2024-05-14,17.9,246.99098521619942,4421.14,Billable
2432,80,3,2024-06-14,25.7,356.50515929852793,9162.18,Billable
2433,80,8,2024-06-14,53.1,246.99098521619942,13115.22,Billable
2434,80,10,2024-06-14,74.7,246.99098521619942,18450.23,Billable
2435,80,3,2024-07-14,52.3,356.50515929852793,18645.22,Billable
2436,80,8,2024-07-14,33.4,246.99098521619942,8249.5,Billable
2437,80,10,2024-07-14,20.5,246.99098521619942,5063.32,Non-Billable
2438,80,3,2024-08-14,53.7,356.50515929852793,19144.33,Billable
2439,80,8,2024-08-14,17.3,246.99098521619942,4272.94,Billable
2440,80,10,2024-08-14,75.3,246.99098521619942,18598.42,Non-Billable
2441,80,3,2024-09-14,65.2,356.50515929852793,23244.14,Billable
2442,80,8,2024-09-14,20.3,246.99098521619942,5013.92,Billable
2443,80,10,2024-09-14,60.5,246.99098521619942,14942.95,Billable
2444,80,3,2024-10-14,17.9,356.50515929852793,6381.44,Billable
2445,80,8,2024-10-14,29.5,246.99098521619942,7286.23,Billable
2446,80,10,2024-10-14,18.9,246.99098521619942,4668.13,Billable
2447,80,3,2024-11-14,44.6,356.50515929852793,15900.13,Billable
2448,80,8,2024-11-14,39.0,246.99098521619942,9632.65,Non-Billable
2449,80,10,2024-11-14,66.1,246.99098521619942,16326.1,Non-Billable
2450,80,3,2024-12-14,36.8,356.50515929852793,13119.39,Non-Billable
2451,80,8,2024-12-14,47.4,246.99098521619942,11707.37,Non-Billable
2452,80,10,2024-12-14,26.1,246.99098521619942,6446.46,Billable
2453,81,9,2023-06-14,24.2,496.7566614134116,12021.51,Billable
2454,81,10,2023-06-14,43.2,246.99098521619942,10670.01,Billable
2455,81,4,2023-06-14,14.2,263.9493860652042,3748.08,Billable
2456,81,2,2023-06-14,69.5,209.86584841970367,14585.68,Billable
2457,81,10,2023-07-14,78.0,246.99098521619942,19265.3,Billable
2458,81,2,2023-07-14,13.9,209.86584841970367,2917.14,Billable
2459,81,9,2023-08-14,20.0,496.7566614134116,9935.13,Non-Billable
2460,81,4,2023-08-14,36.0,263.9493860652042,9502.18,Non-Billable
2461,81,11,2023-08-14,43.4,210.1115011743209,9118.84,Non-Billable
2462,81,9,2023-09-14,12.1,496.7566614134116,6010.76,Billable
2463,81,11,2023-09-14,39.2,210.1115011743209,8236.37,Billable
2464,81,9,2023-10-14,19.8,496.7566614134116,9835.78,Non-Billable
2465,81,10,2023-10-14,31.0,246.99098521619942,7656.72,Billable
2466,81,4,2023-10-14,41.1,263.9493860652042,10848.32,Non-Billable
2467,81,2,2023-10-14,30.1,209.86584841970367,6316.96,Billable
2468,81,9,2023-11-14,52.3,496.7566614134116,25980.37,Billable
2469,81,10,2023-11-14,10.8,246.99098521619942,2667.5,Billable
2470,81,4,2023-11-14,71.3,263.9493860652042,18819.59,Non-Billable
2471,81,2,2023-11-14,28.1,209.86584841970367,5897.23,Non-Billable
2472,81,11,2023-11-14,59.7,210.1115011743209,12543.66,Billable
2473,81,9,2023-12-14,29.0,496.7566614134116,14405.94,Billable
2474,81,10,2023-12-14,78.5,246.99098521619942,19388.79,Billable
2475,81,4,2023-12-14,38.0,263.9493860652042,10030.08,Billable
2476,81,9,2024-01-14,49.2,496.7566614134116,24440.43,Billable
2477,81,10,2024-01-14,42.8,246.99098521619942,10571.21,Billable
2478,81,4,2024-01-14,38.4,263.9493860652042,10135.66,Billable
2479,81,11,2024-01-14,55.3,210.1115011743209,11619.17,Billable
2480,81,4,2024-02-14,64.5,263.9493860652042,17024.74,Billable
2481,81,9,2024-03-14,14.6,496.7566614134116,7252.65,Non-Billable
2482,81,4,2024-03-14,23.1,263.9493860652042,6097.23,Billable
2483,81,2,2024-03-14,12.3,209.86584841970367,2581.35,Billable
2484,81,9,2024-04-14,13.1,496.7566614134116,6507.51,Billable
2485,81,4,2024-04-14,76.0,263.9493860652042,20060.15,Billable
2486,81,2,2024-04-14,62.6,209.86584841970367,13137.6,Billable
2487,81,11,2024-04-14,32.0,210.1115011743209,6723.57,Billable
2488,81,9,2024-05-14,78.2,496.7566614134116,38846.37,Non-Billable
2489,81,10,2024-05-14,33.2,246.99098521619942,8200.1,Non-Billable
2490,81,4,2024-05-14,45.2,263.9493860652042,11930.51,Billable
2491,81,11,2024-05-14,43.4,210.1115011743209,9118.84,Billable
2492,81,4,2024-06-14,72.0,263.9493860652042,19004.36,Billable
2493,81,2,2024-06-14,26.2,209.86584841970367,5498.49,Billable
2494,81,11,2024-06-14,55.8,210.1115011743209,11724.22,Non-Billable
2495,81,10,2024-07-14,46.1,246.99098521619942,11386.28,Non-Billable
2496,81,4,2024-07-14,46.6,263.9493860652042,12300.04,Billable
2497,81,2,2024-07-14,19.2,209.86584841970367,4029.42,Billable
2498,81,11,2024-07-14,69.9,210.1115011743209,14686.79,Billable
2499,81,10,2024-08-14,57.8,246.99098521619942,14276.08,Billable
2500,81,2,2024-08-14,15.2,209.86584841970367,3189.96,Billable
2501,81,11,2024-08-14,79.6,210.1115011743209,16724.88,Billable
2502,81,9,2024-09-14,20.0,496.7566614134116,9935.13,Billable
2503,81,10,2024-09-14,77.8,246.99098521619942,19215.9,Billable
2504,81,4,2024-09-14,41.8,263.9493860652042,11033.08,Billable
2505,81,2,2024-09-14,21.3,209.86584841970367,4470.14,Billable
2506,81,11,2024-09-14,34.7,210.1115011743209,7290.87,Billable
2507,81,10,2024-10-14,28.1,246.99098521619942,6940.45,Billable
2508,81,4,2024-10-14,63.4,263.9493860652042,16734.39,Billable
2509,81,2,2024-10-14,19.8,209.86584841970367,4155.34,Billable
2510,81,11,2024-10-14,44.2,210.1115011743209,9286.93,Billable
2511,81,9,2024-11-14,38.1,496.7566614134116,18926.43,Non-Billable
2512,81,10,2024-11-14,19.0,246.99098521619942,4692.83,Billable
2513,81,4,2024-11-14,53.7,263.9493860652042,14174.08,Billable
2514,81,2,2024-11-14,57.8,209.86584841970367,12130.25,Non-Billable
2515,81,11,2024-11-14,71.4,210.1115011743209,15001.96,Non-Billable
2516,81,10,2024-12-14,14.0,246.99098521619942,3457.87,Billable
2517,81,4,2024-12-14,49.3,263.9493860652042,13012.7,Billable
2518,81,2,2024-12-14,30.3,209.86584841970367,6358.94,Billable
2519,81,11,2024-12-14,69.8,210.1115011743209,14665.78,Billable
2520,82,8,2022-04-05,47.5,246.99098521619942,11732.07,Billable
2521,82,12,2022-04-05,37.8,155.80836121681995,5889.56,Billable
2522,82,11,2022-05-05,32.2,210.1115011743209,6765.59,Non-Billable
2523,82,2,2022-05-05,59.2,209.86584841970367,12424.06,Billable
2524,82,12,2022-05-05,48.2,155.80836121681995,7509.96,Billable
2525,82,2,2022-06-05,79.1,209.86584841970367,16600.39,Billable
2526,82,12,2022-06-05,65.3,155.80836121681995,10174.29,Billable
2527,82,6,2022-07-05,39.6,311.18528947223797,12322.94,Billable
2528,82,12,2022-07-05,15.9,155.80836121681995,2477.35,Billable
2529,82,2,2022-08-05,41.6,209.86584841970367,8730.42,Billable
2530,82,6,2022-08-05,56.9,311.18528947223797,17706.44,Billable
2531,82,11,2022-09-05,40.0,210.1115011743209,8404.46,Billable
2532,82,6,2022-09-05,39.3,311.18528947223797,12229.58,Billable
2533,82,12,2022-09-05,64.9,155.80836121681995,10111.96,Non-Billable
2534,82,8,2022-10-05,73.9,246.99098521619942,18252.63,Non-Billable
2535,82,11,2022-10-05,10.7,210.1115011743209,2248.19,Non-Billable
2536,82,6,2022-10-05,50.5,311.18528947223797,15714.86,Billable
2537,82,12,2022-10-05,79.0,155.80836121681995,12308.86,Non-Billable
2538,82,8,2022-11-05,61.6,246.99098521619942,15214.64,Billable
2539,82,2,2022-11-05,75.4,209.86584841970367,15823.88,Billable
2540,82,6,2022-11-05,18.0,311.18528947223797,5601.34,Non-Billable
2541,82,12,2022-11-05,46.4,155.80836121681995,7229.51,Billable
2542,82,8,2022-12-05,76.0,246.99098521619942,18771.31,Billable
2543,82,11,2022-12-05,54.7,210.1115011743209,11493.1,Non-Billable
2544,82,12,2022-12-05,39.4,155.80836121681995,6138.85,Non-Billable
2545,82,8,2023-01-05,52.1,246.99098521619942,12868.23,Billable
2546,82,11,2023-01-05,76.7,210.1115011743209,16115.55,Non-Billable
2547,82,2,2023-01-05,11.0,209.86584841970367,2308.52,Billable
2548,82,12,2023-01-05,45.1,155.80836121681995,7026.96,Billable
2549,82,8,2023-02-05,55.4,246.99098521619942,13683.3,Billable
2550,82,11,2023-02-05,34.6,210.1115011743209,7269.86,Non-Billable
2551,82,2,2023-02-05,78.2,209.86584841970367,16411.51,Billable
2552,82,8,2023-03-05,22.4,246.99098521619942,5532.6,Non-Billable
2553,82,2,2023-03-05,30.0,209.86584841970367,6295.98,Non-Billable
2554,82,6,2023-03-05,40.6,311.18528947223797,12634.12,Billable
2555,82,12,2023-03-05,75.7,155.80836121681995,11794.69,Billable
2556,82,8,2023-04-05,66.4,246.99098521619942,16400.2,Billable
2557,82,6,2023-04-05,17.3,311.18528947223797,5383.51,Non-Billable
2558,82,12,2023-04-05,74.9,155.80836121681995,11670.05,Billable
2559,82,8,2023-05-05,45.2,246.99098521619942,11163.99,Billable
2560,82,11,2023-05-05,69.6,210.1115011743209,14623.76,Billable
2561,82,6,2023-05-05,36.7,311.18528947223797,11420.5,Billable
2562,82,12,2023-05-05,76.5,155.80836121681995,11919.34,Billable
2563,82,8,2023-06-05,74.0,246.99098521619942,18277.33,Billable
2564,82,11,2023-06-05,55.1,210.1115011743209,11577.14,Non-Billable
2565,82,2,2023-06-05,75.8,209.86584841970367,15907.83,Billable
2566,82,6,2023-06-05,28.7,311.18528947223797,8931.02,Non-Billable
2567,82,8,2023-07-05,65.7,246.99098521619942,16227.31,Billable
2568,82,11,2023-07-05,10.3,210.1115011743209,2164.15,Billable
2569,82,12,2023-07-05,68.9,155.80836121681995,10735.2,Non-Billable
2570,82,8,2023-08-05,52.0,246.99098521619942,12843.53,Billable
2571,82,2,2023-08-05,40.1,209.86584841970367,8415.62,Non-Billable
2572,82,6,2023-08-05,23.5,311.18528947223797,7312.85,Non-Billable
2573,82,12,2023-08-05,13.6,155.80836121681995,2118.99,Non-Billable
2574,82,8,2023-09-05,75.8,246.99098521619942,18721.92,Billable
2575,82,11,2023-09-05,22.2,210.1115011743209,4664.48,Billable
2576,82,2,2023-09-05,40.6,209.86584841970367,8520.55,Billable
2577,82,6,2023-09-05,18.8,311.18528947223797,5850.28,Billable
2578,82,12,2023-09-05,64.9,155.80836121681995,10111.96,Non-Billable
2579,82,8,2023-10-05,68.6,246.99098521619942,16943.58,Billable
2580,82,11,2023-10-05,24.3,210.1115011743209,5105.71,Billable
2581,82,12,2023-10-05,20.7,155.80836121681995,3225.23,Non-Billable
2582,82,8,2023-11-05,74.4,246.99098521619942,18376.13,Billable
2583,82,11,2023-11-05,11.8,210.1115011743209,2479.32,Non-Billable
2584,82,6,2023-11-05,54.2,311.18528947223797,16866.24,Billable
2585,82,8,2023-12-05,25.5,246.99098521619942,6298.27,Billable
2586,82,11,2023-12-05,27.2,210.1115011743209,5715.03,Billable
2587,82,2,2023-12-05,56.1,209.86584841970367,11773.47,Billable
2588,82,11,2024-01-05,70.7,210.1115011743209,14854.88,Billable
2589,82,2,2024-01-05,51.7,209.86584841970367,10850.06,Billable
2590,82,2,2024-02-05,73.9,209.86584841970367,15509.09,Billable
2591,82,6,2024-02-05,44.4,311.18528947223797,13816.63,Billable
2592,82,12,2024-02-05,44.1,155.80836121681995,6871.15,Non-Billable
2593,82,11,2024-03-05,36.3,210.1115011743209,7627.05,Billable
2594,82,2,2024-03-05,41.6,209.86584841970367,8730.42,Billable
2595,82,11,2024-04-05,52.5,210.1115011743209,11030.85,Billable
2596,82,6,2024-04-05,34.3,311.18528947223797,10673.66,Non-Billable
2597,82,12,2024-04-05,10.4,155.80836121681995,1620.41,Non-Billable
2598,82,8,2024-05-05,74.9,246.99098521619942,18499.62,Billable
2599,82,11,2024-05-05,47.5,210.1115011743209,9980.3,Non-Billable
2600,82,2,2024-05-05,20.7,209.86584841970367,4344.22,Billable
2601,82,8,2024-06-05,25.4,246.99098521619942,6273.57,Non-Billable
2602,82,11,2024-06-05,18.9,210.1115011743209,3971.11,Billable
2603,82,2,2024-06-05,76.7,209.86584841970367,16096.71,Billable
2604,82,6,2024-06-05,55.6,311.18528947223797,17301.9,Billable
2605,82,12,2024-06-05,44.7,155.80836121681995,6964.63,Non-Billable
2606,82,8,2024-07-05,74.6,246.99098521619942,18425.53,Billable
2607,82,2,2024-07-05,72.1,209.86584841970367,15131.33,Billable
2608,82,6,2024-07-05,17.2,311.18528947223797,5352.39,Non-Billable
2609,82,12,2024-07-05,65.6,155.80836121681995,10221.03,Non-Billable
2610,82,8,2024-08-05,71.8,246.99098521619942,17733.95,Billable
2611,82,11,2024-08-05,29.0,210.1115011743209,6093.23,Billable
2612,82,2,2024-08-05,52.5,209.86584841970367,11017.96,Billable
2613,82,12,2024-08-05,72.9,155.80836121681995,11358.43,Billable
2614,82,8,2024-09-05,72.3,246.99098521619942,17857.45,Non-Billable
2615,82,2,2024-09-05,52.3,209.86584841970367,10975.98,Non-Billable
2616,82,6,2024-09-05,47.1,311.18528947223797,14656.83,Billable
2617,82,11,2024-10-05,65.4,210.1115011743209,13741.29,Billable
2618,82,12,2024-10-05,20.2,155.80836121681995,3147.33,Billable
2619,82,11,2024-11-05,10.8,210.1115011743209,2269.2,Billable
2620,82,6,2024-11-05,32.5,311.18528947223797,10113.52,Billable
2621,82,12,2024-11-05,37.0,155.80836121681995,5764.91,Non-Billable
2622,82,2,2024-12-05,60.1,209.86584841970367,12612.94,Non-Billable
2623,82,12,2024-12-05,39.5,155.80836121681995,6154.43,Billable
2624,83,6,2022-12-22,44.9,311.18528947223797,13972.22,Billable
2625,83,4,2022-12-22,18.7,263.9493860652042,4935.85,Billable
2626,83,11,2022-12-22,51.4,210.1115011743209,10799.73,Billable
2627,83,1,2022-12-22,30.0,209.86584841970367,6295.98,Non-Billable
2628,83,6,2023-01-22,50.3,311.18528947223797,15652.62,Billable
2629,83,4,2023-01-22,29.9,263.9493860652042,7892.09,Billable
2630,83,1,2023-01-22,46.9,209.86584841970367,9842.71,Billable
2631,83,6,2023-02-22,14.9,311.18528947223797,4636.66,Billable
2632,83,4,2023-02-22,39.1,263.9493860652042,10320.42,Billable
2633,83,1,2023-02-22,38.0,209.86584841970367,7974.9,Non-Billable
2634,83,6,2023-03-22,44.6,311.18528947223797,13878.86,Billable
2635,83,4,2023-03-22,58.8,263.9493860652042,15520.22,Billable
2636,83,11,2023-03-22,54.9,210.1115011743209,11535.12,Billable
2637,83,1,2023-03-22,75.6,209.86584841970367,15865.86,Billable
2638,83,6,2023-05-22,58.1,311.18528947223797,18079.87,Billable
2639,83,1,2023-05-22,66.9,209.86584841970367,14040.03,Non-Billable
2640,83,6,2023-06-22,75.4,311.18528947223797,23463.37,Billable
2641,83,11,2023-06-22,17.8,210.1115011743209,3739.98,Billable
2642,83,6,2023-07-22,52.9,311.18528947223797,16461.7,Billable
2643,83,6,2023-08-22,18.8,311.18528947223797,5850.28,Billable
2644,83,4,2023-08-22,72.1,263.9493860652042,19030.75,Billable
2645,83,11,2023-08-22,56.8,210.1115011743209,11934.33,Non-Billable
2646,83,1,2023-08-22,50.5,209.86584841970367,10598.23,Non-Billable
2647,83,6,2023-09-22,29.6,311.18528947223797,9211.08,Non-Billable
2648,83,4,2023-09-22,16.4,263.9493860652042,4328.77,Billable
2649,83,11,2023-09-22,34.7,210.1115011743209,7290.87,Billable
2650,83,1,2023-09-22,61.5,209.86584841970367,12906.75,Billable
2651,83,6,2023-10-22,15.3,311.18528947223797,4761.13,Billable
2652,83,6,2023-11-22,23.2,311.18528947223797,7219.5,Billable
2653,83,4,2023-11-22,67.0,263.9493860652042,17684.61,Non-Billable
2654,83,11,2023-11-22,31.9,210.1115011743209,6702.56,Billable
2655,83,1,2023-11-22,55.9,209.86584841970367,11731.5,Non-Billable
2656,83,11,2023-12-22,37.0,210.1115011743209,7774.13,Billable
2657,83,1,2023-12-22,45.9,209.86584841970367,9632.84,Billable
2658,83,1,2024-01-22,70.9,209.86584841970367,14879.49,Non-Billable
2659,83,4,2024-02-22,17.5,263.9493860652042,4619.11,Billable
2660,83,1,2024-02-22,23.1,209.86584841970367,4847.9,Billable
2661,83,6,2024-03-22,47.2,311.18528947223797,14687.95,Billable
2662,83,11,2024-03-22,15.9,210.1115011743209,3340.77,Billable
2663,83,6,2024-04-22,40.2,311.18528947223797,12509.65,Billable
2664,83,6,2024-05-22,61.2,311.18528947223797,19044.54,Billable
2665,83,4,2024-06-22,46.3,263.9493860652042,12220.86,Billable
2666,83,11,2024-06-22,55.2,210.1115011743209,11598.15,Billable
2667,83,11,2024-08-22,60.1,210.1115011743209,12627.7,Billable
2668,83,1,2024-08-22,25.4,209.86584841970367,5330.59,Non-Billable
2669,83,11,2024-09-22,34.3,210.1115011743209,7206.82,Billable
2670,83,1,2024-09-22,30.2,209.86584841970367,6337.95,Billable
2671,83,4,2024-10-22,59.0,263.9493860652042,15573.01,Billable
2672,83,11,2024-10-22,69.7,210.1115011743209,14644.77,Non-Billable
2673,83,6,2024-11-22,14.9,311.18528947223797,4636.66,Billable
2674,83,4,2024-11-22,41.9,263.9493860652042,11059.48,Billable
2675,83,11,2024-11-22,40.0,210.1115011743209,8404.46,Billable
2676,84,2,2024-08-21,50.8,209.86584841970367,10661.19,Billable
2677,84,3,2024-08-21,43.1,356.50515929852793,15365.37,Billable
2678,84,1,2024-08-21,49.7,209.86584841970367,10430.33,Billable
2679,84,6,2024-08-21,46.8,311.18528947223797,14563.47,Billable
2680,84,2,2024-09-21,64.3,209.86584841970367,13494.37,Billable
2681,84,3,2024-09-21,61.5,356.50515929852793,21925.07,Billable
2682,84,1,2024-09-21,34.6,209.86584841970367,7261.36,Non-Billable
2683,84,2,2024-10-21,35.5,209.86584841970367,7450.24,Billable
2684,84,3,2024-10-21,31.1,356.50515929852793,11087.31,Billable
2685,84,1,2024-10-21,64.2,209.86584841970367,13473.39,Non-Billable
2686,84,6,2024-10-21,28.9,311.18528947223797,8993.25,Non-Billable
2687,84,2,2024-11-21,11.5,209.86584841970367,2413.46,Billable
2688,84,3,2024-11-21,56.2,356.50515929852793,20035.59,Billable
2689,84,1,2024-11-21,12.2,209.86584841970367,2560.36,Non-Billable
2690,84,6,2024-11-21,78.1,311.18528947223797,24303.57,Billable
2691,84,1,2024-12-21,36.4,209.86584841970367,7639.12,Billable
2692,84,6,2024-12-21,71.4,311.18528947223797,22218.63,Non-Billable
2693,85,9,2023-06-06,39.2,496.7566614134116,19472.86,Billable
2694,85,3,2023-06-06,12.9,356.50515929852793,4598.92,Non-Billable
2695,85,5,2023-06-06,68.4,333.24426408004217,22793.91,Billable
2696,85,6,2023-06-06,41.9,311.18528947223797,13038.66,Billable
2697,85,9,2023-07-06,44.9,496.7566614134116,22304.37,Non-Billable
2698,85,5,2023-07-06,46.6,333.24426408004217,15529.18,Billable
2699,85,6,2023-07-06,56.5,311.18528947223797,17581.97,Billable
2700,85,12,2023-07-06,14.5,155.80836121681995,2259.22,Billable
2701,85,6,2023-08-06,13.7,311.18528947223797,4263.24,Billable
2702,85,9,2023-09-06,68.4,496.7566614134116,33978.16,Billable
2703,85,5,2023-09-06,29.8,333.24426408004217,9930.68,Non-Billable
2704,85,6,2023-09-06,63.8,311.18528947223797,19853.62,Billable
2705,85,12,2023-09-06,59.9,155.80836121681995,9332.92,Billable
2706,85,9,2023-10-06,23.8,496.7566614134116,11822.81,Non-Billable
2707,85,3,2023-10-06,30.4,356.50515929852793,10837.76,Billable
2708,85,5,2023-10-06,34.8,333.24426408004217,11596.9,Non-Billable
2709,85,6,2023-10-06,39.6,311.18528947223797,12322.94,Billable
2710,85,12,2023-10-06,74.4,155.80836121681995,11592.14,Non-Billable
2711,85,9,2023-11-06,49.5,496.7566614134116,24589.45,Non-Billable
2712,85,3,2023-11-06,66.3,356.50515929852793,23636.29,Billable
2713,85,5,2023-11-06,24.0,333.24426408004217,7997.86,Billable
2714,85,6,2023-11-06,24.0,311.18528947223797,7468.45,Billable
2715,85,9,2023-12-06,54.0,496.7566614134116,26824.86,Non-Billable
2716,85,5,2023-12-06,68.4,333.24426408004217,22793.91,Billable
2717,85,12,2023-12-06,31.9,155.80836121681995,4970.29,Non-Billable
2718,85,9,2024-01-06,42.8,496.7566614134116,21261.19,Billable
2719,85,3,2024-01-06,77.3,356.50515929852793,27557.85,Billable
2720,85,6,2024-01-06,77.0,311.18528947223797,23961.27,Billable
2721,85,3,2024-02-06,65.1,356.50515929852793,23208.49,Non-Billable
2722,85,5,2024-02-06,18.9,333.24426408004217,6298.32,Non-Billable
2723,85,6,2024-02-06,71.4,311.18528947223797,22218.63,Billable
2724,85,12,2024-02-06,37.5,155.80836121681995,5842.81,Billable
2725,85,9,2024-03-06,42.4,496.7566614134116,21062.48,Non-Billable
2726,85,3,2024-03-06,13.8,356.50515929852793,4919.77,Billable
2727,85,6,2024-03-06,17.5,311.18528947223797,5445.74,Non-Billable
2728,85,3,2024-04-06,33.2,356.50515929852793,11835.97,Billable
2729,85,6,2024-04-06,45.8,311.18528947223797,14252.29,Non-Billable
2730,85,5,2024-05-06,44.7,333.24426408004217,14896.02,Billable
2731,85,6,2024-05-06,54.8,311.18528947223797,17052.95,Billable
2732,85,12,2024-05-06,31.8,155.80836121681995,4954.71,Billable
2733,85,9,2024-06-06,53.7,496.7566614134116,26675.83,Billable
2734,85,6,2024-06-06,18.5,311.18528947223797,5756.93,Billable
2735,85,5,2024-07-06,37.3,333.24426408004217,12430.01,Billable
2736,85,12,2024-07-06,22.9,155.80836121681995,3568.01,Billable
2737,85,9,2024-08-06,48.3,496.7566614134116,23993.35,Non-Billable
2738,85,3,2024-08-06,70.2,356.50515929852793,25026.66,Non-Billable
2739,85,3,2024-09-06,26.8,356.50515929852793,9554.34,Non-Billable
2740,85,5,2024-09-06,48.3,333.24426408004217,16095.7,Billable
2741,85,6,2024-09-06,30.3,311.18528947223797,9428.91,Billable
2742,85,12,2024-09-06,44.5,155.80836121681995,6933.47,Non-Billable
2743,85,3,2024-10-06,66.0,356.50515929852793,23529.34,Billable
2744,85,5,2024-10-06,39.7,333.24426408004217,13229.8,Billable
2745,85,9,2024-11-06,50.6,496.7566614134116,25135.89,Billable
2746,85,3,2024-11-06,72.5,356.50515929852793,25846.62,Non-Billable
2747,85,5,2024-11-06,73.6,333.24426408004217,24526.78,Billable
2748,85,6,2024-11-06,42.8,311.18528947223797,13318.73,Non-Billable
2749,85,12,2024-11-06,10.6,155.80836121681995,1651.57,Billable
2750,85,9,2024-12-06,69.9,496.7566614134116,34723.29,Non-Billable
2751,85,5,2024-12-06,46.8,333.24426408004217,15595.83,Non-Billable
2752,85,12,2024-12-06,34.6,155.80836121681995,5390.97,Non-Billable
2753,86,8,2022-12-02,14.8,246.99098521619942,3655.47,Non-Billable
2754,86,3,2022-12-02,77.4,356.50515929852793,27593.5,Non-Billable
2755,86,5,2022-12-02,50.3,333.24426408004217,16762.19,Non-Billable
2756,86,10,2022-12-02,46.8,246.99098521619942,11559.18,Billable
2757,86,8,2023-01-02,51.2,246.99098521619942,12645.94,Non-Billable
2758,86,3,2023-01-02,53.2,356.50515929852793,18966.07,Billable
2759,86,8,2023-02-02,26.2,246.99098521619942,6471.16,Non-Billable
2760,86,5,2023-02-02,43.3,333.24426408004217,14429.48,Billable
2761,86,10,2023-02-02,66.6,246.99098521619942,16449.6,Non-Billable
2762,86,8,2023-03-02,17.4,246.99098521619942,4297.64,Billable
2763,86,3,2023-03-02,36.9,356.50515929852793,13155.04,Billable
2764,86,5,2023-03-02,14.3,333.24426408004217,4765.39,Billable
2765,86,8,2023-04-02,15.1,246.99098521619942,3729.56,Billable
2766,86,3,2023-04-02,68.8,356.50515929852793,24527.55,Billable
2767,86,5,2023-04-02,58.9,333.24426408004217,19628.09,Billable
2768,86,8,2023-05-02,49.0,246.99098521619942,12102.56,Billable
2769,86,5,2023-05-02,30.0,333.24426408004217,9997.33,Billable
2770,86,10,2023-05-02,40.4,246.99098521619942,9978.44,Non-Billable
2771,86,8,2023-06-02,23.5,246.99098521619942,5804.29,Non-Billable
2772,86,5,2023-06-02,16.7,333.24426408004217,5565.18,Billable
2773,86,10,2023-06-02,72.5,246.99098521619942,17906.85,Billable
2774,86,8,2023-07-02,49.8,246.99098521619942,12300.15,Billable
2775,86,3,2023-07-02,57.8,356.50515929852793,20606.0,Non-Billable
2776,86,5,2023-07-02,44.7,333.24426408004217,14896.02,Billable
2777,86,10,2023-07-02,43.2,246.99098521619942,10670.01,Billable
2778,86,8,2023-08-02,73.0,246.99098521619942,18030.34,Billable
2779,86,3,2023-08-02,40.7,356.50515929852793,14509.76,Non-Billable
2780,86,5,2023-08-02,15.0,333.24426408004217,4998.66,Billable
2781,86,8,2023-09-02,17.1,246.99098521619942,4223.55,Billable
2782,86,5,2023-09-02,33.2,333.24426408004217,11063.71,Billable
2783,86,10,2023-09-02,30.3,246.99098521619942,7483.83,Billable
2784,86,8,2023-10-02,35.1,246.99098521619942,8669.38,Billable
2785,86,3,2023-10-02,15.2,356.50515929852793,5418.88,Non-Billable
2786,86,10,2023-10-02,52.8,246.99098521619942,13041.12,Billable
2787,86,8,2023-11-02,14.0,246.99098521619942,3457.87,Non-Billable
2788,86,3,2023-11-02,50.8,356.50515929852793,18110.46,Billable
2789,86,5,2023-11-02,12.3,333.24426408004217,4098.9,Billable
2790,86,8,2023-12-02,63.5,246.99098521619942,15683.93,Billable
2791,86,5,2023-12-02,33.1,333.24426408004217,11030.39,Non-Billable
2792,86,10,2023-12-02,14.4,246.99098521619942,3556.67,Billable
2793,86,3,2024-01-02,73.3,356.50515929852793,26131.83,Non-Billable
2794,86,5,2024-01-02,66.5,333.24426408004217,22160.74,Billable
2795,86,10,2024-01-02,76.5,246.99098521619942,18894.81,Non-Billable
2796,86,8,2024-02-02,75.1,246.99098521619942,18549.02,Non-Billable
2797,86,3,2024-02-02,19.1,356.50515929852793,6809.25,Non-Billable
2798,86,8,2024-03-02,55.5,246.99098521619942,13708.0,Billable
2799,86,3,2024-03-02,64.7,356.50515929852793,23065.88,Billable
2800,86,8,2024-04-02,66.8,246.99098521619942,16499.0,Non-Billable
2801,86,3,2024-04-02,36.6,356.50515929852793,13048.09,Non-Billable
2802,86,5,2024-04-02,48.7,333.24426408004217,16229.0,Billable
2803,86,10,2024-04-02,36.4,246.99098521619942,8990.47,Billable
2804,86,8,2024-05-02,39.9,246.99098521619942,9854.94,Billable
2805,86,10,2024-05-02,73.2,246.99098521619942,18079.74,Billable
2806,86,3,2024-06-02,14.1,356.50515929852793,5026.72,Billable
2807,86,8,2024-07-02,62.7,246.99098521619942,15486.33,Non-Billable
2808,86,3,2024-07-02,79.4,356.50515929852793,28306.51,Billable
2809,86,5,2024-07-02,27.5,333.24426408004217,9164.22,Billable
2810,86,10,2024-08-02,55.9,246.99098521619942,13806.8,Billable
2811,86,8,2024-09-02,19.1,246.99098521619942,4717.53,Billable
2812,86,3,2024-09-02,18.6,356.50515929852793,6631.0,Billable
2813,86,10,2024-09-02,24.4,246.99098521619942,6026.58,Non-Billable
2814,86,8,2024-10-02,35.0,246.99098521619942,8644.68,Billable
2815,86,3,2024-10-02,31.2,356.50515929852793,11122.96,Billable
2816,86,5,2024-10-02,30.5,333.24426408004217,10163.95,Non-Billable
2817,86,8,2024-11-02,32.3,246.99098521619942,7977.81,Non-Billable
2818,86,3,2024-11-02,13.8,356.50515929852793,4919.77,Billable
2819,86,5,2024-11-02,53.5,333.24426408004217,17828.57,Billable
2820,86,8,2024-12-02,68.9,246.99098521619942,17017.68,Non-Billable
2821,86,5,2024-12-02,24.8,333.24426408004217,8264.46,Billable
2822,86,10,2024-12-02,65.2,246.99098521619942,16103.81,Billable
2823,87,12,2022-12-02,11.5,155.80836121681995,1791.8,Billable
2824,87,11,2022-12-02,31.0,210.1115011743209,6513.46,Billable
2825,87,8,2023-01-02,36.9,246.99098521619942,9113.97,Billable
2826,87,11,2023-01-02,36.9,210.1115011743209,7753.11,Billable
2827,87,8,2023-02-02,56.2,246.99098521619942,13880.89,Non-Billable
2828,87,12,2023-03-02,47.9,155.80836121681995,7463.22,Billable
2829,87,8,2023-03-02,73.7,246.99098521619942,18203.24,Billable
2830,87,11,2023-03-02,73.5,210.1115011743209,15443.2,Non-Billable
2831,87,11,2023-04-02,53.5,210.1115011743209,11240.97,Billable
2832,87,12,2023-05-02,75.0,155.80836121681995,11685.63,Billable
2833,87,8,2023-05-02,48.7,246.99098521619942,12028.46,Non-Billable
2834,87,11,2023-05-02,30.1,210.1115011743209,6324.36,Non-Billable
2835,87,12,2023-06-02,50.1,155.80836121681995,7806.0,Non-Billable
2836,87,8,2023-06-02,28.2,246.99098521619942,6965.15,Billable
2837,87,11,2023-06-02,79.5,210.1115011743209,16703.86,Billable
2838,87,11,2023-07-02,76.6,210.1115011743209,16094.54,Billable
2839,87,12,2023-08-02,64.0,155.80836121681995,9971.74,Billable
2840,87,8,2023-08-02,37.6,246.99098521619942,9286.86,Non-Billable
2841,87,11,2023-09-02,64.0,210.1115011743209,13447.14,Billable
2842,88,5,2024-04-14,68.5,333.24426408004217,22827.23,Billable
2843,88,10,2024-04-14,11.2,246.99098521619942,2766.3,Billable
2844,88,5,2024-05-14,77.6,333.24426408004217,25859.75,Billable
2845,88,10,2024-05-14,49.0,246.99098521619942,12102.56,Billable
2846,88,10,2024-06-14,29.4,246.99098521619942,7261.53,Non-Billable
2847,88,5,2024-07-14,76.7,333.24426408004217,25559.84,Billable
2848,88,5,2024-08-14,29.3,333.24426408004217,9764.06,Billable
2849,88,5,2024-09-14,20.3,333.24426408004217,6764.86,Non-Billable
2850,88,10,2024-09-14,26.3,246.99098521619942,6495.86,Non-Billable
2851,88,10,2024-10-14,70.2,246.99098521619942,17338.77,Non-Billable
2852,88,5,2024-11-14,48.7,333.24426408004217,16229.0,Billable
2853,89,5,2024-04-12,52.0,333.24426408004217,17328.7,Billable
2854,89,6,2024-04-12,17.9,311.18528947223797,5570.22,Billable
2855,89,5,2024-05-12,36.0,333.24426408004217,11996.79,Non-Billable
2856,89,1,2024-05-12,54.9,209.86584841970367,11521.64,Billable
2857,89,9,2024-05-12,65.2,496.7566614134116,32388.53,Billable
2858,89,5,2024-06-12,72.8,333.24426408004217,24260.18,Billable
2859,89,1,2024-06-12,78.1,209.86584841970367,16390.52,Non-Billable
2860,89,9,2024-06-12,30.4,496.7566614134116,15101.4,Billable
2861,89,5,2024-07-12,11.8,333.24426408004217,3932.28,Non-Billable
2862,89,6,2024-07-12,60.1,311.18528947223797,18702.24,Non-Billable
2863,89,9,2024-07-12,50.7,496.7566614134116,25185.56,Billable
2864,89,5,2024-08-12,36.5,333.24426408004217,12163.42,Non-Billable
2865,89,6,2024-08-12,36.7,311.18528947223797,11420.5,Non-Billable
2866,89,1,2024-09-12,25.7,209.86584841970367,5393.55,Non-Billable
2867,89,6,2024-09-12,54.1,311.18528947223797,16835.12,Non-Billable
2868,89,9,2024-09-12,61.3,496.7566614134116,30451.18,Non-Billable
2869,89,5,2024-10-12,52.5,333.24426408004217,17495.32,Non-Billable
2870,89,1,2024-10-12,40.9,209.86584841970367,8583.51,Billable
2871,89,9,2024-10-12,73.8,496.7566614134116,36660.64,Billable
2872,89,1,2024-11-12,35.3,209.86584841970367,7408.26,Billable
2873,89,6,2024-11-12,78.1,311.18528947223797,24303.57,Non-Billable
2874,89,5,2024-12-12,71.6,333.24426408004217,23860.29,Billable
2875,89,6,2024-12-12,15.4,311.18528947223797,4792.25,Billable
2876,89,9,2024-12-12,52.4,496.7566614134116,26030.05,Billable
2877,90,4,2022-01-16,38.5,263.9493860652042,10162.05,Non-Billable
2878,90,10,2022-01-16,52.4,246.99098521619942,12942.33,Billable
2879,90,3,2022-01-16,18.3,356.50515929852793,6524.04,Billable
2880,90,9,2022-01-16,78.8,496.7566614134116,39144.42,Non-Billable
2881,90,12,2022-01-16,71.7,155.80836121681995,11171.46,Billable
2882,90,4,2022-02-16,71.3,263.9493860652042,18819.59,Billable
2883,90,3,2022-02-16,63.6,356.50515929852793,22673.73,Non-Billable
2884,90,9,2022-02-16,62.0,496.7566614134116,30798.91,Billable
2885,90,12,2022-02-16,68.4,155.80836121681995,10657.29,Billable
2886,90,4,2022-03-16,79.3,263.9493860652042,20931.19,Billable
2887,90,10,2022-03-16,47.1,246.99098521619942,11633.28,Billable
2888,90,3,2022-03-16,34.8,356.50515929852793,12406.38,Billable
2889,90,9,2022-03-16,26.9,496.7566614134116,13362.75,Billable
2890,90,4,2022-04-16,72.9,263.9493860652042,19241.91,Non-Billable
2891,90,10,2022-04-16,17.5,246.99098521619942,4322.34,Non-Billable
2892,90,9,2022-04-16,34.8,496.7566614134116,17287.13,Billable
2893,90,12,2022-04-16,54.2,155.80836121681995,8444.81,Non-Billable
2894,90,4,2022-05-16,30.3,263.9493860652042,7997.67,Billable
2895,90,10,2022-05-16,61.3,246.99098521619942,15140.55,Non-Billable
2896,90,3,2022-05-16,74.1,356.50515929852793,26417.03,Non-Billable
2897,90,12,2022-05-16,51.5,155.80836121681995,8024.13,Billable
2898,90,4,2022-06-16,41.7,263.9493860652042,11006.69,Billable
2899,90,10,2022-06-16,45.6,246.99098521619942,11262.79,Non-Billable
2900,90,9,2022-06-16,26.3,496.7566614134116,13064.7,Billable
2901,90,12,2022-06-16,49.5,155.80836121681995,7712.51,Non-Billable
2902,90,4,2022-07-16,69.1,263.9493860652042,18238.9,Billable
2903,90,3,2022-07-16,63.0,356.50515929852793,22459.83,Billable
2904,90,12,2022-07-16,71.8,155.80836121681995,11187.04,Non-Billable
2905,90,10,2022-08-16,50.3,246.99098521619942,12423.65,Non-Billable
2906,90,3,2022-08-16,34.3,356.50515929852793,12228.13,Billable
2907,90,4,2022-09-16,72.0,263.9493860652042,19004.36,Billable
2908,90,10,2022-09-16,28.2,246.99098521619942,6965.15,Non-Billable
2909,90,3,2022-09-16,74.7,356.50515929852793,26630.94,Non-Billable
2910,90,4,2022-10-16,45.6,263.9493860652042,12036.09,Billable
2911,90,3,2022-10-16,77.2,356.50515929852793,27522.2,Non-Billable
2912,90,9,2022-10-16,23.7,496.7566614134116,11773.13,Billable
2913,90,12,2022-10-16,11.8,155.80836121681995,1838.54,Billable
2914,90,10,2022-11-16,39.9,246.99098521619942,9854.94,Billable
2915,90,3,2022-11-16,68.2,356.50515929852793,24313.65,Billable
2916,90,9,2022-11-16,60.1,496.7566614134116,29855.08,Billable
2917,90,12,2022-11-16,40.3,155.80836121681995,6279.08,Billable
2918,90,9,2022-12-16,77.8,496.7566614134116,38647.67,Billable
2919,90,12,2022-12-16,25.6,155.80836121681995,3988.69,Billable
2920,90,4,2023-01-16,45.5,263.9493860652042,12009.7,Billable
2921,90,10,2023-01-16,61.5,246.99098521619942,15189.95,Non-Billable
2922,90,3,2023-01-16,59.5,356.50515929852793,21212.06,Billable
2923,90,9,2023-01-16,12.7,496.7566614134116,6308.81,Billable
2924,90,12,2023-01-16,65.6,155.80836121681995,10221.03,Billable
2925,90,10,2023-02-16,68.6,246.99098521619942,16943.58,Non-Billable
2926,90,9,2023-02-16,10.6,496.7566614134116,5265.62,Billable
2927,90,12,2023-02-16,71.0,155.80836121681995,11062.39,Billable
2928,90,4,2023-03-16,28.6,263.9493860652042,7548.95,Billable
2929,90,10,2023-03-16,23.1,246.99098521619942,5705.49,Billable
2930,90,12,2023-03-16,76.6,155.80836121681995,11934.92,Non-Billable
2931,90,4,2023-04-16,10.2,263.9493860652042,2692.28,Billable
2932,90,10,2023-04-16,52.8,246.99098521619942,13041.12,Non-Billable
2933,90,9,2023-04-16,28.4,496.7566614134116,14107.89,Billable
2934,90,12,2023-04-16,26.4,155.80836121681995,4113.34,Billable
2935,90,4,2023-05-16,56.0,263.9493860652042,14781.17,Billable
2936,90,10,2023-05-16,68.8,246.99098521619942,16992.98,Billable
2937,90,3,2023-05-16,44.3,356.50515929852793,15793.18,Non-Billable
2938,90,9,2023-05-16,35.0,496.7566614134116,17386.48,Billable
2939,90,10,2023-06-16,72.8,246.99098521619942,17980.94,Billable
2940,90,3,2023-06-16,41.3,356.50515929852793,14723.66,Billable
2941,90,9,2023-06-16,18.1,496.7566614134116,8991.3,Billable
2942,90,12,2023-06-16,56.2,155.80836121681995,8756.43,Billable
2943,90,4,2023-07-16,59.3,263.9493860652042,15652.2,Billable
2944,90,10,2023-07-16,70.5,246.99098521619942,17412.86,Non-Billable
2945,90,3,2023-07-16,26.4,356.50515929852793,9411.74,Billable
2946,90,4,2023-08-16,38.6,263.9493860652042,10188.45,Non-Billable
2947,90,10,2023-08-16,28.3,246.99098521619942,6989.84,Billable
2948,90,3,2023-08-16,66.6,356.50515929852793,23743.24,Billable
2949,90,9,2023-08-16,73.9,496.7566614134116,36710.32,Billable
2950,90,12,2023-08-16,25.3,155.80836121681995,3941.95,Non-Billable
2951,90,4,2023-09-16,31.6,263.9493860652042,8340.8,Billable
2952,90,3,2023-09-16,47.5,356.50515929852793,16934.0,Non-Billable
2953,90,12,2023-09-16,52.8,155.80836121681995,8226.68,Billable
2954,90,4,2023-10-16,11.4,263.9493860652042,3009.02,Non-Billable
2955,90,3,2023-10-16,64.6,356.50515929852793,23030.23,Billable
2956,90,9,2023-10-16,63.7,496.7566614134116,31643.4,Non-Billable
2957,90,3,2023-11-16,79.0,356.50515929852793,28163.91,Non-Billable
2958,90,9,2023-11-16,60.2,496.7566614134116,29904.75,Billable
2959,90,12,2023-11-16,73.7,155.80836121681995,11483.08,Billable
2960,90,4,2023-12-16,48.7,263.9493860652042,12854.34,Billable
2961,90,10,2023-12-16,12.5,246.99098521619942,3087.39,Billable
2962,90,3,2023-12-16,46.9,356.50515929852793,16720.09,Non-Billable
2963,90,9,2023-12-16,43.9,496.7566614134116,21807.62,Billable
2964,90,10,2024-01-16,58.2,246.99098521619942,14374.88,Billable
2965,90,12,2024-01-16,55.9,155.80836121681995,8709.69,Billable
2966,90,4,2024-02-16,71.4,263.9493860652042,18845.99,Billable
2967,90,3,2024-02-16,59.2,356.50515929852793,21105.11,Non-Billable
2968,90,9,2024-02-16,11.0,496.7566614134116,5464.32,Non-Billable
2969,90,12,2024-02-16,20.6,155.80836121681995,3209.65,Non-Billable
2970,90,4,2024-03-16,37.4,263.9493860652042,9871.71,Non-Billable
2971,90,10,2024-03-16,64.9,246.99098521619942,16029.71,Billable
2972,90,3,2024-03-16,11.6,356.50515929852793,4135.46,Billable
2973,90,9,2024-03-16,17.0,496.7566614134116,8444.86,Non-Billable
2974,90,12,2024-03-16,36.4,155.80836121681995,5671.42,Billable
2975,90,10,2024-04-16,49.3,246.99098521619942,12176.66,Billable
2976,90,9,2024-04-16,45.5,496.7566614134116,22602.43,Billable
2977,90,4,2024-05-16,37.6,263.9493860652042,9924.5,Billable
2978,90,10,2024-05-16,60.0,246.99098521619942,14819.46,Billable
2979,90,9,2024-05-16,37.8,496.7566614134116,18777.4,Billable
2980,90,12,2024-05-16,43.4,155.80836121681995,6762.08,Billable
2981,90,4,2024-06-16,33.3,263.9493860652042,8789.51,Non-Billable
2982,90,10,2024-06-16,16.7,246.99098521619942,4124.75,Billable
2983,90,9,2024-06-16,51.5,496.7566614134116,25582.97,Billable
2984,90,4,2024-07-16,43.1,263.9493860652042,11376.22,Non-Billable
2985,90,10,2024-07-16,63.2,246.99098521619942,15609.83,Billable
2986,90,3,2024-07-16,27.6,356.50515929852793,9839.54,Billable
2987,90,9,2024-07-16,68.4,496.7566614134116,33978.16,Billable
2988,90,12,2024-07-16,49.6,155.80836121681995,7728.09,Billable
2989,90,4,2024-08-16,28.8,263.9493860652042,7601.74,Billable
2990,90,10,2024-08-16,65.6,246.99098521619942,16202.61,Non-Billable
2991,90,3,2024-08-16,77.2,356.50515929852793,27522.2,Billable
2992,90,9,2024-08-16,59.6,496.7566614134116,29606.7,Non-Billable
2993,90,12,2024-08-16,61.8,155.80836121681995,9628.96,Non-Billable
2994,90,3,2024-09-16,36.3,356.50515929852793,12941.14,Billable
2995,90,12,2024-09-16,21.6,155.80836121681995,3365.46,Billable
2996,90,4,2024-10-16,18.0,263.9493860652042,4751.09,Billable
2997,90,10,2024-10-16,53.8,246.99098521619942,13288.12,Non-Billable
2998,90,3,2024-10-16,62.4,356.50515929852793,22245.92,Non-Billable
2999,90,9,2024-10-16,10.6,496.7566614134116,5265.62,Billable
3000,90,12,2024-10-16,30.6,155.80836121681995,4767.74,Non-Billable
3001,90,10,2024-11-16,72.3,246.99098521619942,17857.45,Non-Billable
3002,90,3,2024-11-16,19.9,356.50515929852793,7094.45,Non-Billable
3003,90,9,2024-11-16,66.2,496.7566614134116,32885.29,Non-Billable
3004,90,12,2024-11-16,52.3,155.80836121681995,8148.78,Billable
3005,90,4,2024-12-16,75.5,263.9493860652042,19928.18,Non-Billable
3006,90,10,2024-12-16,69.7,246.99098521619942,17215.27,Billable
3007,90,9,2024-12-16,43.2,496.7566614134116,21459.89,Billable
3008,90,12,2024-12-16,20.5,155.80836121681995,3194.07,Billable
3009,91,5,2024-09-08,16.6,333.24426408004217,5531.85,Non-Billable
3010,91,4,2024-09-08,21.0,263.9493860652042,5542.94,Billable
3011,91,5,2024-10-08,71.8,333.24426408004217,23926.94,Billable
3012,91,4,2024-10-08,75.0,263.9493860652042,19796.2,Billable
3013,91,4,2024-11-08,39.8,263.9493860652042,10505.19,Non-Billable
3014,91,5,2024-12-08,53.7,333.24426408004217,17895.22,Billable
3015,91,4,2024-12-08,49.3,263.9493860652042,13012.7,Non-Billable
3016,92,2,2022-08-21,18.9,209.86584841970367,3966.46,Non-Billable
3017,92,10,2022-08-21,63.6,246.99098521619942,15708.63,Billable
3018,92,3,2022-08-21,69.7,356.50515929852793,24848.41,Non-Billable
3019,92,10,2022-09-21,71.0,246.99098521619942,17536.36,Non-Billable
3020,92,3,2022-09-21,24.7,356.50515929852793,8805.68,Billable
3021,92,2,2022-10-21,79.2,209.86584841970367,16621.38,Billable
3022,92,10,2022-10-21,53.0,246.99098521619942,13090.52,Billable
3023,92,2,2022-11-21,32.6,209.86584841970367,6841.63,Billable
3024,92,3,2022-11-21,39.8,356.50515929852793,14188.91,Billable
3025,92,2,2022-12-21,45.0,209.86584841970367,9443.96,Billable
3026,92,3,2022-12-21,64.2,356.50515929852793,22887.63,Non-Billable
3027,92,2,2023-01-21,31.8,209.86584841970367,6673.73,Non-Billable
3028,92,10,2023-01-21,15.5,246.99098521619942,3828.36,Non-Billable
3029,92,3,2023-01-21,76.9,356.50515929852793,27415.25,Non-Billable
3030,92,2,2023-02-21,59.8,209.86584841970367,12549.98,Billable
3031,92,10,2023-02-21,44.3,246.99098521619942,10941.7,Billable
3032,92,3,2023-02-21,49.1,356.50515929852793,17504.4,Billable
3033,92,2,2023-03-21,22.5,209.86584841970367,4721.98,Billable
3034,92,10,2023-03-21,64.0,246.99098521619942,15807.42,Billable
3035,92,3,2023-03-21,25.0,356.50515929852793,8912.63,Non-Billable
3036,92,2,2023-04-21,74.4,209.86584841970367,15614.02,Billable
3037,92,10,2023-04-21,22.5,246.99098521619942,5557.3,Non-Billable
3038,92,3,2023-04-21,23.7,356.50515929852793,8449.17,Billable
3039,92,2,2023-05-21,10.4,209.86584841970367,2182.6,Billable
3040,92,10,2023-05-21,73.8,246.99098521619942,18227.93,Billable
3041,92,3,2023-05-21,10.9,356.50515929852793,3885.91,Billable
3042,92,3,2023-06-21,13.1,356.50515929852793,4670.22,Non-Billable
3043,92,2,2023-07-21,29.2,209.86584841970367,6128.08,Billable
3044,92,10,2023-07-21,67.6,246.99098521619942,16696.59,Non-Billable
3045,92,3,2023-07-21,79.8,356.50515929852793,28449.11,Non-Billable
3046,92,2,2023-08-21,22.2,209.86584841970367,4659.02,Non-Billable
3047,92,10,2023-08-21,62.5,246.99098521619942,15436.94,Billable
3048,92,10,2023-09-21,20.7,246.99098521619942,5112.71,Non-Billable
3049,92,2,2023-10-21,15.8,209.86584841970367,3315.88,Billable
3050,92,3,2023-10-21,14.4,356.50515929852793,5133.67,Billable
3051,92,2,2023-11-21,29.4,209.86584841970367,6170.06,Billable
3052,92,10,2023-11-21,61.6,246.99098521619942,15214.64,Billable
3053,92,3,2023-11-21,69.4,356.50515929852793,24741.46,Billable
3054,92,2,2023-12-21,21.8,209.86584841970367,4575.08,Non-Billable
3055,92,10,2023-12-21,35.6,246.99098521619942,8792.88,Billable
3056,92,3,2023-12-21,38.2,356.50515929852793,13618.5,Non-Billable
3057,92,2,2024-01-21,14.5,209.86584841970367,3043.05,Non-Billable
3058,92,3,2024-02-21,58.2,356.50515929852793,20748.6,Billable
3059,92,10,2024-03-21,68.7,246.99098521619942,16968.28,Billable
3060,92,3,2024-03-21,49.2,356.50515929852793,17540.05,Billable
3061,92,2,2024-04-21,49.8,209.86584841970367,10451.32,Non-Billable
3062,92,3,2024-04-21,16.2,356.50515929852793,5775.38,Billable
3063,92,3,2024-05-21,53.9,356.50515929852793,19215.63,Billable
3064,92,2,2024-06-21,65.2,209.86584841970367,13683.25,Billable
3065,92,10,2024-06-21,42.2,246.99098521619942,10423.02,Non-Billable
3066,92,3,2024-06-21,31.5,356.50515929852793,11229.91,Non-Billable
3067,92,2,2024-07-21,73.1,209.86584841970367,15341.19,Billable
3068,92,10,2024-07-21,61.7,246.99098521619942,15239.34,Billable
3069,92,2,2024-08-21,22.5,209.86584841970367,4721.98,Billable
3070,92,10,2024-08-21,39.0,246.99098521619942,9632.65,Billable
3071,92,10,2024-09-21,28.2,246.99098521619942,6965.15,Billable
3072,92,2,2024-10-21,50.5,209.86584841970367,10598.23,Billable
3073,92,10,2024-10-21,46.6,246.99098521619942,11509.78,Non-Billable
3074,92,3,2024-10-21,21.9,356.50515929852793,7807.46,Non-Billable
3075,92,2,2024-11-21,47.7,209.86584841970367,10010.6,Billable
3076,92,10,2024-11-21,40.4,246.99098521619942,9978.44,Non-Billable
3077,92,3,2024-11-21,65.7,356.50515929852793,23422.39,Billable
3078,92,2,2024-12-21,77.8,209.86584841970367,16327.56,Non-Billable
3079,92,10,2024-12-21,65.6,246.99098521619942,16202.61,Billable
3080,92,3,2024-12-21,24.8,356.50515929852793,8841.33,Billable
3081,93,5,2023-06-23,42.7,333.24426408004217,14229.53,Billable
3082,93,1,2023-06-23,36.5,209.86584841970367,7660.1,Non-Billable
3083,93,2,2023-06-23,32.6,209.86584841970367,6841.63,Billable
3084,93,9,2023-06-23,70.9,496.7566614134116,35220.05,Billable
3085,93,5,2023-07-23,33.6,333.24426408004217,11197.01,Billable
3086,93,2,2023-07-23,21.4,209.86584841970367,4491.13,Non-Billable
3087,93,5,2023-08-23,42.0,333.24426408004217,13996.26,Non-Billable
3088,93,1,2023-08-23,61.2,209.86584841970367,12843.79,Billable
3089,93,2,2023-08-23,27.7,209.86584841970367,5813.28,Billable
3090,93,9,2023-08-23,43.8,496.7566614134116,21757.94,Billable
3091,93,3,2023-08-23,78.0,356.50515929852793,27807.4,Billable
3092,93,5,2023-09-23,73.1,333.24426408004217,24360.16,Non-Billable
3093,93,2,2023-09-23,28.9,209.86584841970367,6065.12,Non-Billable
3094,93,9,2023-09-23,12.0,496.7566614134116,5961.08,Non-Billable
3095,93,5,2023-10-23,51.8,333.24426408004217,17262.05,Non-Billable
3096,93,1,2023-10-23,23.9,209.86584841970367,5015.79,Non-Billable
3097,93,2,2023-10-23,19.1,209.86584841970367,4008.44,Billable
3098,93,9,2023-10-23,13.8,496.7566614134116,6855.24,Billable
3099,93,3,2023-10-23,63.6,356.50515929852793,22673.73,Billable
3100,93,5,2023-11-23,21.6,333.24426408004217,7198.08,Billable
3101,93,1,2023-11-23,24.0,209.86584841970367,5036.78,Billable
3102,93,2,2023-11-23,15.6,209.86584841970367,3273.91,Billable
3103,93,9,2023-11-23,40.6,496.7566614134116,20168.32,Non-Billable
3104,93,5,2023-12-23,69.2,333.24426408004217,23060.5,Billable
3105,93,3,2023-12-23,37.6,356.50515929852793,13404.59,Billable
3106,93,5,2024-01-23,56.8,333.24426408004217,18928.27,Billable
3107,93,1,2024-01-23,63.4,209.86584841970367,13305.49,Billable
3108,93,2,2024-01-23,32.3,209.86584841970367,6778.67,Billable
3109,93,9,2024-01-23,32.9,496.7566614134116,16343.29,Billable
3110,93,3,2024-01-23,61.1,356.50515929852793,21782.47,Billable
3111,93,5,2024-02-23,47.4,333.24426408004217,15795.78,Billable
3112,93,1,2024-02-23,61.8,209.86584841970367,12969.71,Non-Billable
3113,93,9,2024-02-23,22.5,496.7566614134116,11177.02,Billable
3114,93,3,2024-02-23,33.8,356.50515929852793,12049.87,Billable
3115,93,5,2024-03-23,62.6,333.24426408004217,20861.09,Billable
3116,93,1,2024-03-23,19.7,209.86584841970367,4134.36,Billable
3117,93,9,2024-03-23,16.5,496.7566614134116,8196.48,Billable
3118,93,3,2024-03-23,39.8,356.50515929852793,14188.91,Billable
3119,93,5,2024-04-23,57.3,333.24426408004217,19094.9,Billable
3120,93,2,2024-04-23,39.5,209.86584841970367,8289.7,Billable
3121,93,9,2024-04-23,46.2,496.7566614134116,22950.16,Billable
3122,93,3,2024-04-23,15.8,356.50515929852793,5632.78,Non-Billable
3123,94,11,2023-09-04,10.9,210.1115011743209,2290.22,Billable
3124,94,11,2023-10-04,58.0,210.1115011743209,12186.47,Billable
3125,94,7,2023-10-04,77.2,209.86584841970367,16201.64,Billable
3126,94,11,2023-11-04,13.8,210.1115011743209,2899.54,Billable
3127,94,11,2023-12-04,52.3,210.1115011743209,10988.83,Billable
3128,94,7,2023-12-04,64.7,209.86584841970367,13578.32,Non-Billable
3129,94,11,2024-01-04,47.5,210.1115011743209,9980.3,Billable
3130,94,7,2024-02-04,63.2,209.86584841970367,13263.52,Non-Billable
3131,94,11,2024-04-04,59.5,210.1115011743209,12501.63,Billable
3132,94,11,2024-05-04,60.9,210.1115011743209,12795.79,Billable
3133,94,7,2024-05-04,42.5,209.86584841970367,8919.3,Billable
3134,94,7,2024-06-04,35.7,209.86584841970367,7492.21,Non-Billable
3135,94,11,2024-07-04,27.7,210.1115011743209,5820.09,Billable
3136,94,7,2024-07-04,63.7,209.86584841970367,13368.45,Billable
3137,94,11,2024-08-04,22.5,210.1115011743209,4727.51,Billable
3138,94,7,2024-08-04,41.3,209.86584841970367,8667.46,Billable
3139,94,11,2024-09-04,51.7,210.1115011743209,10862.76,Billable
3140,94,7,2024-09-04,47.2,209.86584841970367,9905.67,Billable
3141,94,7,2024-11-04,54.3,209.86584841970367,11395.72,Billable
3142,94,11,2024-12-04,34.2,210.1115011743209,7185.81,Billable
3143,94,7,2024-12-04,27.1,209.86584841970367,5687.36,Non-Billable
3144,95,2,2023-05-09,54.6,209.86584841970367,11458.68,Billable
3145,95,6,2023-05-09,78.6,311.18528947223797,24459.16,Billable
3146,95,10,2023-05-09,54.6,246.99098521619942,13485.71,Billable
3147,95,12,2023-05-09,11.6,155.80836121681995,1807.38,Non-Billable
3148,95,2,2023-06-09,71.8,209.86584841970367,15068.37,Billable
3149,95,6,2023-06-09,65.6,311.18528947223797,20413.75,Non-Billable
3150,95,12,2023-06-09,46.0,155.80836121681995,7167.18,Billable
3151,95,1,2023-07-09,13.4,209.86584841970367,2812.2,Non-Billable
3152,95,2,2023-07-09,63.3,209.86584841970367,13284.51,Billable
3153,95,10,2023-07-09,23.0,246.99098521619942,5680.79,Non-Billable
3154,95,12,2023-07-09,52.3,155.80836121681995,8148.78,Billable
3155,95,1,2023-08-09,29.1,209.86584841970367,6107.1,Billable
3156,95,6,2023-08-09,56.0,311.18528947223797,17426.38,Billable
3157,95,12,2023-08-09,78.3,155.80836121681995,12199.79,Billable
3158,95,6,2023-09-09,25.5,311.18528947223797,7935.22,Non-Billable
3159,95,12,2023-09-09,67.9,155.80836121681995,10579.39,Non-Billable
3160,95,1,2023-10-09,51.7,209.86584841970367,10850.06,Non-Billable
3161,95,2,2023-10-09,75.1,209.86584841970367,15760.93,Billable
3162,95,6,2023-10-09,32.4,311.18528947223797,10082.4,Billable
3163,95,12,2023-10-09,44.9,155.80836121681995,6995.8,Non-Billable
3164,95,1,2023-11-09,57.1,209.86584841970367,11983.34,Billable
3165,95,2,2023-11-09,56.2,209.86584841970367,11794.46,Non-Billable
3166,95,6,2023-11-09,54.2,311.18528947223797,16866.24,Non-Billable
3167,95,10,2023-11-09,15.8,246.99098521619942,3902.46,Non-Billable
3168,95,12,2023-11-09,35.8,155.80836121681995,5577.94,Billable
3169,95,1,2023-12-09,41.6,209.86584841970367,8730.42,Billable
3170,95,6,2023-12-09,21.7,311.18528947223797,6752.72,Billable
3171,95,10,2023-12-09,39.1,246.99098521619942,9657.35,Billable
3172,95,12,2023-12-09,29.9,155.80836121681995,4658.67,Non-Billable
3173,95,1,2024-01-09,26.4,209.86584841970367,5540.46,Non-Billable
3174,95,6,2024-01-09,69.5,311.18528947223797,21627.38,Billable
3175,95,10,2024-01-09,24.8,246.99098521619942,6125.38,Billable
3176,95,12,2024-01-09,22.5,155.80836121681995,3505.69,Billable
3177,95,1,2024-02-09,78.9,209.86584841970367,16558.42,Billable
3178,95,2,2024-02-09,34.6,209.86584841970367,7261.36,Billable
3179,95,6,2024-02-09,51.9,311.18528947223797,16150.52,Billable
3180,95,10,2024-02-09,54.1,246.99098521619942,13362.21,Non-Billable
3181,95,12,2024-02-09,77.2,155.80836121681995,12028.41,Non-Billable
3182,95,1,2024-03-09,47.5,209.86584841970367,9968.63,Billable
3183,95,6,2024-03-09,63.0,311.18528947223797,19604.67,Billable
3184,95,10,2024-03-09,41.5,246.99098521619942,10250.13,Billable
3185,95,12,2024-03-09,10.2,155.80836121681995,1589.25,Billable
3186,95,1,2024-04-09,55.9,209.86584841970367,11731.5,Non-Billable
3187,95,2,2024-04-09,36.8,209.86584841970367,7723.06,Non-Billable
3188,95,6,2024-04-09,39.3,311.18528947223797,12229.58,Billable
3189,95,10,2024-04-09,53.3,246.99098521619942,13164.62,Billable
3190,95,12,2024-04-09,45.2,155.80836121681995,7042.54,Billable
3191,95,1,2024-05-09,61.3,209.86584841970367,12864.78,Billable
3192,95,2,2024-05-09,27.5,209.86584841970367,5771.31,Non-Billable
3193,95,6,2024-05-09,57.9,311.18528947223797,18017.63,Billable
3194,95,12,2024-05-09,65.3,155.80836121681995,10174.29,Billable
3195,95,1,2024-06-09,70.4,209.86584841970367,14774.56,Billable
3196,95,2,2024-06-09,60.6,209.86584841970367,12717.87,Billable
3197,95,10,2024-06-09,74.5,246.99098521619942,18400.83,Billable
3198,95,6,2024-07-09,42.1,311.18528947223797,13100.9,Non-Billable
3199,95,10,2024-07-09,79.3,246.99098521619942,19586.39,Billable
3200,95,12,2024-07-09,45.0,155.80836121681995,7011.38,Billable
3201,95,1,2024-08-09,68.7,209.86584841970367,14417.78,Billable
3202,95,6,2024-08-09,14.9,311.18528947223797,4636.66,Non-Billable
3203,95,12,2024-08-09,70.7,155.80836121681995,11015.65,Billable
3204,95,1,2024-09-09,14.9,209.86584841970367,3127.0,Billable
3205,95,2,2024-09-09,71.8,209.86584841970367,15068.37,Non-Billable
3206,95,10,2024-09-09,55.3,246.99098521619942,13658.6,Non-Billable
3207,95,12,2024-09-09,40.7,155.80836121681995,6341.4,Non-Billable
3208,95,2,2024-10-09,68.0,209.86584841970367,14270.88,Non-Billable
3209,95,6,2024-10-09,35.4,311.18528947223797,11015.96,Non-Billable
3210,95,10,2024-10-09,54.0,246.99098521619942,13337.51,Billable
3211,95,12,2024-10-09,18.7,155.80836121681995,2913.62,Billable
3212,95,1,2024-11-09,63.1,209.86584841970367,13242.54,Non-Billable
3213,95,2,2024-11-09,17.8,209.86584841970367,3735.61,Billable
3214,95,6,2024-11-09,56.0,311.18528947223797,17426.38,Billable
3215,95,10,2024-11-09,65.7,246.99098521619942,16227.31,Billable
3216,95,1,2024-12-09,58.6,209.86584841970367,12298.14,Billable
3217,95,2,2024-12-09,44.4,209.86584841970367,9318.04,Billable
3218,95,6,2024-12-09,34.0,311.18528947223797,10580.3,Non-Billable
3219,95,10,2024-12-09,65.1,246.99098521619942,16079.11,Non-Billable
3220,96,10,2023-10-30,11.8,246.99098521619942,2914.49,Billable
3221,96,1,2023-10-30,60.0,209.86584841970367,12591.95,Billable
3222,96,3,2023-10-30,21.1,356.50515929852793,7522.26,Non-Billable
3223,96,12,2023-10-30,59.9,155.80836121681995,9332.92,Non-Billable
3224,96,1,2023-11-30,58.7,209.86584841970367,12319.13,Billable
3225,96,3,2023-11-30,70.1,356.50515929852793,24991.01,Billable
3226,96,12,2023-11-30,12.0,155.80836121681995,1869.7,Billable
3227,96,10,2023-12-30,20.4,246.99098521619942,5038.62,Billable
3228,96,3,2023-12-30,62.2,356.50515929852793,22174.62,Non-Billable
3229,96,12,2023-12-30,53.3,155.80836121681995,8304.59,Billable
3230,96,10,2024-01-30,55.1,246.99098521619942,13609.2,Non-Billable
3231,96,1,2024-01-30,32.0,209.86584841970367,6715.71,Billable
3232,96,3,2024-01-30,74.8,356.50515929852793,26666.59,Non-Billable
3233,96,10,2024-02-29,22.3,246.99098521619942,5507.9,Billable
3234,96,3,2024-02-29,34.0,356.50515929852793,12121.18,Billable
3235,96,1,2024-03-29,61.0,209.86584841970367,12801.82,Billable
3236,96,3,2024-03-29,35.0,356.50515929852793,12477.68,Billable
3237,96,12,2024-03-29,54.7,155.80836121681995,8522.72,Billable
3238,96,10,2024-04-29,69.2,246.99098521619942,17091.78,Non-Billable
3239,96,1,2024-04-29,61.9,209.86584841970367,12990.7,Billable
3240,96,3,2024-04-29,37.9,356.50515929852793,13511.55,Billable
3241,96,12,2024-04-29,45.5,155.80836121681995,7089.28,Billable
3242,96,10,2024-05-29,47.4,246.99098521619942,11707.37,Non-Billable
3243,96,1,2024-05-29,15.6,209.86584841970367,3273.91,Billable
3244,96,3,2024-05-29,46.6,356.50515929852793,16613.14,Billable
3245,97,11,2022-07-10,22.4,210.1115011743209,4706.5,Non-Billable
3246,97,11,2022-08-10,61.3,210.1115011743209,12879.84,Billable
3247,97,4,2022-08-10,19.3,263.9493860652042,5094.22,Billable
3248,97,4,2022-09-10,50.7,263.9493860652042,13382.23,Billable
3249,97,11,2022-10-10,13.6,210.1115011743209,2857.52,Non-Billable
3250,97,12,2022-11-10,40.9,155.80836121681995,6372.56,Billable
3251,97,4,2022-11-10,25.0,263.9493860652042,6598.73,Billable
3252,97,4,2022-12-10,73.3,263.9493860652042,19347.49,Non-Billable
3253,97,12,2023-01-10,64.4,155.80836121681995,10034.06,Billable
3254,97,11,2023-01-10,54.4,210.1115011743209,11430.07,Billable
3255,97,4,2023-01-10,27.6,263.9493860652042,7285.0,Billable
3256,97,12,2023-02-10,44.5,155.80836121681995,6933.47,Billable
3257,97,11,2023-02-10,43.8,210.1115011743209,9202.88,Billable
3258,97,4,2023-02-10,31.0,263.9493860652042,8182.43,Non-Billable
3259,97,4,2023-03-10,31.6,263.9493860652042,8340.8,Billable
3260,97,11,2023-04-10,22.8,210.1115011743209,4790.54,Billable
3261,97,4,2023-04-10,78.2,263.9493860652042,20640.84,Billable
3262,97,12,2023-05-10,22.5,155.80836121681995,3505.69,Billable
3263,97,11,2023-05-10,16.6,210.1115011743209,3487.85,Billable
3264,97,4,2023-05-10,58.1,263.9493860652042,15335.46,Billable
3265,97,12,2023-07-10,31.4,155.80836121681995,4892.38,Non-Billable
3266,97,11,2023-07-10,57.9,210.1115011743209,12165.46,Non-Billable
3267,97,12,2023-08-10,32.7,155.80836121681995,5094.93,Billable
3268,97,11,2023-08-10,65.0,210.1115011743209,13657.25,Billable
3269,97,4,2023-08-10,21.0,263.9493860652042,5542.94,Non-Billable
3270,97,12,2023-09-10,55.7,155.80836121681995,8678.53,Billable
3271,97,11,2023-09-10,28.9,210.1115011743209,6072.22,Billable
3272,97,4,2023-09-10,69.9,263.9493860652042,18450.06,Billable
3273,97,12,2023-10-10,31.4,155.80836121681995,4892.38,Non-Billable
3274,97,11,2023-10-10,62.2,210.1115011743209,13068.94,Billable
3275,97,4,2023-10-10,49.4,263.9493860652042,13039.1,Billable
3276,97,11,2023-11-10,13.9,210.1115011743209,2920.55,Billable
3277,97,4,2023-11-10,66.4,263.9493860652042,17526.24,Billable
3278,97,12,2023-12-10,11.4,155.80836121681995,1776.22,Non-Billable
3279,97,4,2023-12-10,27.9,263.9493860652042,7364.19,Billable
3280,97,11,2024-01-10,36.8,210.1115011743209,7732.1,Non-Billable
3281,97,4,2024-01-10,24.0,263.9493860652042,6334.79,Billable
3282,97,12,2024-02-10,40.8,155.80836121681995,6356.98,Billable
3283,97,12,2024-03-10,43.6,155.80836121681995,6793.24,Non-Billable
3284,97,11,2024-03-10,76.6,210.1115011743209,16094.54,Billable
3285,97,4,2024-03-10,37.3,263.9493860652042,9845.31,Non-Billable
3286,97,12,2024-04-10,29.6,155.80836121681995,4611.93,Non-Billable
3287,97,11,2024-04-10,14.2,210.1115011743209,2983.58,Billable
3288,97,4,2024-04-10,29.3,263.9493860652042,7733.72,Billable
3289,97,12,2024-05-10,29.9,155.80836121681995,4658.67,Billable
3290,97,4,2024-05-10,32.7,263.9493860652042,8631.14,Non-Billable
3291,97,12,2024-06-10,20.6,155.80836121681995,3209.65,Billable
3292,97,11,2024-06-10,50.2,210.1115011743209,10547.6,Non-Billable
3293,97,11,2024-07-10,63.4,210.1115011743209,13321.07,Billable
3294,97,4,2024-07-10,67.2,263.9493860652042,17737.4,Non-Billable
3295,97,11,2024-08-10,14.8,210.1115011743209,3109.65,Non-Billable
3296,97,4,2024-08-10,32.0,263.9493860652042,8446.38,Billable
3297,97,12,2024-09-10,41.2,155.80836121681995,6419.3,Billable
3298,97,4,2024-09-10,42.3,263.9493860652042,11165.06,Billable
3299,97,11,2024-10-10,28.1,210.1115011743209,5904.13,Non-Billable
3300,97,4,2024-10-10,11.6,263.9493860652042,3061.81,Billable
3301,97,12,2024-11-10,39.9,155.80836121681995,6216.75,Billable
3302,97,11,2024-11-10,68.2,210.1115011743209,14329.6,Billable
3303,97,4,2024-11-10,45.9,263.9493860652042,12115.28,Billable
3304,97,12,2024-12-10,79.7,155.80836121681995,12417.93,Non-Billable
3305,97,11,2024-12-10,32.9,210.1115011743209,6912.67,Non-Billable
3306,97,4,2024-12-10,50.2,263.9493860652042,13250.26,Non-Billable
3307,98,12,2022-02-05,78.2,155.80836121681995,12184.21,Billable
3308,98,2,2022-02-05,65.9,209.86584841970367,13830.16,Billable
3309,98,12,2022-03-05,42.8,155.80836121681995,6668.6,Non-Billable
3310,98,2,2022-03-05,62.6,209.86584841970367,13137.6,Non-Billable
3311,98,12,2022-04-05,29.4,155.80836121681995,4580.77,Billable
3312,98,2,2022-04-05,79.6,209.86584841970367,16705.32,Billable
3313,98,12,2022-05-05,15.1,155.80836121681995,2352.71,Non-Billable
3314,98,2,2022-05-05,41.8,209.86584841970367,8772.39,Non-Billable
3315,98,12,2022-06-05,76.4,155.80836121681995,11903.76,Billable
3316,98,2,2022-06-05,30.6,209.86584841970367,6421.89,Non-Billable
3317,98,12,2022-07-05,11.3,155.80836121681995,1760.63,Billable
3318,98,2,2022-07-05,20.5,209.86584841970367,4302.25,Billable
3319,98,12,2022-08-05,63.7,155.80836121681995,9924.99,Non-Billable
3320,98,2,2022-08-05,56.6,209.86584841970367,11878.41,Non-Billable
3321,98,12,2022-09-05,72.5,155.80836121681995,11296.11,Non-Billable
3322,98,2,2022-09-05,20.7,209.86584841970367,4344.22,Billable
3323,98,2,2022-11-05,69.1,209.86584841970367,14501.73,Billable
3324,98,12,2022-12-05,76.8,155.80836121681995,11966.08,Billable
3325,98,2,2022-12-05,75.0,209.86584841970367,15739.94,Non-Billable
3326,98,2,2023-01-05,39.7,209.86584841970367,8331.67,Billable
3327,98,2,2023-02-05,64.1,209.86584841970367,13452.4,Billable
3328,98,2,2023-03-05,40.8,209.86584841970367,8562.53,Billable
3329,98,2,2023-04-05,69.8,209.86584841970367,14648.64,Billable
3330,98,12,2023-05-05,41.3,155.80836121681995,6434.89,Billable
3331,98,12,2023-06-05,51.3,155.80836121681995,7992.97,Billable
3332,98,2,2023-07-05,60.7,209.86584841970367,12738.86,Billable
3333,98,12,2023-09-05,61.8,155.80836121681995,9628.96,Billable
3334,98,2,2023-09-05,32.2,209.86584841970367,6757.68,Billable
3335,98,12,2023-11-05,43.5,155.80836121681995,6777.66,Non-Billable
3336,98,12,2023-12-05,10.5,155.80836121681995,1635.99,Billable
3337,98,2,2023-12-05,70.0,209.86584841970367,14690.61,Billable
3338,98,12,2024-01-05,31.7,155.80836121681995,4939.13,Billable
3339,98,2,2024-01-05,69.3,209.86584841970367,14543.7,Billable
3340,98,2,2024-02-05,55.5,209.86584841970367,11647.55,Billable
3341,98,12,2024-03-05,11.1,155.80836121681995,1729.47,Billable
3342,98,2,2024-03-05,72.8,209.86584841970367,15278.23,Billable
3343,98,12,2024-05-05,19.0,155.80836121681995,2960.36,Billable
3344,98,12,2024-06-05,12.7,155.80836121681995,1978.77,Non-Billable
3345,98,2,2024-06-05,70.6,209.86584841970367,14816.53,Non-Billable
3346,98,2,2024-07-05,67.6,209.86584841970367,14186.93,Billable
3347,98,2,2024-08-05,77.6,209.86584841970367,16285.59,Non-Billable
3348,98,12,2024-09-05,56.8,155.80836121681995,8849.91,Billable
3349,98,2,2024-09-05,17.7,209.86584841970367,3714.63,Billable
3350,98,12,2024-11-05,36.1,155.80836121681995,5624.68,Billable
3351,98,2,2024-11-05,12.0,209.86584841970367,2518.39,Billable
3352,98,12,2024-12-05,72.2,155.80836121681995,11249.36,Billable
3353,98,2,2024-12-05,20.1,209.86584841970367,4218.3,Billable
3354,99,9,2022-10-17,60.6,496.7566614134116,30103.45,Billable
3355,99,7,2022-11-17,16.4,209.86584841970367,3441.8,Billable
3356,99,7,2022-12-17,78.8,209.86584841970367,16537.43,Non-Billable
3357,99,9,2023-01-17,70.0,496.7566614134116,34772.97,Non-Billable
3358,99,9,2023-02-17,73.0,496.7566614134116,36263.24,Billable
3359,100,10,2022-06-13,68.2,246.99098521619942,16844.79,Non-Billable
3360,100,10,2022-07-13,25.8,246.99098521619942,6372.37,Billable
3361,100,11,2022-07-13,60.2,210.1115011743209,12648.71,Billable
3362,100,2,2022-07-13,17.4,209.86584841970367,3651.67,Billable
3363,100,10,2022-08-13,31.1,246.99098521619942,7681.42,Non-Billable
3364,100,11,2022-08-13,56.8,210.1115011743209,11934.33,Non-Billable
3365,100,2,2022-08-13,79.1,209.86584841970367,16600.39,Billable
3366,100,8,2022-08-13,19.2,246.99098521619942,4742.23,Billable
3367,100,10,2022-09-13,20.2,246.99098521619942,4989.22,Non-Billable
3368,100,11,2022-09-13,12.4,210.1115011743209,2605.38,Billable
3369,100,2,2022-09-13,65.6,209.86584841970367,13767.2,Billable
3370,100,10,2022-10-13,68.5,246.99098521619942,16918.88,Billable
3371,100,2,2022-10-13,50.0,209.86584841970367,10493.29,Billable
3372,100,8,2022-10-13,23.1,246.99098521619942,5705.49,Non-Billable
3373,100,10,2022-11-13,79.5,246.99098521619942,19635.78,Billable
3374,100,11,2022-11-13,48.2,210.1115011743209,10127.37,Billable
3375,100,2,2022-11-13,55.9,209.86584841970367,11731.5,Non-Billable
3376,100,8,2022-11-13,33.6,246.99098521619942,8298.9,Billable
3377,100,11,2022-12-13,44.1,210.1115011743209,9265.92,Non-Billable
3378,100,2,2022-12-13,16.8,209.86584841970367,3525.75,Billable
3379,100,8,2022-12-13,28.4,246.99098521619942,7014.54,Billable
3380,100,10,2023-01-13,11.8,246.99098521619942,2914.49,Non-Billable
3381,100,8,2023-01-13,17.8,246.99098521619942,4396.44,Non-Billable
3382,100,10,2023-02-13,18.8,246.99098521619942,4643.43,Billable
3383,100,11,2023-02-13,40.5,210.1115011743209,8509.52,Billable
3384,100,2,2023-02-13,78.0,209.86584841970367,16369.54,Billable
3385,100,8,2023-02-13,75.9,246.99098521619942,18746.62,Non-Billable
3386,100,11,2023-03-13,25.5,210.1115011743209,5357.84,Billable
3387,100,8,2023-03-13,46.8,246.99098521619942,11559.18,Billable
3388,100,10,2023-04-13,47.1,246.99098521619942,11633.28,Billable
3389,100,11,2023-04-13,35.4,210.1115011743209,7437.95,Billable
3390,100,2,2023-04-13,79.8,209.86584841970367,16747.29,Billable
3391,100,8,2023-04-13,17.0,246.99098521619942,4198.85,Billable
3392,100,10,2023-05-13,70.1,246.99098521619942,17314.07,Billable
3393,100,11,2023-05-13,62.6,210.1115011743209,13152.98,Billable
3394,100,2,2023-05-13,76.9,209.86584841970367,16138.68,Billable
3395,100,8,2023-05-13,29.5,246.99098521619942,7286.23,Billable
3396,100,11,2023-06-13,78.0,210.1115011743209,16388.7,Billable
3397,100,2,2023-06-13,19.5,209.86584841970367,4092.38,Billable
3398,100,11,2023-07-13,31.8,210.1115011743209,6681.55,Non-Billable
3399,100,2,2023-07-13,77.1,209.86584841970367,16180.66,Billable
3400,100,8,2023-07-13,19.8,246.99098521619942,4890.42,Billable
3401,100,10,2023-08-13,63.5,246.99098521619942,15683.93,Billable
3402,100,11,2023-08-13,21.2,210.1115011743209,4454.36,Billable
3403,100,2,2023-08-13,23.5,209.86584841970367,4931.85,Billable
3404,100,10,2023-09-13,29.3,246.99098521619942,7236.84,Billable
3405,100,2,2023-09-13,76.1,209.86584841970367,15970.79,Billable
3406,100,2,2023-10-13,54.6,209.86584841970367,11458.68,Non-Billable
3407,100,8,2023-10-13,17.2,246.99098521619942,4248.24,Non-Billable
3408,100,10,2023-11-13,26.3,246.99098521619942,6495.86,Billable
3409,100,8,2023-11-13,41.8,246.99098521619942,10324.22,Billable
3410,100,10,2023-12-13,62.8,246.99098521619942,15511.03,Non-Billable
3411,100,11,2023-12-13,29.0,210.1115011743209,6093.23,Billable
3412,100,2,2023-12-13,72.4,209.86584841970367,15194.29,Billable
3413,100,8,2023-12-13,39.8,246.99098521619942,9830.24,Billable
3414,100,10,2024-01-13,58.4,246.99098521619942,14424.27,Billable
3415,100,11,2024-01-13,25.7,210.1115011743209,5399.87,Billable
3416,100,8,2024-01-13,77.2,246.99098521619942,19067.7,Billable
3417,100,11,2024-02-13,44.6,210.1115011743209,9370.97,Non-Billable
3418,100,2,2024-02-13,39.5,209.86584841970367,8289.7,Non-Billable
3419,100,10,2024-03-13,69.0,246.99098521619942,17042.38,Non-Billable
3420,100,8,2024-03-13,39.4,246.99098521619942,9731.44,Billable
3421,100,10,2024-04-13,15.8,246.99098521619942,3902.46,Billable
3422,100,11,2024-04-13,44.0,210.1115011743209,9244.91,Non-Billable
3423,100,2,2024-04-13,51.4,209.86584841970367,10787.1,Non-Billable
3424,100,10,2024-05-13,67.8,246.99098521619942,16745.99,Billable
3425,100,11,2024-05-13,68.6,210.1115011743209,14413.65,Billable
3426,100,2,2024-05-13,70.9,209.86584841970367,14879.49,Non-Billable
3427,100,8,2024-05-13,52.1,246.99098521619942,12868.23,Non-Billable
3428,100,10,2024-06-13,55.0,246.99098521619942,13584.5,Billable
3429,100,11,2024-06-13,18.2,210.1115011743209,3824.03,Billable
3430,100,2,2024-06-13,57.1,209.86584841970367,11983.34,Non-Billable
3431,100,8,2024-06-13,37.6,246.99098521619942,9286.86,Non-Billable
3432,100,11,2024-07-13,40.8,210.1115011743209,8572.55,Billable
3433,100,2,2024-07-13,46.6,209.86584841970367,9779.75,Billable
3434,100,8,2024-07-13,54.0,246.99098521619942,13337.51,Billable
3435,100,10,2024-08-13,11.8,246.99098521619942,2914.49,Non-Billable
3436,100,2,2024-08-13,33.0,209.86584841970367,6925.57,Billable
3437,100,8,2024-08-13,66.1,246.99098521619942,16326.1,Non-Billable
3438,100,10,2024-09-13,72.4,246.99098521619942,17882.15,Billable
3439,100,11,2024-09-13,34.1,210.1115011743209,7164.8,Billable
3440,100,8,2024-09-13,32.7,246.99098521619942,8076.61,Non-Billable
3441,100,10,2024-10-13,28.4,246.99098521619942,7014.54,Billable
3442,100,2,2024-10-13,48.3,209.86584841970367,10136.52,Billable
3443,100,8,2024-10-13,62.7,246.99098521619942,15486.33,Billable
3444,101,2,2024-03-31,31.4,209.86584841970367,6589.79,Non-Billable
3445,101,11,2024-03-31,53.5,210.1115011743209,11240.97,Non-Billable
3446,101,4,2024-03-31,28.5,263.9493860652042,7522.56,Non-Billable
3447,101,2,2024-04-30,33.6,209.86584841970367,7051.49,Billable
3448,101,6,2024-04-30,62.8,311.18528947223797,19542.44,Billable
3449,101,11,2024-04-30,17.8,210.1115011743209,3739.98,Non-Billable
3450,101,9,2024-04-30,45.4,496.7566614134116,22552.75,Non-Billable
3451,101,4,2024-04-30,63.0,263.9493860652042,16628.81,Non-Billable
3452,101,6,2024-05-30,15.3,311.18528947223797,4761.13,Billable
3453,101,9,2024-05-30,71.4,496.7566614134116,35468.43,Billable
3454,101,4,2024-05-30,20.2,263.9493860652042,5331.78,Billable
3455,101,2,2024-06-30,37.8,209.86584841970367,7932.93,Billable
3456,101,11,2024-06-30,67.0,210.1115011743209,14077.47,Billable
3457,101,9,2024-06-30,78.0,496.7566614134116,38747.02,Billable
3458,101,4,2024-06-30,41.0,263.9493860652042,10821.92,Billable
3459,101,11,2024-07-30,11.8,210.1115011743209,2479.32,Billable
3460,101,9,2024-07-30,78.8,496.7566614134116,39144.42,Billable
3461,101,4,2024-07-30,40.8,263.9493860652042,10769.13,Billable
3462,101,11,2024-08-30,70.0,210.1115011743209,14707.81,Billable
3463,101,9,2024-08-30,39.0,496.7566614134116,19373.51,Non-Billable
3464,101,4,2024-08-30,23.5,263.9493860652042,6202.81,Billable
3465,101,2,2024-09-30,50.7,209.86584841970367,10640.2,Non-Billable
3466,101,6,2024-09-30,73.2,311.18528947223797,22778.76,Billable
3467,101,11,2024-09-30,59.5,210.1115011743209,12501.63,Billable
3468,101,9,2024-09-30,28.4,496.7566614134116,14107.89,Billable
3469,101,4,2024-09-30,74.8,263.9493860652042,19743.41,Billable
3470,101,2,2024-10-30,35.0,209.86584841970367,7345.3,Non-Billable
3471,101,11,2024-10-30,79.0,210.1115011743209,16598.81,Billable
3472,101,9,2024-10-30,50.5,496.7566614134116,25086.21,Billable
3473,101,4,2024-10-30,64.9,263.9493860652042,17130.32,Non-Billable
3474,101,2,2024-11-30,47.5,209.86584841970367,9968.63,Billable
3475,101,6,2024-11-30,52.3,311.18528947223797,16274.99,Non-Billable
3476,101,11,2024-11-30,59.2,210.1115011743209,12438.6,Non-Billable
3477,101,9,2024-11-30,25.7,496.7566614134116,12766.65,Billable
3478,101,4,2024-11-30,13.7,263.9493860652042,3616.11,Non-Billable
3479,101,2,2024-12-30,51.4,209.86584841970367,10787.1,Billable
3480,101,6,2024-12-30,22.0,311.18528947223797,6846.08,Non-Billable
3481,101,11,2024-12-30,55.5,210.1115011743209,11661.19,Billable
3482,101,9,2024-12-30,59.4,496.7566614134116,29507.35,Billable
3483,101,4,2024-12-30,14.6,263.9493860652042,3853.66,Non-Billable
3484,102,10,2023-07-03,63.5,246.99098521619942,15683.93,Billable
3485,102,5,2023-07-03,25.1,333.24426408004217,8364.43,Billable
3486,102,1,2023-07-03,58.8,209.86584841970367,12340.11,Billable
3487,102,8,2023-07-03,49.9,246.99098521619942,12324.85,Non-Billable
3488,102,10,2023-08-03,20.1,246.99098521619942,4964.52,Non-Billable
3489,102,5,2023-08-03,51.1,333.24426408004217,17028.78,Billable
3490,102,1,2023-08-03,13.7,209.86584841970367,2875.16,Billable
3491,102,8,2023-08-03,64.2,246.99098521619942,15856.82,Billable
3492,102,10,2023-09-03,47.1,246.99098521619942,11633.28,Non-Billable
3493,102,8,2023-09-03,64.2,246.99098521619942,15856.82,Billable
3494,102,10,2023-10-03,12.1,246.99098521619942,2988.59,Billable
3495,102,5,2023-10-03,33.2,333.24426408004217,11063.71,Billable
3496,102,1,2023-10-03,50.2,209.86584841970367,10535.27,Non-Billable
3497,102,8,2023-10-03,38.5,246.99098521619942,9509.15,Non-Billable
3498,102,10,2023-11-03,69.3,246.99098521619942,17116.48,Billable
3499,102,1,2023-11-03,59.5,209.86584841970367,12487.02,Billable
3500,102,8,2023-11-03,22.9,246.99098521619942,5656.09,Billable
3501,102,5,2023-12-03,55.3,333.24426408004217,18428.41,Billable
3502,102,1,2023-12-03,62.6,209.86584841970367,13137.6,Non-Billable
3503,102,10,2024-01-03,14.3,246.99098521619942,3531.97,Non-Billable
3504,102,1,2024-01-03,21.8,209.86584841970367,4575.08,Non-Billable
3505,102,10,2024-02-03,31.4,246.99098521619942,7755.52,Non-Billable
3506,102,5,2024-02-03,70.2,333.24426408004217,23393.75,Billable
3507,102,8,2024-02-03,22.7,246.99098521619942,5606.7,Billable
3508,102,10,2024-03-03,16.8,246.99098521619942,4149.45,Non-Billable
3509,102,5,2024-03-03,52.0,333.24426408004217,17328.7,Non-Billable
3510,102,8,2024-03-03,69.2,246.99098521619942,17091.78,Billable
3511,102,10,2024-04-03,67.0,246.99098521619942,16548.4,Billable
3512,102,8,2024-04-03,77.1,246.99098521619942,19043.0,Billable
3513,102,10,2024-05-03,31.8,246.99098521619942,7854.31,Billable
3514,102,1,2024-05-03,51.3,209.86584841970367,10766.12,Billable
3515,102,8,2024-05-03,44.8,246.99098521619942,11065.2,Non-Billable
3516,103,10,2022-01-29,48.4,246.99098521619942,11954.36,Billable
3517,103,6,2022-01-29,76.1,311.18528947223797,23681.2,Non-Billable
3518,103,8,2022-01-29,33.7,246.99098521619942,8323.6,Billable
3519,103,6,2022-02-28,44.4,311.18528947223797,13816.63,Billable
3520,103,6,2022-03-28,43.6,311.18528947223797,13567.68,Non-Billable
3521,103,8,2022-03-28,68.7,246.99098521619942,16968.28,Billable
3522,103,10,2022-04-28,16.4,246.99098521619942,4050.65,Non-Billable
3523,103,6,2022-04-28,46.9,311.18528947223797,14594.59,Non-Billable
3524,103,8,2022-04-28,46.5,246.99098521619942,11485.08,Non-Billable
3525,103,10,2022-05-28,29.8,246.99098521619942,7360.33,Billable
3526,103,6,2022-05-28,23.9,311.18528947223797,7437.33,Non-Billable
3527,103,8,2022-05-28,40.5,246.99098521619942,10003.13,Billable
3528,103,10,2022-06-28,44.4,246.99098521619942,10966.4,Billable
3529,103,6,2022-06-28,52.7,311.18528947223797,16399.46,Billable
3530,103,8,2022-06-28,65.0,246.99098521619942,16054.41,Billable
3531,103,10,2022-07-28,58.9,246.99098521619942,14547.77,Non-Billable
3532,103,6,2022-07-28,23.2,311.18528947223797,7219.5,Billable
3533,103,8,2022-07-28,51.1,246.99098521619942,12621.24,Non-Billable
3534,103,10,2022-08-28,54.9,246.99098521619942,13559.81,Non-Billable
3535,103,10,2022-09-28,36.9,246.99098521619942,9113.97,Billable
3536,103,6,2022-09-28,13.7,311.18528947223797,4263.24,Non-Billable
3537,103,8,2022-09-28,61.7,246.99098521619942,15239.34,Non-Billable
3538,103,10,2022-10-28,45.6,246.99098521619942,11262.79,Non-Billable
3539,103,6,2022-10-28,73.7,311.18528947223797,22934.36,Billable
3540,103,8,2022-10-28,23.0,246.99098521619942,5680.79,Billable
3541,103,10,2022-11-28,15.1,246.99098521619942,3729.56,Billable
3542,103,6,2022-11-28,50.0,311.18528947223797,15559.26,Non-Billable
3543,103,10,2022-12-28,24.4,246.99098521619942,6026.58,Non-Billable
3544,103,10,2023-01-28,56.2,246.99098521619942,13880.89,Billable
3545,103,6,2023-01-28,79.1,311.18528947223797,24614.76,Billable
3546,103,8,2023-01-28,68.6,246.99098521619942,16943.58,Billable
3547,103,6,2023-02-28,53.5,311.18528947223797,16648.41,Billable
3548,103,8,2023-02-28,39.6,246.99098521619942,9780.84,Non-Billable
3549,103,10,2023-03-28,73.1,246.99098521619942,18055.04,Billable
3550,103,8,2023-03-28,61.6,246.99098521619942,15214.64,Billable
3551,103,10,2023-04-28,10.7,246.99098521619942,2642.8,Billable
3552,103,6,2023-04-28,69.0,311.18528947223797,21471.78,Billable
3553,103,8,2023-04-28,44.2,246.99098521619942,10917.0,Non-Billable
3554,103,6,2023-05-28,12.9,311.18528947223797,4014.29,Billable
3555,103,10,2023-06-28,14.9,246.99098521619942,3680.17,Billable
3556,103,8,2023-06-28,44.2,246.99098521619942,10917.0,Billable
3557,103,10,2023-07-28,21.7,246.99098521619942,5359.7,Non-Billable
3558,103,8,2023-07-28,75.1,246.99098521619942,18549.02,Billable
3559,103,8,2023-08-28,28.3,246.99098521619942,6989.84,Billable
3560,103,10,2023-09-28,72.0,246.99098521619942,17783.35,Billable
3561,103,6,2023-09-28,48.8,311.18528947223797,15185.84,Billable
3562,103,10,2023-10-28,12.5,246.99098521619942,3087.39,Billable
3563,103,10,2023-11-28,22.9,246.99098521619942,5656.09,Non-Billable
3564,103,6,2023-11-28,26.9,311.18528947223797,8370.88,Non-Billable
3565,103,8,2023-11-28,61.7,246.99098521619942,15239.34,Billable
3566,103,10,2023-12-28,12.9,246.99098521619942,3186.18,Non-Billable
3567,103,6,2023-12-28,23.2,311.18528947223797,7219.5,Billable
3568,103,8,2023-12-28,13.1,246.99098521619942,3235.58,Billable
3569,103,10,2024-01-28,33.9,246.99098521619942,8372.99,Billable
3570,103,6,2024-01-28,34.5,311.18528947223797,10735.89,Billable
3571,103,8,2024-01-28,13.9,246.99098521619942,3433.17,Billable
3572,103,8,2024-03-28,40.7,246.99098521619942,10052.53,Billable
3573,104,4,2022-10-23,49.0,263.9493860652042,12933.52,Billable
3574,104,10,2022-10-23,32.2,246.99098521619942,7953.11,Billable
3575,104,4,2022-11-23,38.7,263.9493860652042,10214.84,Non-Billable
3576,104,4,2022-12-23,60.7,263.9493860652042,16021.73,Billable
3577,104,10,2022-12-23,20.0,246.99098521619942,4939.82,Billable
3578,104,4,2023-01-23,10.4,263.9493860652042,2745.07,Billable
3579,104,10,2023-01-23,67.0,246.99098521619942,16548.4,Non-Billable
3580,104,4,2023-03-23,49.5,263.9493860652042,13065.49,Billable
3581,104,4,2023-04-23,43.3,263.9493860652042,11429.01,Non-Billable
3582,104,10,2023-04-23,29.8,246.99098521619942,7360.33,Non-Billable
3583,105,8,2022-11-01,54.6,246.99098521619942,13485.71,Billable
3584,105,4,2022-11-01,20.7,263.9493860652042,5463.75,Non-Billable
3585,105,12,2022-11-01,25.7,155.80836121681995,4004.27,Billable
3586,105,5,2022-11-01,22.2,333.24426408004217,7398.02,Billable
3587,105,6,2022-11-01,71.7,311.18528947223797,22311.99,Billable
3588,105,8,2022-12-01,40.2,246.99098521619942,9929.04,Billable
3589,105,12,2022-12-01,59.7,155.80836121681995,9301.76,Non-Billable
3590,105,5,2022-12-01,79.1,333.24426408004217,26359.62,Billable
3591,105,6,2022-12-01,34.7,311.18528947223797,10798.13,Billable
3592,105,8,2023-01-01,39.2,246.99098521619942,9682.05,Non-Billable
3593,105,4,2023-01-01,76.7,263.9493860652042,20244.92,Billable
3594,105,12,2023-01-01,32.8,155.80836121681995,5110.51,Billable
3595,105,6,2023-01-01,27.2,311.18528947223797,8464.24,Non-Billable
3596,105,12,2023-02-01,56.2,155.80836121681995,8756.43,Non-Billable
3597,105,5,2023-02-01,42.4,333.24426408004217,14129.56,Billable
3598,105,6,2023-02-01,31.5,311.18528947223797,9802.34,Billable
3599,105,12,2023-03-01,31.0,155.80836121681995,4830.06,Non-Billable
3600,105,5,2023-03-01,24.0,333.24426408004217,7997.86,Billable
3601,105,6,2023-03-01,21.0,311.18528947223797,6534.89,Billable
3602,105,8,2023-04-01,40.2,246.99098521619942,9929.04,Billable
3603,105,5,2023-04-01,22.1,333.24426408004217,7364.7,Non-Billable
3604,105,6,2023-04-01,63.8,311.18528947223797,19853.62,Non-Billable
3605,105,8,2023-05-01,64.7,246.99098521619942,15980.32,Billable
3606,105,12,2023-05-01,27.2,155.80836121681995,4237.99,Non-Billable
3607,105,6,2023-05-01,32.1,311.18528947223797,9989.05,Non-Billable
3608,105,8,2023-06-01,54.0,246.99098521619942,13337.51,Billable
3609,105,4,2023-06-01,65.1,263.9493860652042,17183.11,Billable
3610,105,5,2023-06-01,70.9,333.24426408004217,23627.02,Billable
3611,105,6,2023-06-01,31.9,311.18528947223797,9926.81,Billable
3612,105,5,2023-07-01,35.4,333.24426408004217,11796.85,Billable
3613,105,6,2023-07-01,68.0,311.18528947223797,21160.6,Billable
3614,105,8,2023-08-01,22.3,246.99098521619942,5507.9,Billable
3615,105,12,2023-08-01,73.1,155.80836121681995,11389.59,Billable
3616,105,8,2023-09-01,38.7,246.99098521619942,9558.55,Non-Billable
3617,105,4,2023-09-01,42.9,263.9493860652042,11323.43,Billable
3618,105,12,2023-09-01,73.3,155.80836121681995,11420.75,Billable
3619,105,5,2023-09-01,20.3,333.24426408004217,6764.86,Billable
3620,105,4,2023-10-01,43.1,263.9493860652042,11376.22,Billable
3621,105,6,2023-10-01,67.3,311.18528947223797,20942.77,Billable
3622,105,8,2023-11-01,22.7,246.99098521619942,5606.7,Billable
3623,105,4,2023-11-01,76.3,263.9493860652042,20139.34,Non-Billable
3624,105,12,2023-11-01,33.8,155.80836121681995,5266.32,Billable
3625,105,5,2023-11-01,14.8,333.24426408004217,4932.02,Billable
3626,105,6,2023-11-01,57.4,311.18528947223797,17862.04,Billable
3627,105,4,2023-12-01,77.2,263.9493860652042,20376.89,Billable
3628,105,12,2023-12-01,32.4,155.80836121681995,5048.19,Non-Billable
3629,105,5,2023-12-01,65.1,333.24426408004217,21694.2,Billable
3630,105,6,2023-12-01,66.0,311.18528947223797,20538.23,Billable
3631,105,8,2024-01-01,51.3,246.99098521619942,12670.64,Billable
3632,105,4,2024-01-01,27.7,263.9493860652042,7311.4,Non-Billable
3633,105,5,2024-01-01,74.1,333.24426408004217,24693.4,Billable
3634,105,6,2024-01-01,21.7,311.18528947223797,6752.72,Non-Billable
3635,105,4,2024-02-01,41.4,263.9493860652042,10927.5,Billable
3636,105,12,2024-02-01,29.1,155.80836121681995,4534.02,Non-Billable
3637,105,5,2024-02-01,15.6,333.24426408004217,5198.61,Non-Billable
3638,105,8,2024-03-01,74.9,246.99098521619942,18499.62,Billable
3639,105,4,2024-03-01,11.3,263.9493860652042,2982.63,Billable
3640,105,5,2024-03-01,37.2,333.24426408004217,12396.69,Non-Billable
3641,105,6,2024-03-01,58.8,311.18528947223797,18297.7,Billable
3642,105,8,2024-04-01,45.9,246.99098521619942,11336.89,Billable
3643,105,4,2024-04-01,33.9,263.9493860652042,8947.88,Billable
3644,105,12,2024-04-01,48.7,155.80836121681995,7587.87,Billable
3645,105,8,2024-05-01,57.0,246.99098521619942,14078.49,Non-Billable
3646,105,4,2024-05-01,70.3,263.9493860652042,18555.64,Billable
3647,105,6,2024-05-01,27.0,311.18528947223797,8402.0,Billable
3648,105,8,2024-06-01,20.8,246.99098521619942,5137.41,Billable
3649,105,4,2024-06-01,70.5,263.9493860652042,18608.43,Billable
3650,105,12,2024-06-01,61.6,155.80836121681995,9597.8,Billable
3651,105,5,2024-06-01,53.2,333.24426408004217,17728.59,Billable
3652,105,6,2024-06-01,77.6,311.18528947223797,24147.98,Billable
3653,105,8,2024-07-01,33.2,246.99098521619942,8200.1,Non-Billable
3654,105,5,2024-07-01,24.0,333.24426408004217,7997.86,Non-Billable
3655,105,6,2024-07-01,23.0,311.18528947223797,7157.26,Non-Billable
3656,105,8,2024-08-01,10.3,246.99098521619942,2544.01,Non-Billable
3657,105,6,2024-08-01,47.1,311.18528947223797,14656.83,Billable
3658,105,8,2024-09-01,59.6,246.99098521619942,14720.66,Billable
3659,105,4,2024-09-01,23.0,263.9493860652042,6070.84,Billable
3660,105,12,2024-09-01,51.4,155.80836121681995,8008.55,Billable
3661,105,5,2024-09-01,45.5,333.24426408004217,15162.61,Billable
3662,105,12,2024-10-01,78.1,155.80836121681995,12168.63,Non-Billable
3663,105,6,2024-10-01,23.2,311.18528947223797,7219.5,Billable
3664,105,8,2024-11-01,25.9,246.99098521619942,6397.07,Billable
3665,105,4,2024-11-01,51.5,263.9493860652042,13593.39,Non-Billable
3666,105,12,2024-11-01,54.8,155.80836121681995,8538.3,Billable
3667,105,5,2024-11-01,67.7,333.24426408004217,22560.64,Non-Billable
3668,106,12,2024-01-04,14.5,155.80836121681995,2259.22,Billable
3669,106,11,2024-02-04,73.2,210.1115011743209,15380.16,Billable
3670,106,12,2024-02-04,67.2,155.80836121681995,10470.32,Billable
3671,106,11,2024-03-04,72.9,210.1115011743209,15317.13,Billable
3672,106,11,2024-04-04,16.2,210.1115011743209,3403.81,Non-Billable
3673,106,12,2024-04-04,74.0,155.80836121681995,11529.82,Non-Billable
3674,106,11,2024-05-04,57.5,210.1115011743209,12081.41,Billable
3675,106,12,2024-05-04,60.9,155.80836121681995,9488.73,Billable
3676,106,11,2024-06-04,62.0,210.1115011743209,13026.91,Billable
3677,106,12,2024-06-04,31.0,155.80836121681995,4830.06,Billable
3678,106,11,2024-07-04,79.9,210.1115011743209,16787.91,Billable
3679,106,12,2024-08-04,38.7,155.80836121681995,6029.78,Billable
3680,106,11,2024-09-04,65.7,210.1115011743209,13804.33,Billable
3681,106,12,2024-09-04,72.9,155.80836121681995,11358.43,Billable
3682,106,12,2024-10-04,37.0,155.80836121681995,5764.91,Billable
3683,106,11,2024-11-04,65.2,210.1115011743209,13699.27,Billable
3684,106,12,2024-11-04,54.3,155.80836121681995,8460.39,Billable
3685,106,11,2024-12-04,40.4,210.1115011743209,8488.5,Non-Billable
3686,106,12,2024-12-04,20.6,155.80836121681995,3209.65,Billable
3687,107,2,2024-06-09,29.0,209.86584841970367,6086.11,Billable
3688,107,7,2024-06-09,31.2,209.86584841970367,6547.81,Non-Billable
3689,107,7,2024-07-09,44.9,209.86584841970367,9422.98,Billable
3690,107,2,2024-08-09,21.2,209.86584841970367,4449.16,Non-Billable
3691,107,7,2024-08-09,14.7,209.86584841970367,3085.03,Billable
3692,107,2,2024-09-09,52.5,209.86584841970367,11017.96,Billable
3693,107,7,2024-09-09,66.3,209.86584841970367,13914.11,Billable
3694,107,2,2024-10-09,77.0,209.86584841970367,16159.67,Non-Billable
3695,107,7,2024-10-09,57.9,209.86584841970367,12151.23,Billable
3696,107,2,2024-11-09,51.9,209.86584841970367,10892.04,Non-Billable
3697,107,7,2024-11-09,66.5,209.86584841970367,13956.08,Billable
3698,107,2,2024-12-09,77.9,209.86584841970367,16348.55,Billable
3699,107,7,2024-12-09,27.2,209.86584841970367,5708.35,Billable
3700,108,6,2024-08-05,48.8,311.18528947223797,15185.84,Non-Billable
3701,108,11,2024-08-05,58.9,210.1115011743209,12375.57,Billable
3702,108,8,2024-08-05,64.7,246.99098521619942,15980.32,Non-Billable
3703,108,6,2024-09-05,26.0,311.18528947223797,8090.82,Non-Billable
3704,108,11,2024-09-05,66.9,210.1115011743209,14056.46,Billable
3705,108,8,2024-09-05,42.9,246.99098521619942,10595.91,Billable
3706,108,6,2024-10-05,71.7,311.18528947223797,22311.99,Billable
3707,108,11,2024-10-05,53.7,210.1115011743209,11282.99,Billable
3708,108,8,2024-10-05,42.4,246.99098521619942,10472.42,Non-Billable
3709,108,11,2024-11-05,64.4,210.1115011743209,13531.18,Billable
3710,108,8,2024-11-05,35.5,246.99098521619942,8768.18,Billable
3711,108,6,2024-12-05,25.6,311.18528947223797,7966.34,Billable
3712,108,11,2024-12-05,67.7,210.1115011743209,14224.55,Billable
3713,108,8,2024-12-05,64.9,246.99098521619942,16029.71,Billable
3714,109,6,2023-02-01,51.8,311.18528947223797,16119.4,Billable
3715,109,4,2023-02-01,46.6,263.9493860652042,12300.04,Non-Billable
3716,109,6,2023-03-01,39.6,311.18528947223797,12322.94,Billable
3717,109,6,2023-04-01,39.5,311.18528947223797,12291.82,Billable
3718,109,10,2023-04-01,73.7,246.99098521619942,18203.24,Billable
3719,109,9,2023-04-01,36.7,496.7566614134116,18230.97,Billable
3720,109,4,2023-04-01,63.1,263.9493860652042,16655.21,Billable
3721,109,11,2023-04-01,41.9,210.1115011743209,8803.67,Billable
3722,109,6,2023-05-01,41.7,311.18528947223797,12976.43,Billable
3723,109,10,2023-05-01,32.6,246.99098521619942,8051.91,Billable
3724,109,4,2023-05-01,48.7,263.9493860652042,12854.34,Billable
3725,109,6,2023-06-01,36.3,311.18528947223797,11296.03,Billable
3726,109,10,2023-06-01,55.2,246.99098521619942,13633.9,Billable
3727,109,4,2023-06-01,63.2,263.9493860652042,16681.6,Non-Billable
3728,109,6,2023-07-01,49.8,311.18528947223797,15497.03,Non-Billable
3729,109,9,2023-07-01,19.2,496.7566614134116,9537.73,Billable
3730,109,4,2023-07-01,19.8,263.9493860652042,5226.2,Billable
3731,109,11,2023-07-01,75.8,210.1115011743209,15926.45,Billable
3732,109,10,2023-08-01,35.0,246.99098521619942,8644.68,Billable
3733,109,9,2023-08-01,62.6,496.7566614134116,31096.97,Billable
3734,109,4,2023-08-01,14.4,263.9493860652042,3800.87,Billable
3735,109,11,2023-08-01,37.7,210.1115011743209,7921.2,Billable
3736,109,6,2023-09-01,16.3,311.18528947223797,5072.32,Billable
3737,109,10,2023-09-01,18.1,246.99098521619942,4470.54,Billable
3738,109,11,2023-09-01,11.7,210.1115011743209,2458.3,Non-Billable
3739,109,6,2023-10-01,25.8,311.18528947223797,8028.58,Billable
3740,109,9,2023-10-01,76.5,496.7566614134116,38001.88,Billable
3741,109,4,2023-10-01,32.6,263.9493860652042,8604.75,Non-Billable
3742,109,11,2023-10-01,11.3,210.1115011743209,2374.26,Billable
3743,109,6,2023-11-01,56.9,311.18528947223797,17706.44,Non-Billable
3744,109,10,2023-11-01,14.8,246.99098521619942,3655.47,Billable
3745,109,9,2023-11-01,24.6,496.7566614134116,12220.21,Non-Billable
3746,109,4,2023-11-01,34.5,263.9493860652042,9106.25,Billable
3747,109,11,2023-11-01,35.8,210.1115011743209,7521.99,Billable
3748,109,6,2023-12-01,20.7,311.18528947223797,6441.54,Billable
3749,109,10,2023-12-01,62.1,246.99098521619942,15338.14,Billable
3750,109,4,2023-12-01,37.2,263.9493860652042,9818.92,Billable
3751,109,11,2023-12-01,27.9,210.1115011743209,5862.11,Billable
3752,109,6,2024-01-01,28.2,311.18528947223797,8775.43,Billable
3753,109,10,2024-01-01,41.6,246.99098521619942,10274.82,Billable
3754,109,9,2024-01-01,55.6,496.7566614134116,27619.67,Non-Billable
3755,109,4,2024-01-01,24.3,263.9493860652042,6413.97,Billable
3756,109,6,2024-02-01,62.0,311.18528947223797,19293.49,Billable
3757,109,9,2024-02-01,62.3,496.7566614134116,30947.94,Non-Billable
3758,109,4,2024-02-01,72.1,263.9493860652042,19030.75,Billable
3759,109,11,2024-02-01,13.8,210.1115011743209,2899.54,Non-Billable
3760,109,10,2024-03-01,69.0,246.99098521619942,17042.38,Billable
3761,109,9,2024-03-01,31.7,496.7566614134116,15747.19,Billable
3762,109,4,2024-03-01,70.2,263.9493860652042,18529.25,Billable
3763,109,11,2024-03-01,60.4,210.1115011743209,12690.73,Non-Billable
3764,109,6,2024-04-01,78.9,311.18528947223797,24552.52,Non-Billable
3765,109,10,2024-04-01,74.5,246.99098521619942,18400.83,Billable
3766,109,9,2024-04-01,30.0,496.7566614134116,14902.7,Non-Billable
3767,109,4,2024-04-01,27.4,263.9493860652042,7232.21,Non-Billable
3768,109,10,2024-06-01,61.0,246.99098521619942,15066.45,Billable
3769,109,4,2024-06-01,55.2,263.9493860652042,14570.01,Billable
3770,109,11,2024-06-01,36.1,210.1115011743209,7585.03,Billable
3771,109,6,2024-07-01,11.6,311.18528947223797,3609.75,Billable
3772,109,10,2024-07-01,31.1,246.99098521619942,7681.42,Billable
3773,109,9,2024-07-01,75.3,496.7566614134116,37405.78,Billable
3774,109,11,2024-07-01,76.7,210.1115011743209,16115.55,Billable
3775,109,6,2024-08-01,75.2,311.18528947223797,23401.13,Billable
3776,109,11,2024-08-01,50.6,210.1115011743209,10631.64,Non-Billable
3777,109,9,2024-09-01,14.4,496.7566614134116,7153.3,Non-Billable
3778,109,6,2024-10-01,12.1,311.18528947223797,3765.34,Billable
3779,109,10,2024-10-01,42.6,246.99098521619942,10521.82,Billable
3780,109,9,2024-10-01,50.4,496.7566614134116,25036.54,Billable
3781,109,4,2024-10-01,77.2,263.9493860652042,20376.89,Billable
3782,109,11,2024-10-01,60.3,210.1115011743209,12669.72,Billable
3783,109,6,2024-11-01,11.7,311.18528947223797,3640.87,Billable
3784,109,10,2024-11-01,23.2,246.99098521619942,5730.19,Non-Billable
3785,109,9,2024-11-01,10.1,496.7566614134116,5017.24,Non-Billable
3786,109,11,2024-11-01,70.0,210.1115011743209,14707.81,Non-Billable
3787,109,6,2024-12-01,44.2,311.18528947223797,13754.39,Billable
3788,109,10,2024-12-01,62.0,246.99098521619942,15313.44,Billable
3789,109,9,2024-12-01,51.9,496.7566614134116,25781.67,Billable
3790,109,4,2024-12-01,48.1,263.9493860652042,12695.97,Billable
3791,109,11,2024-12-01,36.0,210.1115011743209,7564.01,Non-Billable
3792,110,6,2024-10-12,50.6,311.18528947223797,15745.98,Billable
3793,110,11,2024-10-12,34.3,210.1115011743209,7206.82,Billable
3794,110,6,2024-11-12,72.3,311.18528947223797,22498.7,Non-Billable
3795,110,11,2024-11-12,35.2,210.1115011743209,7395.92,Billable
3796,110,12,2024-12-12,55.2,155.80836121681995,8600.62,Billable
3797,111,1,2024-05-25,78.8,209.86584841970367,16537.43,Billable
3798,111,6,2024-05-25,47.8,311.18528947223797,14874.66,Non-Billable
3799,111,1,2024-06-25,19.8,209.86584841970367,4155.34,Billable
3800,111,6,2024-06-25,37.7,311.18528947223797,11731.69,Billable
3801,111,9,2024-06-25,79.3,496.7566614134116,39392.8,Non-Billable
3802,111,1,2024-08-25,56.5,209.86584841970367,11857.42,Billable
3803,111,6,2024-08-25,57.9,311.18528947223797,18017.63,Billable
3804,111,9,2024-08-25,32.8,496.7566614134116,16293.62,Billable
3805,111,1,2024-09-25,37.6,209.86584841970367,7890.96,Non-Billable
3806,111,6,2024-09-25,25.3,311.18528947223797,7872.99,Billable
3807,111,9,2024-09-25,58.1,496.7566614134116,28861.56,Billable
3808,111,6,2024-10-25,20.9,311.18528947223797,6503.77,Non-Billable
3809,111,9,2024-10-25,23.2,496.7566614134116,11524.75,Billable
3810,111,1,2024-11-25,77.8,209.86584841970367,16327.56,Billable
3811,111,6,2024-11-25,74.1,311.18528947223797,23058.83,Non-Billable
3812,111,9,2024-11-25,26.9,496.7566614134116,13362.75,Billable
3813,111,1,2024-12-25,24.6,209.86584841970367,5162.7,Non-Billable
3814,111,9,2024-12-25,11.6,496.7566614134116,5762.38,Billable
3815,112,4,2023-05-21,18.3,263.9493860652042,4830.27,Billable
3816,112,3,2023-05-21,10.7,356.50515929852793,3814.61,Non-Billable
3817,112,12,2023-05-21,37.1,155.80836121681995,5780.49,Billable
3818,112,2,2023-06-21,53.3,209.86584841970367,11185.85,Billable
3819,112,4,2023-06-21,51.5,263.9493860652042,13593.39,Non-Billable
3820,112,3,2023-06-21,12.2,356.50515929852793,4349.36,Billable
3821,112,12,2023-06-21,27.9,155.80836121681995,4347.05,Billable
3822,112,2,2023-07-21,36.9,209.86584841970367,7744.05,Non-Billable
3823,112,4,2023-07-21,39.6,263.9493860652042,10452.4,Non-Billable
3824,112,3,2023-07-21,34.6,356.50515929852793,12335.08,Non-Billable
3825,112,12,2023-07-21,11.9,155.80836121681995,1854.12,Billable
3826,112,2,2023-08-21,63.1,209.86584841970367,13242.54,Billable
3827,112,4,2023-08-21,48.1,263.9493860652042,12695.97,Billable
3828,112,12,2023-08-21,54.2,155.80836121681995,8444.81,Billable
3829,112,2,2023-09-21,62.4,209.86584841970367,13095.63,Billable
3830,112,4,2023-09-21,42.8,263.9493860652042,11297.03,Billable
3831,112,3,2023-09-21,64.4,356.50515929852793,22958.93,Billable
3832,113,11,2024-02-12,66.1,210.1115011743209,13888.37,Non-Billable
3833,113,8,2024-02-12,13.4,246.99098521619942,3309.68,Non-Billable
3834,113,1,2024-03-12,22.2,209.86584841970367,4659.02,Billable
3835,113,2,2024-04-12,17.7,209.86584841970367,3714.63,Billable
3836,113,1,2024-04-12,15.4,209.86584841970367,3231.93,Billable
3837,113,3,2024-04-12,10.4,356.50515929852793,3707.65,Non-Billable
3838,113,11,2024-04-12,73.4,210.1115011743209,15422.18,Billable
3839,113,1,2024-05-12,57.8,209.86584841970367,12130.25,Billable
3840,113,11,2024-05-12,59.1,210.1115011743209,12417.59,Billable
3841,113,1,2024-06-12,76.3,209.86584841970367,16012.76,Non-Billable
3842,113,11,2024-06-12,65.6,210.1115011743209,13783.31,Billable
3843,113,2,2024-07-12,58.6,209.86584841970367,12298.14,Non-Billable
3844,113,1,2024-07-12,39.3,209.86584841970367,8247.73,Billable
3845,113,11,2024-07-12,39.6,210.1115011743209,8320.42,Billable
3846,113,2,2024-08-12,56.5,209.86584841970367,11857.42,Billable
3847,113,1,2024-08-12,74.3,209.86584841970367,15593.03,Billable
3848,113,8,2024-08-12,56.5,246.99098521619942,13954.99,Billable
3849,113,2,2024-09-12,48.2,209.86584841970367,10115.53,Non-Billable
3850,113,11,2024-09-12,23.0,210.1115011743209,4832.56,Billable
3851,113,3,2024-10-12,62.3,356.50515929852793,22210.27,Billable
3852,113,2,2024-11-12,17.9,209.86584841970367,3756.6,Non-Billable
3853,113,3,2024-11-12,31.2,356.50515929852793,11122.96,Billable
3854,113,11,2024-11-12,27.1,210.1115011743209,5694.02,Billable
3855,113,8,2024-11-12,23.2,246.99098521619942,5730.19,Billable
3856,113,2,2024-12-12,25.0,209.86584841970367,5246.65,Billable
3857,113,1,2024-12-12,54.3,209.86584841970367,11395.72,Non-Billable
3858,113,3,2024-12-12,15.0,356.50515929852793,5347.58,Non-Billable
3859,113,8,2024-12-12,70.3,246.99098521619942,17363.47,Billable
3860,114,9,2023-02-25,38.9,496.7566614134116,19323.83,Non-Billable
3861,114,2,2023-02-25,25.8,209.86584841970367,5414.54,Billable
3862,114,10,2023-02-25,62.7,246.99098521619942,15486.33,Billable
3863,114,3,2023-02-25,64.6,356.50515929852793,23030.23,Billable
3864,114,9,2023-03-25,36.2,496.7566614134116,17982.59,Billable
3865,114,2,2023-03-25,70.7,209.86584841970367,14837.52,Non-Billable
3866,114,10,2023-03-25,43.6,246.99098521619942,10768.81,Non-Billable
3867,114,3,2023-03-25,55.2,356.50515929852793,19679.08,Non-Billable
3868,114,9,2023-04-25,30.1,496.7566614134116,14952.38,Billable
3869,114,2,2023-04-25,12.2,209.86584841970367,2560.36,Billable
3870,114,10,2023-04-25,59.3,246.99098521619942,14646.57,Billable
3871,114,3,2023-04-25,12.8,356.50515929852793,4563.27,Billable
3872,114,4,2023-04-25,42.5,263.9493860652042,11217.85,Billable
3873,114,9,2023-05-25,47.5,496.7566614134116,23595.94,Billable
3874,114,2,2023-05-25,69.9,209.86584841970367,14669.62,Billable
3875,114,10,2023-05-25,37.0,246.99098521619942,9138.67,Non-Billable
3876,114,3,2023-05-25,49.2,356.50515929852793,17540.05,Non-Billable
3877,114,4,2023-05-25,56.3,263.9493860652042,14860.35,Non-Billable
3878,114,2,2023-06-25,58.4,209.86584841970367,12256.17,Billable
3879,114,10,2023-06-25,53.1,246.99098521619942,13115.22,Billable
3880,115,5,2023-01-08,73.4,333.24426408004217,24460.13,Billable
3881,115,10,2023-01-08,34.4,246.99098521619942,8496.49,Billable
3882,115,4,2023-01-08,57.3,263.9493860652042,15124.3,Billable
3883,115,10,2023-02-08,56.1,246.99098521619942,13856.19,Non-Billable
3884,115,9,2023-02-08,19.7,496.7566614134116,9786.11,Non-Billable
3885,115,5,2023-03-08,35.3,333.24426408004217,11763.52,Non-Billable
3886,115,10,2023-03-08,24.3,246.99098521619942,6001.88,Billable
3887,115,9,2023-03-08,22.1,496.7566614134116,10978.32,Non-Billable
3888,115,4,2023-03-08,30.4,263.9493860652042,8024.06,Billable
3889,115,10,2023-04-08,68.1,246.99098521619942,16820.09,Billable
3890,115,9,2023-04-08,66.7,496.7566614134116,33133.67,Billable
3891,115,5,2023-05-08,29.0,333.24426408004217,9664.08,Non-Billable
3892,115,10,2023-05-08,33.9,246.99098521619942,8372.99,Billable
3893,115,9,2023-05-08,27.7,496.7566614134116,13760.16,Billable
3894,115,4,2023-05-08,78.9,263.9493860652042,20825.61,Billable
3895,115,10,2023-06-08,27.8,246.99098521619942,6866.35,Billable
3896,115,9,2023-06-08,79.4,496.7566614134116,39442.48,Non-Billable
3897,115,4,2023-06-08,45.8,263.9493860652042,12088.88,Billable
3898,115,9,2023-07-08,78.7,496.7566614134116,39094.75,Non-Billable
3899,115,5,2023-08-08,31.9,333.24426408004217,10630.49,Billable
3900,115,9,2023-08-08,66.1,496.7566614134116,32835.62,Billable
3901,115,9,2023-09-08,18.9,496.7566614134116,9388.7,Billable
3902,115,4,2023-09-08,58.1,263.9493860652042,15335.46,Billable
3903,115,10,2023-10-08,14.2,246.99098521619942,3507.27,Billable
3904,115,9,2023-10-08,53.7,496.7566614134116,26675.83,Billable
3905,115,9,2023-11-08,62.6,496.7566614134116,31096.97,Non-Billable
3906,115,4,2023-11-08,26.5,263.9493860652042,6994.66,Billable
3907,115,5,2023-12-08,32.2,333.24426408004217,10730.47,Billable
3908,115,9,2023-12-08,36.8,496.7566614134116,18280.65,Non-Billable
3909,115,4,2023-12-08,76.8,263.9493860652042,20271.31,Billable
3910,115,5,2024-01-08,53.0,333.24426408004217,17661.95,Billable
3911,115,10,2024-01-08,18.7,246.99098521619942,4618.73,Billable
3912,115,9,2024-01-08,25.5,496.7566614134116,12667.29,Billable
3913,115,4,2024-01-08,72.4,263.9493860652042,19109.94,Billable
3914,115,9,2024-02-08,40.5,496.7566614134116,20118.64,Non-Billable
3915,115,4,2024-02-08,41.2,263.9493860652042,10874.71,Billable
3916,115,9,2024-03-08,41.0,496.7566614134116,20367.02,Non-Billable
3917,115,4,2024-03-08,69.5,263.9493860652042,18344.48,Billable
3918,115,10,2024-04-08,24.4,246.99098521619942,6026.58,Non-Billable
3919,115,9,2024-04-08,65.3,496.7566614134116,32438.21,Non-Billable
3920,115,4,2024-04-08,11.5,263.9493860652042,3035.42,Non-Billable
3921,115,5,2024-05-08,68.7,333.24426408004217,22893.88,Non-Billable
3922,115,5,2024-06-08,57.8,333.24426408004217,19261.52,Billable
3923,115,10,2024-06-08,24.5,246.99098521619942,6051.28,Billable
3924,115,9,2024-06-08,29.2,496.7566614134116,14505.29,Non-Billable
3925,115,10,2024-07-08,42.9,246.99098521619942,10595.91,Billable
3926,115,9,2024-07-08,49.4,496.7566614134116,24539.78,Non-Billable
3927,115,4,2024-07-08,41.7,263.9493860652042,11006.69,Billable
3928,115,5,2024-08-08,34.2,333.24426408004217,11396.95,Billable
3929,115,9,2024-08-08,41.2,496.7566614134116,20466.37,Billable
3930,115,9,2024-09-08,79.8,496.7566614134116,39641.18,Billable
3931,115,10,2024-10-08,46.2,246.99098521619942,11410.98,Non-Billable
3932,115,9,2024-10-08,69.2,496.7566614134116,34375.56,Billable
3933,115,4,2024-10-08,63.2,263.9493860652042,16681.6,Billable
3934,115,5,2024-11-08,21.1,333.24426408004217,7031.45,Non-Billable
3935,115,10,2024-11-08,13.5,246.99098521619942,3334.38,Billable
3936,115,9,2024-11-08,27.9,496.7566614134116,13859.51,Billable
3937,115,5,2024-12-08,29.5,333.24426408004217,9830.71,Billable
3938,115,9,2024-12-08,46.4,496.7566614134116,23049.51,Billable
3939,115,4,2024-12-08,53.5,263.9493860652042,14121.29,Non-Billable
3940,116,5,2023-05-04,72.6,333.24426408004217,24193.53,Billable
3941,116,8,2023-05-04,52.2,246.99098521619942,12892.93,Billable
3942,116,8,2023-06-04,22.5,246.99098521619942,5557.3,Billable
3943,116,5,2023-07-04,48.7,333.24426408004217,16229.0,Billable
3944,116,9,2023-07-04,20.7,496.7566614134116,10282.86,Billable
3945,116,9,2023-08-04,63.6,496.7566614134116,31593.72,Non-Billable
3946,116,8,2023-08-04,45.1,246.99098521619942,11139.29,Billable
3947,116,5,2023-09-04,21.7,333.24426408004217,7231.4,Billable
3948,116,5,2023-10-04,68.4,333.24426408004217,22793.91,Non-Billable
3949,116,9,2023-10-04,42.4,496.7566614134116,21062.48,Billable
3950,116,8,2023-11-04,62.8,246.99098521619942,15511.03,Billable
3951,116,5,2023-12-04,19.5,333.24426408004217,6498.26,Billable
3952,116,9,2023-12-04,65.9,496.7566614134116,32736.26,Non-Billable
3953,116,8,2023-12-04,48.5,246.99098521619942,11979.06,Non-Billable
3954,116,5,2024-01-04,46.8,333.24426408004217,15595.83,Non-Billable
3955,116,9,2024-01-04,34.8,496.7566614134116,17287.13,Non-Billable
3956,116,8,2024-01-04,68.6,246.99098521619942,16943.58,Billable
3957,116,5,2024-02-04,46.6,333.24426408004217,15529.18,Billable
3958,116,8,2024-02-04,18.8,246.99098521619942,4643.43,Billable
3959,116,9,2024-03-04,35.7,496.7566614134116,17734.21,Billable
3960,116,5,2024-04-04,36.8,333.24426408004217,12263.39,Billable
3961,116,9,2024-04-04,32.0,496.7566614134116,15896.21,Billable
3962,116,8,2024-04-04,25.1,246.99098521619942,6199.47,Non-Billable
3963,116,5,2024-05-04,41.5,333.24426408004217,13829.64,Non-Billable
3964,116,9,2024-05-04,62.4,496.7566614134116,30997.62,Non-Billable
3965,116,8,2024-05-04,37.7,246.99098521619942,9311.56,Billable
3966,116,8,2024-06-04,44.1,246.99098521619942,10892.3,Billable
3967,116,5,2024-07-04,36.0,333.24426408004217,11996.79,Billable
3968,116,9,2024-07-04,39.1,496.7566614134116,19423.19,Billable
3969,116,9,2024-08-04,17.1,496.7566614134116,8494.54,Billable
3970,116,5,2024-09-04,37.1,333.24426408004217,12363.36,Non-Billable
3971,116,9,2024-09-04,15.5,496.7566614134116,7699.73,Billable
3972,116,8,2024-09-04,45.9,246.99098521619942,11336.89,Billable
3973,116,9,2024-10-04,69.3,496.7566614134116,34425.24,Billable
3974,116,8,2024-10-04,23.5,246.99098521619942,5804.29,Non-Billable
3975,116,9,2024-11-04,20.2,496.7566614134116,10034.48,Non-Billable
3976,116,8,2024-11-04,14.2,246.99098521619942,3507.27,Non-Billable
3977,116,9,2024-12-04,11.7,496.7566614134116,5812.05,Billable
3978,116,8,2024-12-04,52.9,246.99098521619942,13065.82,Billable
3979,117,5,2024-12-09,71.8,333.24426408004217,23926.94,Billable
3980,117,6,2024-12-09,46.0,311.18528947223797,14314.52,Non-Billable
3981,117,1,2024-12-09,61.0,209.86584841970367,12801.82,Non-Billable
3982,117,9,2024-12-09,79.9,496.7566614134116,39690.86,Billable
3983,118,11,2024-02-12,16.5,210.1115011743209,3466.84,Billable
3984,118,8,2024-03-12,23.6,246.99098521619942,5828.99,Billable
3985,118,5,2024-03-12,49.8,333.24426408004217,16595.56,Billable
3986,118,11,2024-04-12,28.6,210.1115011743209,6009.19,Billable
3987,118,8,2024-04-12,25.3,246.99098521619942,6248.87,Billable
3988,118,5,2024-04-12,44.5,333.24426408004217,14829.37,Billable
3989,118,3,2024-04-12,66.8,356.50515929852793,23814.54,Billable
3990,118,6,2024-05-12,78.6,311.18528947223797,24459.16,Billable
3991,118,11,2024-05-12,28.1,210.1115011743209,5904.13,Non-Billable
3992,118,8,2024-05-12,73.1,246.99098521619942,18055.04,Non-Billable
3993,118,5,2024-05-12,56.5,333.24426408004217,18828.3,Non-Billable
3994,118,6,2024-06-12,60.2,311.18528947223797,18733.35,Non-Billable
3995,118,11,2024-06-12,66.4,210.1115011743209,13951.4,Billable
3996,118,3,2024-06-12,33.0,356.50515929852793,11764.67,Non-Billable
3997,118,6,2024-07-12,78.1,311.18528947223797,24303.57,Billable
3998,118,8,2024-07-12,66.1,246.99098521619942,16326.1,Billable
3999,118,11,2024-08-12,71.7,210.1115011743209,15064.99,Billable
4000,118,8,2024-08-12,20.7,246.99098521619942,5112.71,Billable
4001,118,5,2024-08-12,45.4,333.24426408004217,15129.29,Billable
4002,118,3,2024-08-12,39.4,356.50515929852793,14046.3,Billable
4003,118,8,2024-09-12,76.4,246.99098521619942,18870.11,Non-Billable
4004,118,3,2024-09-12,72.3,356.50515929852793,25775.32,Billable
4005,118,6,2024-10-12,40.3,311.18528947223797,12540.77,Billable
4006,118,11,2024-10-12,12.1,210.1115011743209,2542.35,Billable
4007,118,3,2024-10-12,44.4,356.50515929852793,15828.83,Billable
4008,118,6,2024-11-12,38.4,311.18528947223797,11949.52,Billable
4009,118,8,2024-11-12,21.5,246.99098521619942,5310.31,Billable
4010,118,5,2024-11-12,51.5,333.24426408004217,17162.08,Billable
4011,118,11,2024-12-12,20.5,210.1115011743209,4307.29,Billable
4012,118,8,2024-12-12,16.5,246.99098521619942,4075.35,Non-Billable
4013,118,5,2024-12-12,79.4,333.24426408004217,26459.59,Billable
4014,118,3,2024-12-12,12.3,356.50515929852793,4385.01,Billable
4015,119,12,2023-07-05,33.1,155.80836121681995,5157.26,Billable
4016,119,6,2023-07-05,15.8,311.18528947223797,4916.73,Billable
4017,119,2,2023-07-05,67.5,209.86584841970367,14165.94,Billable
4018,119,11,2023-08-05,72.8,210.1115011743209,15296.12,Billable
4019,119,6,2023-08-05,53.1,311.18528947223797,16523.94,Non-Billable
4020,119,11,2023-09-05,19.7,210.1115011743209,4139.2,Billable
4021,119,12,2023-09-05,28.2,155.80836121681995,4393.8,Non-Billable
4022,119,6,2023-09-05,46.0,311.18528947223797,14314.52,Billable
4023,119,2,2023-09-05,58.2,209.86584841970367,12214.19,Billable
4024,119,11,2023-10-05,33.7,210.1115011743209,7080.76,Billable
4025,119,12,2023-10-05,66.7,155.80836121681995,10392.42,Billable
4026,119,6,2023-10-05,31.4,311.18528947223797,9771.22,Non-Billable
4027,119,2,2023-10-05,38.1,209.86584841970367,7995.89,Billable
4028,119,11,2023-11-05,69.3,210.1115011743209,14560.73,Non-Billable
4029,119,12,2023-11-05,26.8,155.80836121681995,4175.66,Billable
4030,119,6,2023-11-05,12.6,311.18528947223797,3920.93,Billable
4031,119,2,2023-11-05,18.2,209.86584841970367,3819.56,Billable
4032,119,11,2023-12-05,18.8,210.1115011743209,3950.1,Non-Billable
4033,119,6,2023-12-05,58.1,311.18528947223797,18079.87,Non-Billable
4034,119,11,2024-01-05,38.7,210.1115011743209,8131.32,Non-Billable
4035,119,12,2024-01-05,57.0,155.80836121681995,8881.08,Non-Billable
4036,119,6,2024-01-05,75.6,311.18528947223797,23525.61,Billable
4037,119,2,2024-01-05,55.9,209.86584841970367,11731.5,Billable
4038,119,11,2024-03-05,27.7,210.1115011743209,5820.09,Billable
4039,119,12,2024-03-05,42.4,155.80836121681995,6606.27,Billable
4040,119,6,2024-03-05,70.4,311.18528947223797,21907.44,Billable
4041,119,11,2024-04-05,77.7,210.1115011743209,16325.66,Billable
4042,119,12,2024-04-05,77.1,155.80836121681995,12012.82,Non-Billable
4043,119,6,2024-04-05,22.9,311.18528947223797,7126.14,Billable
4044,119,2,2024-04-05,39.1,209.86584841970367,8205.75,Billable
4045,119,11,2024-05-05,33.4,210.1115011743209,7017.72,Billable
4046,119,12,2024-05-05,26.8,155.80836121681995,4175.66,Non-Billable
4047,119,6,2024-05-05,29.5,311.18528947223797,9179.97,Billable
4048,119,2,2024-05-05,39.3,209.86584841970367,8247.73,Billable
4049,119,11,2024-06-05,59.8,210.1115011743209,12564.67,Non-Billable
4050,119,12,2024-06-05,10.2,155.80836121681995,1589.25,Billable
4051,119,6,2024-06-05,77.8,311.18528947223797,24210.22,Billable
4052,119,11,2024-07-05,56.1,210.1115011743209,11787.26,Non-Billable
4053,119,12,2024-07-05,29.1,155.80836121681995,4534.02,Billable
4054,119,6,2024-07-05,79.6,311.18528947223797,24770.35,Non-Billable
4055,119,2,2024-07-05,23.8,209.86584841970367,4994.81,Non-Billable
4056,119,11,2024-08-05,41.8,210.1115011743209,8782.66,Non-Billable
4057,119,12,2024-08-05,30.3,155.80836121681995,4720.99,Billable
4058,119,2,2024-08-05,38.5,209.86584841970367,8079.84,Non-Billable
4059,119,11,2024-09-05,14.4,210.1115011743209,3025.61,Billable
4060,119,12,2024-09-05,74.0,155.80836121681995,11529.82,Non-Billable
4061,119,6,2024-09-05,74.6,311.18528947223797,23214.42,Non-Billable
4062,119,12,2024-10-05,69.7,155.80836121681995,10859.84,Billable
4063,119,6,2024-10-05,50.6,311.18528947223797,15745.98,Billable
4064,119,11,2024-11-05,12.8,210.1115011743209,2689.43,Billable
4065,119,12,2024-12-05,47.5,155.80836121681995,7400.9,Non-Billable
4066,119,6,2024-12-05,11.1,311.18528947223797,3454.16,Non-Billable
4067,119,2,2024-12-05,54.8,209.86584841970367,11500.65,Billable
4068,120,10,2022-01-17,30.1,246.99098521619942,7434.43,Billable
4069,120,8,2022-02-17,74.8,246.99098521619942,18474.93,Billable
4070,120,10,2022-02-17,33.0,246.99098521619942,8150.7,Non-Billable
4071,120,8,2022-03-17,11.0,246.99098521619942,2716.9,Billable
4072,120,8,2022-04-17,76.3,246.99098521619942,18845.41,Billable
4073,120,8,2022-05-17,61.2,246.99098521619942,15115.85,Billable
4074,120,10,2022-05-17,57.0,246.99098521619942,14078.49,Billable
4075,120,10,2022-06-17,61.0,246.99098521619942,15066.45,Billable
4076,120,10,2022-07-17,31.7,246.99098521619942,7829.61,Non-Billable
4077,120,8,2022-08-17,54.7,246.99098521619942,13510.41,Billable
4078,120,10,2022-08-17,71.1,246.99098521619942,17561.06,Billable
4079,120,8,2022-09-17,14.6,246.99098521619942,3606.07,Billable
4080,120,10,2022-09-17,17.9,246.99098521619942,4421.14,Billable
4081,120,8,2022-10-17,45.0,246.99098521619942,11114.59,Non-Billable
4082,120,10,2022-10-17,18.5,246.99098521619942,4569.33,Non-Billable
4083,120,8,2022-11-17,65.0,246.99098521619942,16054.41,Billable
4084,120,10,2022-11-17,34.7,246.99098521619942,8570.59,Billable
4085,120,8,2022-12-17,48.2,246.99098521619942,11904.97,Billable
4086,120,10,2022-12-17,73.8,246.99098521619942,18227.93,Non-Billable
4087,120,8,2023-01-17,65.5,246.99098521619942,16177.91,Billable
4088,120,10,2023-01-17,21.4,246.99098521619942,5285.61,Billable
4089,120,10,2023-02-17,47.4,246.99098521619942,11707.37,Billable
4090,120,8,2023-03-17,63.0,246.99098521619942,15560.43,Billable
4091,120,8,2023-04-17,65.5,246.99098521619942,16177.91,Billable
4092,120,8,2023-05-17,66.8,246.99098521619942,16499.0,Billable
4093,120,8,2023-06-17,43.8,246.99098521619942,10818.21,Non-Billable
4094,120,10,2023-06-17,14.7,246.99098521619942,3630.77,Non-Billable
4095,120,10,2023-07-17,73.9,246.99098521619942,18252.63,Billable
4096,120,8,2023-08-17,42.0,246.99098521619942,10373.62,Billable
4097,120,10,2023-08-17,23.9,246.99098521619942,5903.08,Billable
4098,120,8,2023-10-17,11.2,246.99098521619942,2766.3,Non-Billable
4099,120,10,2023-10-17,55.4,246.99098521619942,13683.3,Billable
4100,120,8,2023-11-17,10.5,246.99098521619942,2593.41,Billable
4101,120,10,2023-11-17,16.0,246.99098521619942,3951.86,Billable
4102,120,8,2023-12-17,49.3,246.99098521619942,12176.66,Billable
4103,120,10,2023-12-17,43.1,246.99098521619942,10645.31,Non-Billable
4104,120,8,2024-01-17,60.8,246.99098521619942,15017.05,Billable
4105,120,8,2024-02-17,65.0,246.99098521619942,16054.41,Non-Billable
4106,120,10,2024-02-17,31.8,246.99098521619942,7854.31,Billable
4107,120,10,2024-03-17,13.8,246.99098521619942,3408.48,Billable
4108,120,8,2024-04-17,79.9,246.99098521619942,19734.58,Non-Billable
4109,120,8,2024-05-17,20.7,246.99098521619942,5112.71,Billable
4110,120,10,2024-05-17,78.7,246.99098521619942,19438.19,Non-Billable
4111,120,8,2024-06-17,44.9,246.99098521619942,11089.9,Non-Billable
4112,120,10,2024-07-17,32.9,246.99098521619942,8126.0,Non-Billable
4113,120,8,2024-09-17,52.0,246.99098521619942,12843.53,Billable
4114,120,10,2024-09-17,16.7,246.99098521619942,4124.75,Billable
4115,120,8,2024-10-17,32.3,246.99098521619942,7977.81,Billable
4116,120,10,2024-11-17,26.2,246.99098521619942,6471.16,Billable
4117,120,8,2024-12-17,63.2,246.99098521619942,15609.83,Non-Billable
4118,120,10,2024-12-17,15.6,246.99098521619942,3853.06,Non-Billable
4119,121,9,2023-01-06,62.7,496.7566614134116,31146.64,Billable
4120,121,11,2023-01-06,71.5,210.1115011743209,15022.97,Billable
4121,121,5,2023-01-06,28.8,333.24426408004217,9597.43,Billable
4122,121,11,2023-02-06,10.3,210.1115011743209,2164.15,Billable
4123,121,2,2023-02-06,38.4,209.86584841970367,8058.85,Billable
4124,121,11,2023-03-06,49.3,210.1115011743209,10358.5,Billable
4125,121,9,2023-04-06,49.8,496.7566614134116,24738.48,Billable
4126,121,11,2023-04-06,11.2,210.1115011743209,2353.25,Billable
4127,121,5,2023-04-06,18.9,333.24426408004217,6298.32,Non-Billable
4128,121,2,2023-04-06,70.5,209.86584841970367,14795.54,Non-Billable
4129,121,11,2023-05-06,57.7,210.1115011743209,12123.43,Billable
4130,121,5,2023-05-06,61.1,333.24426408004217,20361.22,Billable
4131,121,2,2023-05-06,26.7,209.86584841970367,5603.42,Billable
4132,121,11,2023-06-06,23.5,210.1115011743209,4937.62,Non-Billable
4133,121,9,2023-07-06,38.8,496.7566614134116,19274.16,Non-Billable
4134,121,2,2023-07-06,18.7,209.86584841970367,3924.49,Billable
4135,121,11,2023-08-06,10.1,210.1115011743209,2122.13,Billable
4136,121,5,2023-08-06,23.4,333.24426408004217,7797.92,Billable
4137,121,2,2023-08-06,50.4,209.86584841970367,10577.24,Non-Billable
4138,121,9,2023-09-06,77.7,496.7566614134116,38597.99,Billable
4139,121,2,2023-09-06,62.1,209.86584841970367,13032.67,Non-Billable
4140,121,11,2023-10-06,77.6,210.1115011743209,16304.65,Billable
4141,121,5,2023-10-06,50.2,333.24426408004217,16728.86,Non-Billable
4142,121,11,2023-11-06,38.9,210.1115011743209,8173.34,Billable
4143,121,9,2023-12-06,65.0,496.7566614134116,32289.18,Billable
4144,121,11,2023-12-06,38.8,210.1115011743209,8152.33,Non-Billable
4145,121,5,2023-12-06,29.3,333.24426408004217,9764.06,Non-Billable
4146,121,9,2024-01-06,24.5,496.7566614134116,12170.54,Billable
4147,121,5,2024-01-06,76.3,333.24426408004217,25426.54,Billable
4148,121,2,2024-01-06,76.4,209.86584841970367,16033.75,Billable
4149,121,5,2024-02-06,14.3,333.24426408004217,4765.39,Billable
4150,121,2,2024-02-06,46.7,209.86584841970367,9800.74,Billable
4151,121,9,2024-03-06,71.7,496.7566614134116,35617.45,Billable
4152,121,2,2024-03-06,43.1,209.86584841970367,9045.22,Non-Billable
4153,121,11,2024-04-06,31.2,210.1115011743209,6555.48,Billable
4154,121,5,2024-04-06,58.2,333.24426408004217,19394.82,Billable
4155,121,2,2024-04-06,77.4,209.86584841970367,16243.62,Billable
4156,121,5,2024-05-06,11.2,333.24426408004217,3732.34,Billable
4157,121,2,2024-05-06,36.9,209.86584841970367,7744.05,Non-Billable
4158,121,9,2024-06-06,75.4,496.7566614134116,37455.45,Billable
4159,121,5,2024-06-06,27.8,333.24426408004217,9264.19,Billable
4160,121,9,2024-07-06,66.0,496.7566614134116,32785.94,Non-Billable
4161,121,11,2024-07-06,14.4,210.1115011743209,3025.61,Billable
4162,121,9,2024-08-06,63.0,496.7566614134116,31295.67,Non-Billable
4163,121,11,2024-08-06,69.9,210.1115011743209,14686.79,Non-Billable
4164,121,5,2024-08-06,47.1,333.24426408004217,15695.8,Billable
4165,121,2,2024-08-06,78.4,209.86584841970367,16453.48,Billable
4166,121,5,2024-09-06,63.9,333.24426408004217,21294.31,Billable
4167,121,2,2024-09-06,10.1,209.86584841970367,2119.65,Billable
4168,121,11,2024-10-06,60.5,210.1115011743209,12711.75,Billable
4169,121,2,2024-10-06,51.0,209.86584841970367,10703.16,Non-Billable
4170,121,9,2024-11-06,68.9,496.7566614134116,34226.53,Non-Billable
4171,121,11,2024-11-06,35.0,210.1115011743209,7353.9,Billable
4172,121,5,2024-11-06,23.7,333.24426408004217,7897.89,Billable
4173,121,2,2024-11-06,70.0,209.86584841970367,14690.61,Billable
4174,121,9,2024-12-06,26.9,496.7566614134116,13362.75,Billable
4175,121,11,2024-12-06,40.2,210.1115011743209,8446.48,Non-Billable
4176,122,7,2024-02-26,79.7,209.86584841970367,16726.31,Billable
4177,122,4,2024-03-26,48.4,263.9493860652042,12775.15,Non-Billable
4178,122,1,2024-03-26,25.3,209.86584841970367,5309.61,Billable
4179,122,1,2024-04-26,18.4,209.86584841970367,3861.53,Billable
4180,122,4,2024-05-26,72.3,263.9493860652042,19083.54,Billable
4181,122,1,2024-05-26,52.8,209.86584841970367,11080.92,Billable
4182,122,4,2024-06-26,65.4,263.9493860652042,17262.29,Non-Billable
4183,122,7,2024-06-26,75.7,209.86584841970367,15886.84,Billable
4184,122,4,2024-07-26,47.9,263.9493860652042,12643.18,Non-Billable
4185,122,7,2024-07-26,61.0,209.86584841970367,12801.82,Billable
4186,122,1,2024-07-26,25.1,209.86584841970367,5267.63,Billable
4187,122,4,2024-08-26,17.0,263.9493860652042,4487.14,Non-Billable
4188,122,7,2024-08-26,74.7,209.86584841970367,15676.98,Billable
4189,122,4,2024-09-26,75.4,263.9493860652042,19901.78,Billable
4190,122,7,2024-09-26,21.5,209.86584841970367,4512.12,Non-Billable
4191,122,4,2024-10-26,11.5,263.9493860652042,3035.42,Billable
4192,122,1,2024-10-26,26.4,209.86584841970367,5540.46,Billable
4193,122,4,2024-11-26,23.7,263.9493860652042,6255.6,Billable
4194,122,7,2024-12-26,53.3,209.86584841970367,11185.85,Billable
4195,123,6,2024-10-05,40.2,311.18528947223797,12509.65,Non-Billable
4196,123,5,2024-10-05,43.2,333.24426408004217,14396.15,Billable
4197,123,6,2024-12-05,39.4,311.18528947223797,12260.7,Billable
4198,123,11,2024-12-05,24.8,210.1115011743209,5210.77,Billable
4199,123,5,2024-12-05,40.4,333.24426408004217,13463.07,Non-Billable
4200,124,5,2024-08-13,47.2,333.24426408004217,15729.13,Non-Billable
4201,124,9,2024-08-13,74.2,496.7566614134116,36859.34,Billable
4202,124,11,2024-08-13,21.0,210.1115011743209,4412.34,Non-Billable
4203,124,5,2024-09-13,49.7,333.24426408004217,16562.24,Billable
4204,124,9,2024-09-13,52.8,496.7566614134116,26228.75,Billable
4205,124,11,2024-10-13,64.0,210.1115011743209,13447.14,Billable
4206,124,11,2024-11-13,42.5,210.1115011743209,8929.74,Billable
4207,124,5,2024-12-13,18.1,333.24426408004217,6031.72,Non-Billable
4208,125,9,2022-11-18,55.5,496.7566614134116,27569.99,Non-Billable
4209,125,8,2022-11-18,19.5,246.99098521619942,4816.32,Non-Billable
4210,125,8,2022-12-18,65.9,246.99098521619942,16276.71,Billable
4211,125,9,2023-01-18,45.6,496.7566614134116,22652.1,Non-Billable
4212,125,8,2023-01-18,15.2,246.99098521619942,3754.26,Non-Billable
4213,125,9,2023-02-18,33.7,496.7566614134116,16740.7,Non-Billable
4214,125,8,2023-03-18,68.0,246.99098521619942,16795.39,Billable
4215,125,9,2023-04-18,69.5,496.7566614134116,34524.59,Billable
4216,125,9,2023-05-18,58.9,496.7566614134116,29258.97,Billable
4217,125,8,2023-05-18,53.7,246.99098521619942,13263.42,Billable
4218,125,9,2023-06-18,54.4,496.7566614134116,27023.56,Billable
4219,125,8,2023-06-18,32.5,246.99098521619942,8027.21,Billable
4220,125,9,2023-07-18,79.5,496.7566614134116,39492.15,Billable
4221,125,9,2023-08-18,64.6,496.7566614134116,32090.48,Non-Billable
4222,125,8,2023-08-18,70.4,246.99098521619942,17388.17,Non-Billable
4223,125,8,2023-09-18,63.0,246.99098521619942,15560.43,Non-Billable
4224,125,9,2023-10-18,15.8,496.7566614134116,7848.76,Billable
4225,125,8,2023-10-18,66.4,246.99098521619942,16400.2,Billable
4226,125,9,2023-11-18,47.7,496.7566614134116,23695.29,Billable
4227,125,9,2023-12-18,77.8,496.7566614134116,38647.67,Billable
4228,125,8,2023-12-18,79.2,246.99098521619942,19561.69,Billable
4229,126,9,2022-07-06,52.0,496.7566614134116,25831.35,Non-Billable
4230,126,5,2022-07-06,30.1,333.24426408004217,10030.65,Non-Billable
4231,126,10,2022-07-06,15.4,246.99098521619942,3803.66,Billable
4232,126,11,2022-08-06,30.2,210.1115011743209,6345.37,Non-Billable
4233,126,2,2022-08-06,32.0,209.86584841970367,6715.71,Billable
4234,126,5,2022-08-06,11.8,333.24426408004217,3932.28,Non-Billable
4235,126,11,2022-09-06,72.0,210.1115011743209,15128.03,Billable
4236,126,2,2022-09-06,33.9,209.86584841970367,7114.45,Billable
4237,126,9,2022-09-06,29.3,496.7566614134116,14554.97,Billable
4238,126,5,2022-09-06,49.4,333.24426408004217,16462.27,Billable
4239,126,10,2022-09-06,65.8,246.99098521619942,16252.01,Non-Billable
4240,126,2,2022-10-06,56.3,209.86584841970367,11815.45,Billable
4241,126,9,2022-10-06,21.9,496.7566614134116,10878.97,Non-Billable
4242,126,5,2022-10-06,12.9,333.24426408004217,4298.85,Non-Billable
4243,126,11,2022-11-06,38.5,210.1115011743209,8089.29,Billable
4244,126,2,2022-11-06,69.9,209.86584841970367,14669.62,Non-Billable
4245,126,9,2022-11-06,34.9,496.7566614134116,17336.81,Billable
4246,126,5,2022-11-06,64.5,333.24426408004217,21494.26,Non-Billable
4247,126,10,2022-12-06,68.4,246.99098521619942,16894.18,Billable
4248,126,11,2023-01-06,74.1,210.1115011743209,15569.26,Non-Billable
4249,126,9,2023-01-06,28.1,496.7566614134116,13958.86,Non-Billable
4250,126,10,2023-01-06,44.9,246.99098521619942,11089.9,Billable
4251,126,11,2023-02-06,36.5,210.1115011743209,7669.07,Billable
4252,126,2,2023-02-06,14.5,209.86584841970367,3043.05,Billable
4253,126,5,2023-02-06,19.9,333.24426408004217,6631.56,Billable
4254,126,10,2023-02-06,30.7,246.99098521619942,7582.62,Billable
4255,126,11,2023-03-06,55.2,210.1115011743209,11598.15,Non-Billable
4256,126,2,2023-03-06,38.5,209.86584841970367,8079.84,Billable
4257,126,5,2023-03-06,63.0,333.24426408004217,20994.39,Billable
4258,126,10,2023-03-06,60.8,246.99098521619942,15017.05,Non-Billable
4259,126,11,2023-04-06,17.3,210.1115011743209,3634.93,Billable
4260,126,9,2023-04-06,67.5,496.7566614134116,33531.07,Billable
4261,126,5,2023-04-06,54.2,333.24426408004217,18061.84,Billable
4262,126,10,2023-04-06,62.5,246.99098521619942,15436.94,Billable
4263,126,11,2023-05-06,13.0,210.1115011743209,2731.45,Billable
4264,126,2,2023-05-06,60.5,209.86584841970367,12696.88,Billable
4265,126,9,2023-05-06,57.8,496.7566614134116,28712.54,Billable
4266,126,10,2023-05-06,61.0,246.99098521619942,15066.45,Non-Billable
4267,126,2,2023-06-06,38.8,209.86584841970367,8142.79,Billable
4268,126,9,2023-06-06,45.9,496.7566614134116,22801.13,Non-Billable
4269,126,5,2023-06-06,74.3,333.24426408004217,24760.05,Billable
4270,126,10,2023-06-06,35.8,246.99098521619942,8842.28,Non-Billable
4271,126,11,2023-07-06,46.3,210.1115011743209,9728.16,Billable
4272,126,2,2023-07-06,78.1,209.86584841970367,16390.52,Billable
4273,126,9,2023-07-06,58.8,496.7566614134116,29209.29,Non-Billable
4274,126,5,2023-07-06,12.6,333.24426408004217,4198.88,Non-Billable
4275,126,10,2023-07-06,79.5,246.99098521619942,19635.78,Billable
4276,126,2,2023-08-06,24.6,209.86584841970367,5162.7,Billable
4277,126,5,2023-08-06,51.1,333.24426408004217,17028.78,Non-Billable
4278,126,11,2023-09-06,66.5,210.1115011743209,13972.41,Billable
4279,126,9,2023-09-06,41.8,496.7566614134116,20764.43,Billable
4280,126,5,2023-09-06,65.1,333.24426408004217,21694.2,Non-Billable
4281,126,11,2023-10-06,26.9,210.1115011743209,5652.0,Billable
4282,126,2,2023-10-06,23.9,209.86584841970367,5015.79,Billable
4283,126,5,2023-10-06,80.0,333.24426408004217,26659.54,Billable
4284,126,10,2023-10-06,69.8,246.99098521619942,17239.97,Non-Billable
4285,126,9,2023-11-06,63.3,496.7566614134116,31444.7,Billable
4286,126,5,2023-11-06,32.9,333.24426408004217,10963.74,Billable
4287,126,11,2023-12-06,70.1,210.1115011743209,14728.82,Non-Billable
4288,126,2,2023-12-06,46.7,209.86584841970367,9800.74,Billable
4289,126,10,2023-12-06,79.8,246.99098521619942,19709.88,Billable
4290,127,6,2022-10-12,74.7,311.18528947223797,23245.54,Billable
4291,127,7,2022-10-12,33.4,209.86584841970367,7009.52,Non-Billable
4292,127,6,2022-11-12,28.5,311.18528947223797,8868.78,Billable
4293,127,7,2022-11-12,51.7,209.86584841970367,10850.06,Non-Billable
4294,127,6,2022-12-12,74.2,311.18528947223797,23089.95,Non-Billable
4295,127,7,2022-12-12,37.4,209.86584841970367,7848.98,Non-Billable
4296,127,6,2023-01-12,19.4,311.18528947223797,6036.99,Billable
4297,127,6,2023-02-12,66.6,311.18528947223797,20724.94,Non-Billable
4298,127,7,2023-02-12,50.3,209.86584841970367,10556.25,Billable
4299,127,6,2023-03-12,25.8,311.18528947223797,8028.58,Billable
4300,127,7,2023-03-12,34.0,209.86584841970367,7135.44,Billable
4301,127,6,2023-04-12,63.0,311.18528947223797,19604.67,Billable
4302,127,6,2023-05-12,21.0,311.18528947223797,6534.89,Billable
4303,127,7,2023-05-12,45.4,209.86584841970367,9527.91,Billable
4304,127,6,2023-07-12,15.4,311.18528947223797,4792.25,Billable
4305,127,7,2023-07-12,58.7,209.86584841970367,12319.13,Non-Billable
4306,127,7,2023-08-12,38.5,209.86584841970367,8079.84,Non-Billable
4307,127,7,2023-09-12,11.5,209.86584841970367,2413.46,Billable
4308,127,7,2023-10-12,40.0,209.86584841970367,8394.63,Non-Billable
4309,127,7,2023-11-12,18.2,209.86584841970367,3819.56,Billable
4310,127,6,2023-12-12,69.3,311.18528947223797,21565.14,Billable
4311,127,7,2023-12-12,71.2,209.86584841970367,14942.45,Billable
4312,127,6,2024-01-12,24.2,311.18528947223797,7530.68,Billable
4313,127,7,2024-01-12,52.5,209.86584841970367,11017.96,Billable
4314,127,6,2024-02-12,57.9,311.18528947223797,18017.63,Billable
4315,127,7,2024-02-12,62.2,209.86584841970367,13053.66,Billable
4316,127,6,2024-03-12,63.7,311.18528947223797,19822.5,Billable
4317,127,7,2024-03-12,34.9,209.86584841970367,7324.32,Billable
4318,127,6,2024-04-12,22.8,311.18528947223797,7095.02,Non-Billable
4319,127,6,2024-05-12,44.0,311.18528947223797,13692.15,Non-Billable
4320,127,7,2024-05-12,20.0,209.86584841970367,4197.32,Billable
4321,127,6,2024-06-12,68.2,311.18528947223797,21222.84,Billable
4322,127,7,2024-06-12,12.8,209.86584841970367,2686.28,Billable
4323,127,6,2024-07-12,48.8,311.18528947223797,15185.84,Non-Billable
4324,127,7,2024-07-12,64.6,209.86584841970367,13557.33,Billable
4325,127,7,2024-08-12,56.7,209.86584841970367,11899.39,Non-Billable
4326,127,6,2024-09-12,47.0,311.18528947223797,14625.71,Billable
4327,127,7,2024-10-12,60.7,209.86584841970367,12738.86,Billable
4328,128,11,2022-06-22,58.6,210.1115011743209,12312.53,Non-Billable
4329,128,6,2022-06-22,45.5,311.18528947223797,14158.93,Non-Billable
4330,128,11,2022-07-22,14.5,210.1115011743209,3046.62,Billable
4331,128,11,2022-09-22,79.4,210.1115011743209,16682.85,Non-Billable
4332,128,6,2022-09-22,38.2,311.18528947223797,11887.28,Non-Billable
4333,128,11,2022-10-22,53.7,210.1115011743209,11282.99,Non-Billable
4334,128,6,2022-10-22,53.7,311.18528947223797,16710.65,Billable
4335,128,11,2022-11-22,56.0,210.1115011743209,11766.24,Non-Billable
4336,128,6,2022-11-22,63.2,311.18528947223797,19666.91,Non-Billable
4337,128,11,2022-12-22,57.5,210.1115011743209,12081.41,Billable
4338,128,11,2023-01-22,20.2,210.1115011743209,4244.25,Billable
4339,128,6,2023-01-22,54.6,311.18528947223797,16990.72,Non-Billable
4340,128,6,2023-02-22,17.2,311.18528947223797,5352.39,Billable
4341,128,11,2023-03-22,72.1,210.1115011743209,15149.04,Non-Billable
4342,128,6,2023-03-22,78.2,311.18528947223797,24334.69,Billable
4343,128,11,2023-04-22,72.3,210.1115011743209,15191.06,Billable
4344,128,11,2023-05-22,67.4,210.1115011743209,14161.52,Billable
4345,128,6,2023-05-22,64.3,311.18528947223797,20009.21,Billable
4346,128,11,2023-06-22,49.2,210.1115011743209,10337.49,Billable
4347,128,6,2023-06-22,59.0,311.18528947223797,18359.93,Non-Billable
4348,129,3,2022-10-01,12.1,356.50515929852793,4313.71,Billable
4349,129,8,2022-10-01,79.6,246.99098521619942,19660.48,Billable
4350,129,11,2022-10-01,25.4,210.1115011743209,5336.83,Non-Billable
4351,129,3,2022-11-01,73.6,356.50515929852793,26238.78,Non-Billable
4352,129,2,2022-11-01,19.7,209.86584841970367,4134.36,Non-Billable
4353,129,8,2022-11-01,68.5,246.99098521619942,16918.88,Billable
4354,129,11,2022-11-01,72.8,210.1115011743209,15296.12,Billable
4355,129,3,2022-12-01,18.2,356.50515929852793,6488.39,Billable
4356,129,7,2022-12-01,49.6,209.86584841970367,10409.35,Billable
4357,129,2,2022-12-01,48.4,209.86584841970367,10157.51,Billable
4358,129,8,2022-12-01,63.4,246.99098521619942,15659.23,Non-Billable
4359,129,11,2022-12-01,40.4,210.1115011743209,8488.5,Billable
4360,129,7,2023-01-01,50.1,209.86584841970367,10514.28,Billable
4361,129,2,2023-01-01,15.1,209.86584841970367,3168.97,Billable
4362,129,11,2023-01-01,39.8,210.1115011743209,8362.44,Non-Billable
4363,129,3,2023-02-01,71.8,356.50515929852793,25597.07,Billable
4364,129,7,2023-02-01,32.0,209.86584841970367,6715.71,Billable
4365,129,2,2023-02-01,62.5,209.86584841970367,13116.62,Billable
4366,129,8,2023-02-01,64.4,246.99098521619942,15906.22,Billable
4367,129,11,2023-02-01,26.8,210.1115011743209,5630.99,Billable
4368,129,3,2023-03-01,29.0,356.50515929852793,10338.65,Billable
4369,129,7,2023-03-01,68.3,209.86584841970367,14333.84,Billable
4370,129,2,2023-03-01,25.7,209.86584841970367,5393.55,Billable
4371,129,8,2023-03-01,46.0,246.99098521619942,11361.59,Non-Billable
4372,129,11,2023-03-01,72.0,210.1115011743209,15128.03,Billable
4373,129,3,2023-04-01,18.2,356.50515929852793,6488.39,Billable
4374,129,7,2023-04-01,15.3,209.86584841970367,3210.95,Non-Billable
4375,129,8,2023-04-01,67.6,246.99098521619942,16696.59,Billable
4376,129,7,2023-05-01,52.8,209.86584841970367,11080.92,Billable
4377,129,8,2023-05-01,15.1,246.99098521619942,3729.56,Non-Billable
4378,129,11,2023-05-01,41.7,210.1115011743209,8761.65,Billable
4379,129,3,2023-06-01,46.5,356.50515929852793,16577.49,Non-Billable
4380,129,7,2023-06-01,54.9,209.86584841970367,11521.64,Non-Billable
4381,129,8,2023-06-01,25.4,246.99098521619942,6273.57,Billable
4382,129,3,2023-07-01,40.8,356.50515929852793,14545.41,Non-Billable
4383,129,8,2023-07-01,41.4,246.99098521619942,10225.43,Billable
4384,129,11,2023-07-01,63.4,210.1115011743209,13321.07,Billable
4385,129,3,2023-08-01,51.7,356.50515929852793,18431.32,Billable
4386,129,2,2023-08-01,62.2,209.86584841970367,13053.66,Billable
4387,129,8,2023-08-01,67.8,246.99098521619942,16745.99,Billable
4388,129,11,2023-08-01,78.7,210.1115011743209,16535.78,Non-Billable
4389,129,3,2023-09-01,52.1,356.50515929852793,18573.92,Billable
4390,129,2,2023-09-01,57.2,209.86584841970367,12004.33,Billable
4391,129,2,2023-10-01,76.8,209.86584841970367,16117.7,Billable
4392,129,8,2023-10-01,75.1,246.99098521619942,18549.02,Billable
4393,129,11,2023-10-01,77.3,210.1115011743209,16241.62,Billable
4394,129,3,2023-11-01,74.9,356.50515929852793,26702.24,Billable
4395,129,2,2023-11-01,72.9,209.86584841970367,15299.22,Billable
4396,129,8,2023-11-01,15.5,246.99098521619942,3828.36,Billable
4397,129,7,2023-12-01,26.7,209.86584841970367,5603.42,Non-Billable
4398,129,2,2023-12-01,32.2,209.86584841970367,6757.68,Billable
4399,129,8,2023-12-01,50.1,246.99098521619942,12374.25,Billable
4400,129,11,2023-12-01,23.3,210.1115011743209,4895.6,Billable
4401,129,7,2024-01-01,30.8,209.86584841970367,6463.87,Billable
4402,129,2,2024-01-01,60.8,209.86584841970367,12759.84,Billable
4403,129,8,2024-01-01,32.6,246.99098521619942,8051.91,Billable
4404,129,11,2024-01-01,30.6,210.1115011743209,6429.41,Billable
4405,129,3,2024-02-01,16.6,356.50515929852793,5917.99,Billable
4406,129,8,2024-02-01,57.7,246.99098521619942,14251.38,Billable
4407,129,11,2024-02-01,47.4,210.1115011743209,9959.29,Billable
4408,129,3,2024-03-01,61.9,356.50515929852793,22067.67,Billable
4409,129,7,2024-03-01,21.9,209.86584841970367,4596.06,Billable
4410,129,8,2024-03-01,54.7,246.99098521619942,13510.41,Billable
4411,129,11,2024-03-01,51.2,210.1115011743209,10757.71,Billable
4412,129,2,2024-04-01,78.2,209.86584841970367,16411.51,Billable
4413,129,8,2024-04-01,33.8,246.99098521619942,8348.3,Billable
4414,129,11,2024-04-01,58.1,210.1115011743209,12207.48,Billable
4415,129,7,2024-05-01,67.8,209.86584841970367,14228.9,Non-Billable
4416,129,11,2024-05-01,48.0,210.1115011743209,10085.35,Billable
4417,129,3,2024-06-01,33.7,356.50515929852793,12014.22,Non-Billable
4418,129,7,2024-06-01,77.2,209.86584841970367,16201.64,Billable
4419,129,2,2024-06-01,59.2,209.86584841970367,12424.06,Non-Billable
4420,129,8,2024-06-01,40.0,246.99098521619942,9879.64,Non-Billable
4421,129,11,2024-06-01,18.3,210.1115011743209,3845.04,Billable
4422,129,3,2024-07-01,38.2,356.50515929852793,13618.5,Billable
4423,129,2,2024-07-01,64.6,209.86584841970367,13557.33,Billable
4424,129,8,2024-07-01,11.1,246.99098521619942,2741.6,Billable
4425,129,11,2024-07-01,20.1,210.1115011743209,4223.24,Non-Billable
4426,129,3,2024-08-01,22.6,356.50515929852793,8057.02,Non-Billable
4427,129,7,2024-08-01,57.2,209.86584841970367,12004.33,Billable
4428,129,2,2024-08-01,57.5,209.86584841970367,12067.29,Non-Billable
4429,129,8,2024-08-01,64.4,246.99098521619942,15906.22,Non-Billable
4430,129,11,2024-08-01,75.6,210.1115011743209,15884.43,Non-Billable
4431,130,7,2023-01-29,63.9,209.86584841970367,13410.43,Billable
4432,130,3,2023-01-29,32.9,356.50515929852793,11729.02,Billable
4433,130,2,2023-01-29,62.8,209.86584841970367,13179.58,Billable
4434,130,7,2023-02-28,47.4,209.86584841970367,9947.64,Non-Billable
4435,130,3,2023-02-28,52.6,356.50515929852793,18752.17,Billable
4436,130,2,2023-02-28,70.8,209.86584841970367,14858.5,Billable
4437,130,10,2023-03-28,69.6,246.99098521619942,17190.57,Billable
4438,130,3,2023-03-28,58.4,356.50515929852793,20819.9,Billable
4439,130,2,2023-03-28,48.0,209.86584841970367,10073.56,Non-Billable
4440,130,7,2023-04-28,58.4,209.86584841970367,12256.17,Non-Billable
4441,130,10,2023-04-28,55.4,246.99098521619942,13683.3,Billable
4442,130,3,2023-04-28,33.6,356.50515929852793,11978.57,Non-Billable
4443,130,2,2023-04-28,48.7,209.86584841970367,10220.47,Billable
4444,130,7,2023-05-28,29.8,209.86584841970367,6254.0,Billable
4445,130,10,2023-05-28,45.5,246.99098521619942,11238.09,Billable
4446,130,3,2023-05-28,40.9,356.50515929852793,14581.06,Billable
4447,130,2,2023-05-28,26.5,209.86584841970367,5561.44,Non-Billable
4448,130,7,2023-06-28,37.3,209.86584841970367,7828.0,Billable
4449,130,10,2023-06-28,78.0,246.99098521619942,19265.3,Billable
4450,130,2,2023-06-28,29.2,209.86584841970367,6128.08,Billable
4451,130,7,2023-07-28,14.4,209.86584841970367,3022.07,Non-Billable
4452,130,10,2023-07-28,42.3,246.99098521619942,10447.72,Non-Billable
4453,130,3,2023-07-28,36.9,356.50515929852793,13155.04,Billable
4454,130,2,2023-07-28,50.2,209.86584841970367,10535.27,Billable
4455,130,7,2023-08-28,60.3,209.86584841970367,12654.91,Billable
4456,130,10,2023-08-28,19.1,246.99098521619942,4717.53,Non-Billable
4457,130,3,2023-08-28,44.6,356.50515929852793,15900.13,Non-Billable
4458,130,7,2023-09-28,32.3,209.86584841970367,6778.67,Non-Billable
4459,130,3,2023-09-28,57.8,356.50515929852793,20606.0,Billable
4460,130,2,2023-09-28,58.7,209.86584841970367,12319.13,Billable
4461,131,7,2024-05-02,49.8,209.86584841970367,10451.32,Billable
4462,131,12,2024-05-02,21.8,155.80836121681995,3396.62,Non-Billable
4463,131,6,2024-05-02,69.7,311.18528947223797,21689.61,Billable
4464,131,12,2024-06-02,37.5,155.80836121681995,5842.81,Non-Billable
4465,131,10,2024-06-02,19.8,246.99098521619942,4890.42,Non-Billable
4466,131,7,2024-07-02,54.4,209.86584841970367,11416.7,Billable
4467,131,12,2024-07-02,61.8,155.80836121681995,9628.96,Billable
4468,131,10,2024-07-02,68.1,246.99098521619942,16820.09,Billable
4469,131,6,2024-07-02,23.6,311.18528947223797,7343.97,Non-Billable
4470,131,7,2024-08-02,33.8,209.86584841970367,7093.47,Billable
4471,131,10,2024-08-02,74.1,246.99098521619942,18302.03,Billable
4472,131,6,2024-08-02,33.7,311.18528947223797,10486.94,Billable
4473,131,12,2024-09-02,37.2,155.80836121681995,5796.07,Non-Billable
4474,131,6,2024-09-02,25.5,311.18528947223797,7935.22,Non-Billable
4475,131,12,2024-10-02,64.7,155.80836121681995,10080.8,Billable
4476,131,6,2024-10-02,75.8,311.18528947223797,23587.84,Billable
4477,131,7,2024-11-02,37.4,209.86584841970367,7848.98,Billable
4478,131,10,2024-11-02,46.3,246.99098521619942,11435.68,Billable
4479,131,6,2024-11-02,49.1,311.18528947223797,15279.2,Billable
4480,131,7,2024-12-02,62.9,209.86584841970367,13200.56,Non-Billable
4481,132,11,2024-04-29,15.2,210.1115011743209,3193.69,Billable
4482,132,10,2024-04-29,51.9,246.99098521619942,12818.83,Billable
4483,132,9,2024-04-29,59.3,496.7566614134116,29457.67,Non-Billable
4484,132,10,2024-05-29,16.0,246.99098521619942,3951.86,Billable
4485,132,9,2024-05-29,32.8,496.7566614134116,16293.62,Billable
4486,132,10,2024-06-29,24.2,246.99098521619942,5977.18,Billable
4487,132,2,2024-06-29,35.6,209.86584841970367,7471.22,Billable
4488,132,9,2024-06-29,43.3,496.7566614134116,21509.56,Non-Billable
4489,132,10,2024-07-29,41.3,246.99098521619942,10200.73,Billable
4490,132,9,2024-07-29,28.6,496.7566614134116,14207.24,Billable
4491,132,11,2024-08-29,55.0,210.1115011743209,11556.13,Billable
4492,132,2,2024-08-29,16.1,209.86584841970367,3378.84,Billable
4493,132,11,2024-09-29,47.0,210.1115011743209,9875.24,Billable
4494,132,10,2024-09-29,46.7,246.99098521619942,11534.48,Non-Billable
4495,132,9,2024-09-29,19.2,496.7566614134116,9537.73,Billable
4496,132,10,2024-10-29,26.5,246.99098521619942,6545.26,Non-Billable
4497,132,2,2024-10-29,70.0,209.86584841970367,14690.61,Billable
4498,132,9,2024-10-29,72.3,496.7566614134116,35915.51,Billable
4499,132,11,2024-11-29,73.9,210.1115011743209,15527.24,Billable
4500,132,10,2024-11-29,76.9,246.99098521619942,18993.61,Non-Billable
4501,132,2,2024-11-29,65.5,209.86584841970367,13746.21,Billable
4502,132,9,2024-11-29,29.6,496.7566614134116,14704.0,Billable
4503,132,10,2024-12-29,45.7,246.99098521619942,11287.49,Non-Billable
4504,132,2,2024-12-29,29.6,209.86584841970367,6212.03,Non-Billable
4505,132,9,2024-12-29,51.2,496.7566614134116,25433.94,Billable
4506,133,12,2022-10-02,31.3,155.80836121681995,4876.8,Non-Billable
4507,133,10,2022-10-02,77.7,246.99098521619942,19191.2,Non-Billable
4508,133,5,2022-10-02,33.3,333.24426408004217,11097.03,Billable
4509,133,3,2022-10-02,10.4,356.50515929852793,3707.65,Billable
4510,133,10,2022-11-02,36.1,246.99098521619942,8916.37,Billable
4511,133,5,2022-11-02,71.5,333.24426408004217,23826.96,Billable
4512,133,3,2022-11-02,19.2,356.50515929852793,6844.9,Billable
4513,133,12,2022-12-02,70.8,155.80836121681995,11031.23,Billable
4514,133,5,2022-12-02,43.6,333.24426408004217,14529.45,Non-Billable
4515,133,12,2023-01-02,48.9,155.80836121681995,7619.03,Billable
4516,133,10,2023-01-02,29.9,246.99098521619942,7385.03,Billable
4517,133,5,2023-01-02,46.7,333.24426408004217,15562.51,Billable
4518,133,3,2023-01-02,53.4,356.50515929852793,19037.38,Non-Billable
4519,134,3,2022-02-13,65.2,356.50515929852793,23244.14,Non-Billable
4520,134,8,2022-02-13,55.0,246.99098521619942,13584.5,Billable
4521,134,4,2022-02-13,19.1,263.9493860652042,5041.43,Non-Billable
4522,134,7,2022-02-13,59.3,209.86584841970367,12445.04,Billable
4523,134,3,2022-03-13,14.9,356.50515929852793,5311.93,Billable
4524,134,8,2022-03-13,22.1,246.99098521619942,5458.5,Non-Billable
4525,134,4,2022-03-13,17.4,263.9493860652042,4592.72,Billable
4526,134,4,2022-04-13,10.5,263.9493860652042,2771.47,Billable
4527,134,7,2022-04-13,14.1,209.86584841970367,2959.11,Non-Billable
4528,134,11,2022-05-13,42.4,210.1115011743209,8908.73,Billable
4529,134,3,2022-06-13,63.7,356.50515929852793,22709.38,Billable
4530,134,8,2022-06-13,16.1,246.99098521619942,3976.55,Billable
4531,134,11,2022-06-13,42.5,210.1115011743209,8929.74,Billable
4532,134,3,2022-07-13,35.4,356.50515929852793,12620.28,Non-Billable
4533,134,11,2022-07-13,12.3,210.1115011743209,2584.37,Billable
4534,134,3,2022-08-13,45.8,356.50515929852793,16327.94,Non-Billable
4535,134,8,2022-08-13,36.8,246.99098521619942,9089.27,Non-Billable
4536,134,4,2022-08-13,61.1,263.9493860652042,16127.31,Billable
4537,134,11,2022-08-13,60.3,210.1115011743209,12669.72,Billable
4538,134,3,2022-09-13,22.3,356.50515929852793,7950.07,Billable
4539,134,8,2022-09-13,23.9,246.99098521619942,5903.08,Non-Billable
4540,134,4,2022-09-13,74.8,263.9493860652042,19743.41,Non-Billable
4541,134,7,2022-09-13,23.0,209.86584841970367,4826.91,Billable
4542,134,11,2022-09-13,22.1,210.1115011743209,4643.46,Non-Billable
4543,134,3,2022-10-13,73.7,356.50515929852793,26274.43,Billable
4544,134,8,2022-10-13,71.7,246.99098521619942,17709.25,Billable
4545,134,4,2022-10-13,66.0,263.9493860652042,17420.66,Non-Billable
4546,134,7,2022-10-13,15.3,209.86584841970367,3210.95,Billable
4547,134,3,2022-11-13,26.6,356.50515929852793,9483.04,Billable
4548,134,8,2022-11-13,35.5,246.99098521619942,8768.18,Billable
4549,134,4,2022-11-13,69.9,263.9493860652042,18450.06,Non-Billable
4550,134,11,2022-11-13,31.6,210.1115011743209,6639.52,Billable
4551,134,8,2022-12-13,42.4,246.99098521619942,10472.42,Non-Billable
4552,134,4,2022-12-13,25.3,263.9493860652042,6677.92,Billable
4553,134,11,2022-12-13,50.0,210.1115011743209,10505.58,Billable
4554,134,3,2023-01-13,50.4,356.50515929852793,17967.86,Billable
4555,134,8,2023-01-13,60.8,246.99098521619942,15017.05,Billable
4556,134,4,2023-01-13,52.3,263.9493860652042,13804.55,Non-Billable
4557,134,7,2023-01-13,23.1,209.86584841970367,4847.9,Billable
4558,134,11,2023-01-13,21.3,210.1115011743209,4475.37,Billable
4559,134,8,2023-02-13,42.8,246.99098521619942,10571.21,Non-Billable
4560,134,4,2023-02-13,60.3,263.9493860652042,15916.15,Billable
4561,134,7,2023-02-13,72.7,209.86584841970367,15257.25,Billable
4562,134,3,2023-03-13,76.2,356.50515929852793,27165.69,Non-Billable
4563,134,7,2023-03-13,62.7,209.86584841970367,13158.59,Billable
4564,134,3,2023-04-13,61.0,356.50515929852793,21746.81,Non-Billable
4565,134,8,2023-04-13,48.4,246.99098521619942,11954.36,Billable
4566,134,11,2023-04-13,44.2,210.1115011743209,9286.93,Non-Billable
4567,134,3,2023-05-13,46.3,356.50515929852793,16506.19,Non-Billable
4568,134,8,2023-05-13,40.7,246.99098521619942,10052.53,Non-Billable
4569,134,7,2023-05-13,59.3,209.86584841970367,12445.04,Billable
4570,134,11,2023-05-13,35.0,210.1115011743209,7353.9,Billable
4571,134,3,2023-06-13,37.6,356.50515929852793,13404.59,Billable
4572,134,8,2023-06-13,74.6,246.99098521619942,18425.53,Billable
4573,134,11,2023-06-13,74.6,210.1115011743209,15674.32,Non-Billable
4574,134,8,2023-07-13,65.6,246.99098521619942,16202.61,Billable
4575,134,11,2023-07-13,21.4,210.1115011743209,4496.39,Billable
4576,134,3,2023-08-13,49.9,356.50515929852793,17789.61,Billable
4577,134,7,2023-08-13,64.5,209.86584841970367,13536.35,Non-Billable
4578,134,11,2023-08-13,62.4,210.1115011743209,13110.96,Non-Billable
4579,134,8,2023-09-13,43.5,246.99098521619942,10744.11,Non-Billable
4580,134,4,2023-09-13,45.8,263.9493860652042,12088.88,Billable
4581,134,7,2023-09-13,23.7,209.86584841970367,4973.82,Billable
4582,134,11,2023-09-13,79.5,210.1115011743209,16703.86,Billable
4583,134,8,2023-10-13,16.5,246.99098521619942,4075.35,Billable
4584,134,7,2023-11-13,59.0,209.86584841970367,12382.09,Billable
4585,134,11,2023-11-13,62.7,210.1115011743209,13173.99,Billable
4586,134,8,2023-12-13,62.2,246.99098521619942,15362.84,Billable
4587,134,7,2023-12-13,17.3,209.86584841970367,3630.68,Billable
4588,135,8,2022-12-24,56.3,246.99098521619942,13905.59,Non-Billable
4589,135,3,2022-12-24,75.3,356.50515929852793,26844.84,Billable
4590,135,8,2023-01-24,62.3,246.99098521619942,15387.54,Billable
4591,135,8,2023-02-24,40.2,246.99098521619942,9929.04,Billable
4592,135,8,2023-04-24,56.6,246.99098521619942,13979.69,Billable
4593,135,3,2023-04-24,17.3,356.50515929852793,6167.54,Billable
4594,135,3,2023-06-24,37.6,356.50515929852793,13404.59,Non-Billable
4595,135,3,2023-07-24,10.6,356.50515929852793,3778.95,Non-Billable
4596,135,8,2023-08-24,19.4,246.99098521619942,4791.63,Non-Billable
4597,135,3,2023-09-24,51.4,356.50515929852793,18324.37,Non-Billable
4598,135,8,2023-10-24,79.6,246.99098521619942,19660.48,Billable
4599,135,3,2023-10-24,68.8,356.50515929852793,24527.55,Billable
4600,135,8,2023-11-24,61.5,246.99098521619942,15189.95,Billable
4601,135,3,2023-11-24,25.0,356.50515929852793,8912.63,Non-Billable
4602,135,8,2023-12-24,34.2,246.99098521619942,8447.09,Non-Billable
4603,135,3,2023-12-24,67.6,356.50515929852793,24099.75,Billable
4604,135,3,2024-01-24,19.9,356.50515929852793,7094.45,Billable
4605,135,8,2024-02-24,35.1,246.99098521619942,8669.38,Billable
4606,135,3,2024-02-24,37.1,356.50515929852793,13226.34,Billable
4607,135,8,2024-04-24,72.2,246.99098521619942,17832.75,Billable
4608,135,8,2024-05-24,75.1,246.99098521619942,18549.02,Billable
4609,135,8,2024-06-24,43.6,246.99098521619942,10768.81,Non-Billable
4610,135,3,2024-06-24,14.2,356.50515929852793,5062.37,Non-Billable
4611,135,8,2024-07-24,41.0,246.99098521619942,10126.63,Non-Billable
4612,135,3,2024-07-24,40.2,356.50515929852793,14331.51,Non-Billable
4613,135,8,2024-10-24,73.1,246.99098521619942,18055.04,Billable
4614,135,3,2024-10-24,76.7,356.50515929852793,27343.95,Billable
4615,135,8,2024-11-24,57.9,246.99098521619942,14300.78,Non-Billable
4616,135,8,2024-12-24,70.7,246.99098521619942,17462.26,Billable
4617,136,1,2022-10-26,73.4,209.86584841970367,15404.15,Billable
4618,136,10,2022-10-26,63.8,246.99098521619942,15758.02,Billable
4619,136,1,2022-11-26,72.5,209.86584841970367,15215.27,Billable
4620,136,10,2022-11-26,36.0,246.99098521619942,8891.68,Non-Billable
4621,136,1,2022-12-26,79.9,209.86584841970367,16768.28,Billable
4622,136,1,2023-01-26,76.2,209.86584841970367,15991.78,Billable
4623,136,10,2023-01-26,17.4,246.99098521619942,4297.64,Billable
4624,136,1,2023-02-26,10.2,209.86584841970367,2140.63,Billable
4625,136,10,2023-02-26,63.8,246.99098521619942,15758.02,Non-Billable
4626,136,1,2023-04-26,61.6,209.86584841970367,12927.74,Billable
4627,136,10,2023-04-26,17.0,246.99098521619942,4198.85,Billable
4628,136,10,2023-05-26,44.2,246.99098521619942,10917.0,Billable
4629,136,1,2023-06-26,48.1,209.86584841970367,10094.55,Non-Billable
4630,136,1,2023-07-26,35.6,209.86584841970367,7471.22,Billable
4631,136,10,2023-08-26,78.2,246.99098521619942,19314.7,Non-Billable
4632,136,1,2023-10-26,38.6,209.86584841970367,8100.82,Billable
4633,136,1,2023-11-26,26.0,209.86584841970367,5456.51,Billable
4634,136,10,2023-11-26,66.9,246.99098521619942,16523.7,Billable
4635,136,1,2023-12-26,47.1,209.86584841970367,9884.68,Billable
4636,136,10,2023-12-26,24.0,246.99098521619942,5927.78,Billable
4637,136,10,2024-01-26,11.7,246.99098521619942,2889.79,Non-Billable
4638,136,1,2024-02-26,34.4,209.86584841970367,7219.39,Non-Billable
4639,136,10,2024-02-26,41.3,246.99098521619942,10200.73,Non-Billable
4640,136,1,2024-03-26,27.8,209.86584841970367,5834.27,Billable
4641,136,1,2024-04-26,33.4,209.86584841970367,7009.52,Non-Billable
4642,136,10,2024-04-26,64.4,246.99098521619942,15906.22,Non-Billable
4643,136,1,2024-05-26,67.6,209.86584841970367,14186.93,Billable
4644,136,10,2024-05-26,68.7,246.99098521619942,16968.28,Billable
4645,136,1,2024-06-26,20.4,209.86584841970367,4281.26,Billable
4646,136,10,2024-06-26,46.7,246.99098521619942,11534.48,Billable
4647,136,1,2024-07-26,43.3,209.86584841970367,9087.19,Billable
4648,136,10,2024-08-26,17.0,246.99098521619942,4198.85,Billable
4649,136,1,2024-09-26,11.7,209.86584841970367,2455.43,Billable
4650,136,10,2024-09-26,13.5,246.99098521619942,3334.38,Non-Billable
4651,136,1,2024-10-26,42.7,209.86584841970367,8961.27,Billable
4652,137,4,2022-05-07,63.0,263.9493860652042,16628.81,Non-Billable
4653,137,9,2022-05-07,28.9,496.7566614134116,14356.27,Billable
4654,137,12,2022-05-07,56.7,155.80836121681995,8834.33,Non-Billable
4655,137,4,2022-06-07,13.0,263.9493860652042,3431.34,Non-Billable
4656,137,9,2022-06-07,12.7,496.7566614134116,6308.81,Non-Billable
4657,137,10,2022-07-07,67.5,246.99098521619942,16671.89,Billable
4658,137,4,2022-07-07,47.0,263.9493860652042,12405.62,Billable
4659,137,9,2022-07-07,55.4,496.7566614134116,27520.32,Billable
4660,137,12,2022-07-07,40.7,155.80836121681995,6341.4,Billable
4661,137,10,2022-08-07,36.8,246.99098521619942,9089.27,Non-Billable
4662,137,4,2022-08-07,17.1,263.9493860652042,4513.53,Billable
4663,137,9,2022-08-07,20.4,496.7566614134116,10133.84,Billable
4664,137,4,2022-09-07,28.6,263.9493860652042,7548.95,Billable
4665,137,9,2022-09-07,63.4,496.7566614134116,31494.37,Billable
4666,137,10,2022-10-07,77.7,246.99098521619942,19191.2,Non-Billable
4667,137,4,2022-10-07,30.2,263.9493860652042,7971.27,Non-Billable
4668,137,9,2022-10-07,79.7,496.7566614134116,39591.51,Billable
4669,137,12,2022-10-07,14.7,155.80836121681995,2290.38,Billable
4670,137,4,2022-11-07,79.2,263.9493860652042,20904.79,Non-Billable
4671,137,4,2022-12-07,73.3,263.9493860652042,19347.49,Billable
4672,137,12,2022-12-07,68.9,155.80836121681995,10735.2,Non-Billable
4673,137,10,2023-01-07,11.9,246.99098521619942,2939.19,Non-Billable
4674,137,4,2023-01-07,16.7,263.9493860652042,4407.95,Non-Billable
4675,137,9,2023-01-07,65.9,496.7566614134116,32736.26,Billable
4676,137,12,2023-01-07,59.1,155.80836121681995,9208.27,Non-Billable
4677,137,10,2023-02-07,51.7,246.99098521619942,12769.43,Non-Billable
4678,137,4,2023-02-07,20.3,263.9493860652042,5358.17,Billable
4679,137,12,2023-02-07,11.6,155.80836121681995,1807.38,Non-Billable
4680,137,10,2023-03-07,51.1,246.99098521619942,12621.24,Billable
4681,137,4,2023-03-07,45.6,263.9493860652042,12036.09,Billable
4682,137,9,2023-03-07,75.0,496.7566614134116,37256.75,Billable
4683,137,12,2023-03-07,19.7,155.80836121681995,3069.42,Billable
4684,137,10,2023-04-07,71.6,246.99098521619942,17684.55,Billable
4685,137,4,2023-04-07,61.6,263.9493860652042,16259.28,Billable
4686,137,9,2023-04-07,40.8,496.7566614134116,20267.67,Non-Billable
4687,137,12,2023-04-07,75.3,155.80836121681995,11732.37,Non-Billable
4688,137,4,2023-05-07,28.2,263.9493860652042,7443.37,Billable
4689,137,9,2023-05-07,32.4,496.7566614134116,16094.92,Non-Billable
4690,137,10,2023-06-07,68.9,246.99098521619942,17017.68,Billable
4691,137,4,2023-06-07,31.0,263.9493860652042,8182.43,Billable
4692,137,12,2023-06-07,15.9,155.80836121681995,2477.35,Billable
4693,138,11,2024-05-31,45.3,210.1115011743209,9518.05,Billable
4694,138,10,2024-05-31,37.4,246.99098521619942,9237.46,Non-Billable
4695,138,5,2024-05-31,43.4,333.24426408004217,14462.8,Non-Billable
4696,138,11,2024-06-30,59.9,210.1115011743209,12585.68,Billable
4697,138,10,2024-06-30,16.2,246.99098521619942,4001.25,Non-Billable
4698,138,5,2024-06-30,34.8,333.24426408004217,11596.9,Billable
4699,138,3,2024-06-30,48.6,356.50515929852793,17326.15,Billable
4700,138,10,2024-07-30,58.4,246.99098521619942,14424.27,Non-Billable
4701,138,3,2024-07-30,34.8,356.50515929852793,12406.38,Billable
4702,138,7,2024-07-30,70.1,209.86584841970367,14711.6,Non-Billable
4703,138,11,2024-08-30,37.9,210.1115011743209,7963.23,Billable
4704,138,10,2024-08-30,71.9,246.99098521619942,17758.65,Billable
4705,138,5,2024-08-30,29.8,333.24426408004217,9930.68,Non-Billable
4706,138,3,2024-08-30,48.3,356.50515929852793,17219.2,Non-Billable
4707,138,11,2024-09-30,11.8,210.1115011743209,2479.32,Billable
4708,138,10,2024-09-30,20.6,246.99098521619942,5088.01,Billable
4709,138,3,2024-09-30,17.2,356.50515929852793,6131.89,Billable
4710,138,11,2024-10-30,50.6,210.1115011743209,10631.64,Billable
4711,138,10,2024-10-30,38.5,246.99098521619942,9509.15,Non-Billable
4712,138,5,2024-10-30,10.0,333.24426408004217,3332.44,Non-Billable
4713,138,3,2024-10-30,64.5,356.50515929852793,22994.58,Billable
4714,138,7,2024-10-30,47.3,209.86584841970367,9926.65,Non-Billable
4715,138,5,2024-11-30,79.0,333.24426408004217,26326.3,Billable
4716,138,3,2024-11-30,79.3,356.50515929852793,28270.86,Non-Billable
4717,138,7,2024-11-30,50.3,209.86584841970367,10556.25,Billable
4718,138,10,2024-12-30,16.2,246.99098521619942,4001.25,Billable
4719,138,3,2024-12-30,51.1,356.50515929852793,18217.41,Non-Billable
4720,139,7,2024-01-07,38.5,209.86584841970367,8079.84,Billable
4721,139,2,2024-01-07,78.7,209.86584841970367,16516.44,Billable
4722,139,4,2024-02-07,32.5,263.9493860652042,8578.36,Non-Billable
4723,139,2,2024-02-07,68.1,209.86584841970367,14291.86,Billable
4724,139,4,2024-03-07,35.2,263.9493860652042,9291.02,Billable
4725,139,7,2024-03-07,44.7,209.86584841970367,9381.0,Billable
4726,139,7,2024-04-07,12.2,209.86584841970367,2560.36,Billable
4727,139,2,2024-04-07,29.2,209.86584841970367,6128.08,Non-Billable
4728,139,4,2024-05-07,69.2,263.9493860652042,18265.3,Billable
4729,139,7,2024-05-07,43.9,209.86584841970367,9213.11,Non-Billable
4730,139,4,2024-06-07,59.0,263.9493860652042,15573.01,Non-Billable
4731,139,7,2024-06-07,62.7,209.86584841970367,13158.59,Non-Billable
4732,139,4,2024-07-07,73.5,263.9493860652042,19400.28,Billable
4733,139,7,2024-07-07,42.3,209.86584841970367,8877.33,Non-Billable
4734,139,7,2024-08-07,39.0,209.86584841970367,8184.77,Billable
4735,139,2,2024-08-07,68.8,209.86584841970367,14438.77,Non-Billable
4736,139,7,2024-09-07,36.4,209.86584841970367,7639.12,Billable
4737,139,2,2024-09-07,53.2,209.86584841970367,11164.86,Non-Billable
4738,139,4,2024-10-07,74.1,263.9493860652042,19558.65,Non-Billable
4739,139,7,2024-10-07,37.7,209.86584841970367,7911.94,Non-Billable
4740,139,2,2024-10-07,31.8,209.86584841970367,6673.73,Non-Billable
4741,139,4,2024-11-07,31.9,263.9493860652042,8419.99,Billable
4742,139,7,2024-11-07,51.2,209.86584841970367,10745.13,Billable
4743,139,2,2024-11-07,13.5,209.86584841970367,2833.19,Billable
4744,139,4,2024-12-07,60.6,263.9493860652042,15995.33,Non-Billable
4745,139,2,2024-12-07,64.7,209.86584841970367,13578.32,Billable
4746,140,12,2022-01-28,14.9,155.80836121681995,2321.54,Billable
4747,140,7,2022-01-28,61.0,209.86584841970367,12801.82,Billable
4748,140,1,2022-01-28,47.6,209.86584841970367,9989.61,Non-Billable
4749,140,12,2022-02-28,24.5,155.80836121681995,3817.3,Billable
4750,140,1,2022-02-28,55.3,209.86584841970367,11605.58,Billable
4751,140,12,2022-03-28,28.2,155.80836121681995,4393.8,Billable
4752,140,7,2022-03-28,36.5,209.86584841970367,7660.1,Billable
4753,140,12,2022-04-28,55.6,155.80836121681995,8662.94,Billable
4754,140,7,2022-04-28,30.9,209.86584841970367,6484.85,Non-Billable
4755,140,7,2022-05-28,79.9,209.86584841970367,16768.28,Non-Billable
4756,140,1,2022-05-28,65.0,209.86584841970367,13641.28,Non-Billable
4757,140,12,2022-06-28,52.9,155.80836121681995,8242.26,Billable
4758,140,7,2022-06-28,13.5,209.86584841970367,2833.19,Billable
4759,140,7,2022-07-28,31.8,209.86584841970367,6673.73,Billable
4760,140,1,2022-07-28,44.3,209.86584841970367,9297.06,Billable
4761,140,12,2022-08-28,72.5,155.80836121681995,11296.11,Non-Billable
4762,140,7,2022-08-28,76.7,209.86584841970367,16096.71,Billable
4763,140,1,2022-08-28,23.5,209.86584841970367,4931.85,Non-Billable
4764,140,12,2022-09-28,12.0,155.80836121681995,1869.7,Billable
4765,140,1,2022-09-28,28.1,209.86584841970367,5897.23,Billable
4766,140,12,2022-10-28,64.8,155.80836121681995,10096.38,Non-Billable
4767,140,1,2022-10-28,59.0,209.86584841970367,12382.09,Billable
4768,140,7,2022-11-28,52.3,209.86584841970367,10975.98,Billable
4769,140,7,2022-12-28,57.3,209.86584841970367,12025.31,Billable
4770,140,1,2022-12-28,18.3,209.86584841970367,3840.55,Billable
4771,140,7,2023-01-28,65.9,209.86584841970367,13830.16,Billable
4772,140,1,2023-01-28,43.5,209.86584841970367,9129.16,Non-Billable
4773,140,12,2023-02-28,38.1,155.80836121681995,5936.3,Billable
4774,140,7,2023-02-28,37.3,209.86584841970367,7828.0,Billable
4775,140,7,2023-03-28,16.5,209.86584841970367,3462.79,Non-Billable
4776,140,1,2023-03-28,27.6,209.86584841970367,5792.3,Non-Billable
4777,140,12,2023-04-28,79.5,155.80836121681995,12386.76,Billable
4778,140,7,2023-04-28,78.6,209.86584841970367,16495.46,Billable
4779,140,12,2023-05-28,78.7,155.80836121681995,12262.12,Billable
4780,140,7,2023-05-28,79.4,209.86584841970367,16663.35,Billable
4781,140,7,2023-06-28,71.8,209.86584841970367,15068.37,Billable
4782,140,1,2023-06-28,65.0,209.86584841970367,13641.28,Billable
4783,140,12,2023-07-28,29.1,155.80836121681995,4534.02,Billable
4784,140,7,2023-07-28,38.6,209.86584841970367,8100.82,Billable
4785,140,1,2023-07-28,54.7,209.86584841970367,11479.66,Billable
4786,140,7,2023-08-28,74.4,209.86584841970367,15614.02,Billable
4787,140,7,2023-09-28,71.9,209.86584841970367,15089.35,Billable
4788,140,12,2023-10-28,51.2,155.80836121681995,7977.39,Billable
4789,140,7,2023-10-28,47.3,209.86584841970367,9926.65,Billable
4790,140,1,2023-10-28,78.2,209.86584841970367,16411.51,Non-Billable
4791,141,9,2023-03-24,58.6,496.7566614134116,29109.94,Billable
4792,141,6,2023-04-24,71.5,311.18528947223797,22249.75,Billable
4793,141,5,2023-04-24,78.6,333.24426408004217,26193.0,Billable
4794,141,6,2023-05-24,40.0,311.18528947223797,12447.41,Billable
4795,141,5,2023-05-24,30.0,333.24426408004217,9997.33,Billable
4796,141,9,2023-05-24,20.2,496.7566614134116,10034.48,Billable
4797,141,6,2023-06-24,15.4,311.18528947223797,4792.25,Billable
4798,141,5,2023-06-24,20.8,333.24426408004217,6931.48,Non-Billable
4799,141,9,2023-06-24,30.0,496.7566614134116,14902.7,Non-Billable
4800,141,6,2023-07-24,61.6,311.18528947223797,19169.01,Billable
4801,141,5,2023-07-24,53.5,333.24426408004217,17828.57,Billable
4802,141,9,2023-07-24,73.1,496.7566614134116,36312.91,Billable
4803,141,6,2023-08-24,27.0,311.18528947223797,8402.0,Billable
4804,141,5,2023-08-24,57.5,333.24426408004217,19161.55,Billable
4805,141,9,2023-08-24,12.1,496.7566614134116,6010.76,Non-Billable
4806,141,6,2023-09-24,58.0,311.18528947223797,18048.75,Billable
4807,141,5,2023-09-24,34.8,333.24426408004217,11596.9,Billable
4808,141,9,2023-09-24,14.3,496.7566614134116,7103.62,Billable
4809,141,6,2023-10-24,37.1,311.18528947223797,11544.97,Billable
4810,141,5,2023-10-24,27.8,333.24426408004217,9264.19,Non-Billable
4811,141,9,2023-10-24,12.3,496.7566614134116,6110.11,Non-Billable
4812,141,6,2023-11-24,78.5,311.18528947223797,24428.05,Billable
4813,141,5,2023-11-24,45.2,333.24426408004217,15062.64,Billable
4814,141,6,2023-12-24,33.2,311.18528947223797,10331.35,Billable
4815,141,5,2023-12-24,10.8,333.24426408004217,3599.04,Non-Billable
4816,141,9,2023-12-24,61.8,496.7566614134116,30699.56,Non-Billable
4817,141,5,2024-01-24,40.8,333.24426408004217,13596.37,Non-Billable
4818,141,6,2024-02-24,69.0,311.18528947223797,21471.78,Billable
4819,141,5,2024-02-24,29.5,333.24426408004217,9830.71,Billable
4820,141,9,2024-02-24,76.9,496.7566614134116,38200.59,Billable
4821,142,7,2022-09-15,71.5,209.86584841970367,15005.41,Non-Billable
4822,142,9,2022-09-15,25.2,496.7566614134116,12518.27,Non-Billable
4823,142,4,2022-09-15,17.5,263.9493860652042,4619.11,Non-Billable
4824,142,7,2022-10-15,62.9,209.86584841970367,13200.56,Non-Billable
4825,142,1,2022-10-15,26.9,209.86584841970367,5645.39,Non-Billable
4826,142,4,2022-10-15,77.2,263.9493860652042,20376.89,Non-Billable
4827,142,7,2022-11-15,71.2,209.86584841970367,14942.45,Non-Billable
4828,142,1,2022-11-15,53.5,209.86584841970367,11227.82,Non-Billable
4829,142,9,2022-11-15,51.0,496.7566614134116,25334.59,Non-Billable
4830,142,4,2022-11-15,71.9,263.9493860652042,18977.96,Non-Billable
4831,142,7,2022-12-15,31.4,209.86584841970367,6589.79,Billable
4832,142,1,2022-12-15,59.2,209.86584841970367,12424.06,Billable
4833,142,4,2022-12-15,57.7,263.9493860652042,15229.88,Billable
4834,142,7,2023-01-15,12.6,209.86584841970367,2644.31,Billable
4835,142,1,2023-01-15,79.1,209.86584841970367,16600.39,Non-Billable
4836,142,9,2023-01-15,36.7,496.7566614134116,18230.97,Billable
4837,142,9,2023-02-15,25.8,496.7566614134116,12816.32,Billable
4838,142,1,2023-03-15,17.2,209.86584841970367,3609.69,Billable
4839,142,9,2023-03-15,56.2,496.7566614134116,27917.72,Billable
4840,143,10,2024-03-06,46.0,246.99098521619942,11361.59,Billable
4841,143,4,2024-03-06,49.0,263.9493860652042,12933.52,Billable
4842,143,4,2024-04-06,11.0,263.9493860652042,2903.44,Billable
4843,143,3,2024-05-06,42.3,356.50515929852793,15080.17,Billable
4844,143,4,2024-06-06,45.6,263.9493860652042,12036.09,Non-Billable
4845,143,3,2024-06-06,70.7,356.50515929852793,25204.91,Non-Billable
4846,143,10,2024-07-06,37.0,246.99098521619942,9138.67,Billable
4847,143,4,2024-07-06,67.2,263.9493860652042,17737.4,Billable
4848,143,3,2024-07-06,65.8,356.50515929852793,23458.04,Billable
4849,143,4,2024-08-06,72.8,263.9493860652042,19215.52,Billable
4850,143,3,2024-08-06,55.5,356.50515929852793,19786.04,Non-Billable
4851,143,10,2024-09-06,51.3,246.99098521619942,12670.64,Billable
4852,143,4,2024-09-06,29.3,263.9493860652042,7733.72,Non-Billable
4853,143,3,2024-09-06,23.6,356.50515929852793,8413.52,Billable
4854,143,10,2024-10-06,78.8,246.99098521619942,19462.89,Billable
4855,143,4,2024-10-06,65.3,263.9493860652042,17235.89,Billable
4856,143,10,2024-11-06,79.6,246.99098521619942,19660.48,Billable
4857,143,4,2024-11-06,38.3,263.9493860652042,10109.26,Billable
4858,143,10,2024-12-06,29.5,246.99098521619942,7286.23,Billable
4859,143,4,2024-12-06,51.2,263.9493860652042,13514.21,Billable
4860,143,3,2024-12-06,33.2,356.50515929852793,11835.97,Non-Billable
4861,144,7,2023-02-10,56.8,209.86584841970367,11920.38,Billable
4862,144,12,2023-03-10,37.5,155.80836121681995,5842.81,Billable
4863,144,12,2023-05-10,79.5,155.80836121681995,12386.76,Billable
4864,144,7,2023-06-10,10.1,209.86584841970367,2119.65,Billable
4865,144,12,2023-06-10,17.0,155.80836121681995,2648.74,Non-Billable
4866,144,7,2023-07-10,74.1,209.86584841970367,15551.06,Billable
4867,144,12,2023-07-10,42.9,155.80836121681995,6684.18,Non-Billable
4868,144,7,2023-08-10,35.7,209.86584841970367,7492.21,Non-Billable
4869,144,12,2023-08-10,40.1,155.80836121681995,6247.92,Non-Billable
4870,144,12,2023-09-10,36.5,155.80836121681995,5687.01,Non-Billable
4871,144,7,2023-10-10,53.5,209.86584841970367,11227.82,Billable
4872,144,12,2023-10-10,42.1,155.80836121681995,6559.53,Billable
4873,144,7,2023-11-10,47.8,209.86584841970367,10031.59,Non-Billable
4874,144,12,2023-11-10,72.8,155.80836121681995,11342.85,Non-Billable
4875,144,12,2023-12-10,57.7,155.80836121681995,8990.14,Non-Billable
4876,144,7,2024-01-10,53.0,209.86584841970367,11122.89,Billable
4877,144,7,2024-02-10,40.0,209.86584841970367,8394.63,Billable
4878,144,12,2024-02-10,15.4,155.80836121681995,2399.45,Billable
4879,144,7,2024-03-10,11.6,209.86584841970367,2434.44,Non-Billable
4880,144,7,2024-05-10,59.1,209.86584841970367,12403.07,Billable
4881,144,12,2024-05-10,77.4,155.80836121681995,12059.57,Non-Billable
4882,144,7,2024-06-10,68.2,209.86584841970367,14312.85,Billable
4883,144,12,2024-06-10,31.2,155.80836121681995,4861.22,Billable
4884,144,7,2024-07-10,10.4,209.86584841970367,2182.6,Non-Billable
4885,144,12,2024-07-10,19.7,155.80836121681995,3069.42,Billable
4886,144,7,2024-08-10,35.3,209.86584841970367,7408.26,Non-Billable
4887,144,12,2024-08-10,77.0,155.80836121681995,11997.24,Billable
4888,144,7,2024-09-10,30.4,209.86584841970367,6379.92,Billable
4889,144,12,2024-09-10,19.7,155.80836121681995,3069.42,Billable
4890,144,7,2024-10-10,22.9,209.86584841970367,4805.93,Billable
4891,144,7,2024-11-10,68.4,209.86584841970367,14354.82,Non-Billable
4892,144,12,2024-12-10,38.2,155.80836121681995,5951.88,Billable
4893,145,5,2023-08-20,51.1,333.24426408004217,17028.78,Billable
4894,145,11,2023-08-20,79.7,210.1115011743209,16745.89,Billable
4895,145,10,2023-08-20,35.7,246.99098521619942,8817.58,Billable
4896,145,5,2023-09-20,57.7,333.24426408004217,19228.19,Billable
4897,145,3,2023-09-20,68.5,356.50515929852793,24420.6,Billable
4898,145,11,2023-09-20,45.4,210.1115011743209,9539.06,Billable
4899,145,10,2023-09-20,19.9,246.99098521619942,4915.12,Billable
4900,145,8,2023-09-20,10.0,246.99098521619942,2469.91,Non-Billable
4901,145,3,2023-10-20,14.4,356.50515929852793,5133.67,Billable
4902,145,10,2023-10-20,34.0,246.99098521619942,8397.69,Billable
4903,145,8,2023-10-20,42.2,246.99098521619942,10423.02,Billable
4904,145,5,2023-11-20,29.5,333.24426408004217,9830.71,Billable
4905,145,3,2023-11-20,45.2,356.50515929852793,16114.03,Non-Billable
4906,145,11,2023-11-20,72.1,210.1115011743209,15149.04,Billable
4907,145,5,2023-12-20,76.2,333.24426408004217,25393.21,Non-Billable
4908,145,11,2023-12-20,60.2,210.1115011743209,12648.71,Billable
4909,145,8,2023-12-20,15.1,246.99098521619942,3729.56,Non-Billable
4910,146,1,2022-04-11,76.0,209.86584841970367,15949.8,Non-Billable
4911,146,8,2022-04-11,76.4,246.99098521619942,18870.11,Billable
4912,146,12,2022-04-11,10.1,155.80836121681995,1573.66,Billable
4913,146,1,2022-05-11,72.0,209.86584841970367,15110.34,Billable
4914,146,8,2022-05-11,56.0,246.99098521619942,13831.5,Billable
4915,146,1,2022-06-11,62.1,209.86584841970367,13032.67,Billable
4916,146,8,2022-06-11,70.4,246.99098521619942,17388.17,Billable
4917,146,12,2022-06-11,24.0,155.80836121681995,3739.4,Billable
4918,146,1,2022-07-11,66.7,209.86584841970367,13998.05,Non-Billable
4919,146,8,2022-07-11,11.0,246.99098521619942,2716.9,Billable
4920,146,12,2022-07-11,79.2,155.80836121681995,12340.02,Billable
4921,146,1,2022-08-11,50.2,209.86584841970367,10535.27,Billable
4922,146,8,2022-08-11,32.9,246.99098521619942,8126.0,Billable
4923,146,12,2022-08-11,65.8,155.80836121681995,10252.19,Non-Billable
4924,146,1,2022-09-11,51.5,209.86584841970367,10808.09,Non-Billable
4925,146,2,2022-09-11,34.1,209.86584841970367,7156.43,Non-Billable
4926,146,1,2022-10-11,63.6,209.86584841970367,13347.47,Billable
4927,146,8,2022-10-11,16.2,246.99098521619942,4001.25,Non-Billable
4928,146,2,2022-10-11,46.0,209.86584841970367,9653.83,Billable
4929,146,12,2022-10-11,24.2,155.80836121681995,3770.56,Billable
4930,146,1,2022-11-11,15.8,209.86584841970367,3315.88,Non-Billable
4931,146,8,2022-11-11,12.5,246.99098521619942,3087.39,Billable
4932,146,12,2022-11-11,49.3,155.80836121681995,7681.35,Non-Billable
4933,146,1,2022-12-11,57.9,209.86584841970367,12151.23,Billable
4934,146,8,2022-12-11,30.8,246.99098521619942,7607.32,Non-Billable
4935,146,2,2022-12-11,27.9,209.86584841970367,5855.26,Billable
4936,146,12,2022-12-11,74.3,155.80836121681995,11576.56,Billable
4937,146,1,2023-01-11,38.4,209.86584841970367,8058.85,Billable
4938,146,8,2023-01-11,40.5,246.99098521619942,10003.13,Non-Billable
4939,146,2,2023-01-11,23.6,209.86584841970367,4952.83,Non-Billable
4940,146,1,2023-02-11,27.6,209.86584841970367,5792.3,Billable
4941,146,8,2023-02-11,45.2,246.99098521619942,11163.99,Non-Billable
4942,146,2,2023-02-11,22.4,209.86584841970367,4701.0,Billable
4943,146,12,2023-02-11,78.7,155.80836121681995,12262.12,Non-Billable
4944,146,1,2023-03-11,30.9,209.86584841970367,6484.85,Billable
4945,146,8,2023-03-11,33.2,246.99098521619942,8200.1,Billable
4946,146,2,2023-03-11,41.1,209.86584841970367,8625.49,Billable
4947,146,12,2023-03-11,37.5,155.80836121681995,5842.81,Billable
4948,146,1,2023-04-11,34.7,209.86584841970367,7282.34,Billable
4949,146,8,2023-04-11,21.2,246.99098521619942,5236.21,Non-Billable
4950,146,12,2023-04-11,51.6,155.80836121681995,8039.71,Non-Billable
4951,146,1,2023-05-11,73.2,209.86584841970367,15362.18,Billable
4952,146,2,2023-05-11,59.0,209.86584841970367,12382.09,Non-Billable
4953,146,1,2023-06-11,17.1,209.86584841970367,3588.71,Billable
4954,146,1,2023-07-11,75.9,209.86584841970367,15928.82,Billable
4955,146,8,2023-07-11,58.1,246.99098521619942,14350.18,Billable
4956,146,2,2023-07-11,30.6,209.86584841970367,6421.89,Billable
4957,146,12,2023-07-11,13.8,155.80836121681995,2150.16,Non-Billable
4958,146,8,2023-08-11,38.4,246.99098521619942,9484.45,Non-Billable
4959,146,2,2023-08-11,26.4,209.86584841970367,5540.46,Billable
4960,146,12,2023-08-11,15.8,155.80836121681995,2461.77,Billable
4961,146,1,2023-09-11,72.5,209.86584841970367,15215.27,Non-Billable
4962,146,2,2023-09-11,32.0,209.86584841970367,6715.71,Non-Billable
4963,146,12,2023-09-11,77.3,155.80836121681995,12043.99,Billable
4964,146,8,2023-10-11,66.9,246.99098521619942,16523.7,Billable
4965,146,8,2023-11-11,22.8,246.99098521619942,5631.39,Billable
4966,146,2,2023-11-11,55.8,209.86584841970367,11710.51,Non-Billable
4967,146,12,2023-11-11,40.8,155.80836121681995,6356.98,Non-Billable
4968,146,1,2023-12-11,40.7,209.86584841970367,8541.54,Billable
4969,146,8,2023-12-11,44.5,246.99098521619942,10991.1,Billable
4970,146,2,2023-12-11,69.1,209.86584841970367,14501.73,Billable
4971,146,12,2023-12-11,13.5,155.80836121681995,2103.41,Billable
4972,147,1,2022-09-24,30.1,209.86584841970367,6316.96,Non-Billable
4973,147,4,2022-09-24,77.9,263.9493860652042,20561.66,Non-Billable
4974,147,11,2022-10-24,50.5,210.1115011743209,10610.63,Billable
4975,147,4,2022-11-24,78.1,263.9493860652042,20614.45,Billable
4976,147,11,2022-12-24,53.9,210.1115011743209,11325.01,Billable
4977,147,1,2022-12-24,79.3,209.86584841970367,16642.36,Billable
4978,147,4,2022-12-24,53.2,263.9493860652042,14042.11,Billable
4979,147,2,2022-12-24,35.1,209.86584841970367,7366.29,Billable
4980,147,11,2023-01-24,58.0,210.1115011743209,12186.47,Billable
4981,147,4,2023-01-24,14.9,263.9493860652042,3932.85,Billable
4982,147,2,2023-01-24,44.1,209.86584841970367,9255.08,Non-Billable
4983,147,4,2023-02-24,76.0,263.9493860652042,20060.15,Non-Billable
4984,147,11,2023-03-24,60.2,210.1115011743209,12648.71,Billable
4985,147,4,2023-03-24,72.7,263.9493860652042,19189.12,Billable
4986,147,2,2023-03-24,58.6,209.86584841970367,12298.14,Billable
4987,147,11,2023-04-24,76.9,210.1115011743209,16157.57,Non-Billable
4988,147,4,2023-04-24,31.5,263.9493860652042,8314.41,Non-Billable
4989,147,2,2023-04-24,36.2,209.86584841970367,7597.14,Billable
4990,147,1,2023-05-24,42.1,209.86584841970367,8835.35,Billable
4991,147,4,2023-05-24,10.6,263.9493860652042,2797.86,Billable
4992,147,2,2023-05-24,68.0,209.86584841970367,14270.88,Billable
4993,147,11,2023-06-24,79.0,210.1115011743209,16598.81,Billable
4994,147,4,2023-06-24,22.9,263.9493860652042,6044.44,Billable
4995,147,2,2023-06-24,27.8,209.86584841970367,5834.27,Non-Billable
4996,147,4,2023-07-24,59.2,263.9493860652042,15625.8,Billable
4997,147,1,2023-08-24,16.7,209.86584841970367,3504.76,Billable
4998,147,4,2023-08-24,12.2,263.9493860652042,3220.18,Billable
4999,147,2,2023-08-24,72.5,209.86584841970367,15215.27,Non-Billable
5000,147,4,2023-09-24,77.1,263.9493860652042,20350.5,Non-Billable
5001,147,2,2023-09-24,45.7,209.86584841970367,9590.87,Billable
5002,147,1,2023-10-24,18.2,209.86584841970367,3819.56,Billable
5003,147,4,2023-10-24,25.4,263.9493860652042,6704.31,Billable
5004,147,2,2023-10-24,10.5,209.86584841970367,2203.59,Non-Billable
5005,147,11,2023-11-24,78.3,210.1115011743209,16451.73,Billable
5006,147,1,2023-11-24,71.4,209.86584841970367,14984.42,Non-Billable
5007,147,4,2023-11-24,78.7,263.9493860652042,20772.82,Billable
5008,147,2,2023-11-24,49.6,209.86584841970367,10409.35,Billable
5009,147,1,2023-12-24,51.6,209.86584841970367,10829.08,Billable
5010,147,4,2023-12-24,37.7,263.9493860652042,9950.89,Billable
5011,147,2,2023-12-24,26.8,209.86584841970367,5624.4,Non-Billable
5012,147,11,2024-01-24,22.5,210.1115011743209,4727.51,Billable
5013,147,1,2024-01-24,19.9,209.86584841970367,4176.33,Billable
5014,147,4,2024-01-24,23.1,263.9493860652042,6097.23,Billable
5015,147,2,2024-01-24,42.4,209.86584841970367,8898.31,Billable
5016,147,11,2024-02-24,18.8,210.1115011743209,3950.1,Billable
5017,147,4,2024-02-24,68.9,263.9493860652042,18186.11,Billable
5018,147,2,2024-02-24,48.6,209.86584841970367,10199.48,Billable
5019,147,1,2024-03-24,21.8,209.86584841970367,4575.08,Non-Billable
5020,147,4,2024-03-24,60.8,263.9493860652042,16048.12,Billable
5021,147,11,2024-04-24,46.7,210.1115011743209,9812.21,Billable
5022,147,1,2024-04-24,73.7,209.86584841970367,15467.11,Non-Billable
5023,147,2,2024-04-24,16.6,209.86584841970367,3483.77,Billable
5024,147,11,2024-05-24,45.2,210.1115011743209,9497.04,Billable
5025,147,1,2024-05-24,33.3,209.86584841970367,6988.53,Non-Billable
5026,147,2,2024-05-24,31.9,209.86584841970367,6694.72,Non-Billable
5027,147,11,2024-06-24,78.1,210.1115011743209,16409.71,Billable
5028,147,1,2024-06-24,16.6,209.86584841970367,3483.77,Non-Billable
5029,147,4,2024-06-24,59.6,263.9493860652042,15731.38,Billable
5030,147,2,2024-06-24,43.5,209.86584841970367,9129.16,Non-Billable
5031,148,2,2022-08-15,20.8,209.86584841970367,4365.21,Non-Billable
5032,148,9,2022-08-15,22.1,496.7566614134116,10978.32,Non-Billable
5033,148,2,2022-09-15,31.8,209.86584841970367,6673.73,Billable
5034,148,9,2022-09-15,79.7,496.7566614134116,39591.51,Billable
5035,148,2,2022-10-15,21.4,209.86584841970367,4491.13,Billable
5036,148,7,2022-11-15,78.6,209.86584841970367,16495.46,Billable
5037,148,2,2022-12-15,20.9,209.86584841970367,4386.2,Billable
5038,148,2,2023-01-15,55.8,209.86584841970367,11710.51,Non-Billable
5039,148,7,2023-01-15,46.7,209.86584841970367,9800.74,Billable
5040,148,9,2023-02-15,77.0,496.7566614134116,38250.26,Non-Billable
5041,148,7,2023-02-15,23.7,209.86584841970367,4973.82,Billable
5042,148,2,2023-03-15,61.5,209.86584841970367,12906.75,Non-Billable
5043,148,7,2023-04-15,58.7,209.86584841970367,12319.13,Billable
5044,148,2,2023-05-15,19.1,209.86584841970367,4008.44,Billable
5045,148,9,2023-05-15,69.5,496.7566614134116,34524.59,Billable
5046,148,7,2023-05-15,17.2,209.86584841970367,3609.69,Billable
5047,148,2,2023-06-15,12.9,209.86584841970367,2707.27,Billable
5048,148,9,2023-06-15,39.3,496.7566614134116,19522.54,Billable
5049,148,7,2023-06-15,37.7,209.86584841970367,7911.94,Billable
5050,148,2,2023-07-15,67.7,209.86584841970367,14207.92,Billable
5051,148,9,2023-07-15,51.6,496.7566614134116,25632.64,Billable
5052,148,7,2023-07-15,34.9,209.86584841970367,7324.32,Non-Billable
5053,148,9,2023-08-15,19.2,496.7566614134116,9537.73,Billable
5054,148,7,2023-08-15,55.6,209.86584841970367,11668.54,Non-Billable
5055,148,9,2023-09-15,66.9,496.7566614134116,33233.02,Non-Billable
5056,148,9,2023-10-15,12.9,496.7566614134116,6408.16,Billable
5057,148,7,2023-10-15,76.9,209.86584841970367,16138.68,Billable
5058,148,9,2023-11-15,28.5,496.7566614134116,14157.56,Non-Billable
5059,148,7,2023-11-15,29.3,209.86584841970367,6149.07,Non-Billable
5060,148,2,2023-12-15,21.4,209.86584841970367,4491.13,Non-Billable
5061,148,7,2023-12-15,75.7,209.86584841970367,15886.84,Billable
5062,148,2,2024-01-15,45.1,209.86584841970367,9464.95,Billable
5063,148,9,2024-01-15,71.9,496.7566614134116,35716.8,Billable
5064,148,7,2024-01-15,73.5,209.86584841970367,15425.14,Billable
5065,148,2,2024-02-15,71.4,209.86584841970367,14984.42,Billable
5066,148,9,2024-02-15,59.0,496.7566614134116,29308.64,Billable
5067,148,2,2024-03-15,37.6,209.86584841970367,7890.96,Billable
5068,148,7,2024-03-15,64.5,209.86584841970367,13536.35,Billable
5069,148,2,2024-04-15,12.5,209.86584841970367,2623.32,Billable
5070,148,9,2024-04-15,23.7,496.7566614134116,11773.13,Billable
5071,148,7,2024-04-15,23.2,209.86584841970367,4868.89,Billable
5072,148,2,2024-05-15,34.1,209.86584841970367,7156.43,Billable
5073,148,9,2024-05-15,36.4,496.7566614134116,18081.94,Billable
5074,148,2,2024-06-15,37.0,209.86584841970367,7765.04,Billable
5075,148,9,2024-06-15,18.2,496.7566614134116,9040.97,Billable
5076,148,7,2024-06-15,27.9,209.86584841970367,5855.26,Billable
5077,149,12,2023-10-15,28.7,155.80836121681995,4471.7,Billable
5078,149,9,2023-10-15,45.9,496.7566614134116,22801.13,Billable
5079,149,12,2023-11-15,44.5,155.80836121681995,6933.47,Non-Billable
5080,149,6,2023-11-15,53.2,311.18528947223797,16555.06,Non-Billable
5081,149,9,2023-11-15,38.5,496.7566614134116,19125.13,Non-Billable
5082,149,6,2023-12-15,67.4,311.18528947223797,20973.89,Billable
5083,149,9,2023-12-15,50.0,496.7566614134116,24837.83,Billable
5084,149,9,2024-01-15,26.8,496.7566614134116,13313.08,Billable
5085,149,12,2024-02-15,77.4,155.80836121681995,12059.57,Billable
5086,149,6,2024-02-15,78.2,311.18528947223797,24334.69,Billable
5087,149,9,2024-02-15,56.7,496.7566614134116,28166.1,Billable
5088,150,4,2022-05-01,76.5,263.9493860652042,20192.13,Billable
5089,150,12,2022-05-01,26.9,155.80836121681995,4191.24,Billable
5090,150,5,2022-05-01,35.6,333.24426408004217,11863.5,Non-Billable
5091,150,4,2022-06-01,38.4,263.9493860652042,10135.66,Billable
5092,150,12,2022-06-01,28.7,155.80836121681995,4471.7,Billable
5093,150,5,2022-06-01,37.3,333.24426408004217,12430.01,Non-Billable
5094,150,4,2022-07-01,28.8,263.9493860652042,7601.74,Billable
5095,150,12,2022-07-01,38.1,155.80836121681995,5936.3,Non-Billable
5096,150,5,2022-07-01,65.8,333.24426408004217,21927.47,Billable
5097,150,4,2022-08-01,76.0,263.9493860652042,20060.15,Non-Billable
5098,150,12,2022-08-01,24.0,155.80836121681995,3739.4,Billable
5099,150,5,2022-08-01,49.5,333.24426408004217,16495.59,Billable
5100,150,4,2022-09-01,75.2,263.9493860652042,19848.99,Non-Billable
5101,150,12,2022-09-01,36.8,155.80836121681995,5733.75,Billable
5102,150,5,2022-09-01,73.4,333.24426408004217,24460.13,Billable
5103,150,12,2022-10-01,35.9,155.80836121681995,5593.52,Non-Billable
5104,150,5,2022-10-01,10.6,333.24426408004217,3532.39,Billable
5105,150,4,2022-11-01,75.6,263.9493860652042,19954.57,Billable
5106,150,12,2022-11-01,67.0,155.80836121681995,10439.16,Billable
5107,150,5,2022-11-01,51.7,333.24426408004217,17228.73,Billable
5108,150,4,2022-12-01,36.0,263.9493860652042,9502.18,Billable
5109,150,12,2022-12-01,69.1,155.80836121681995,10766.36,Billable
5110,150,4,2023-01-01,10.9,263.9493860652042,2877.05,Billable
5111,150,5,2023-01-01,60.2,333.24426408004217,20061.3,Billable
5112,150,12,2023-02-01,75.3,155.80836121681995,11732.37,Billable
5113,150,4,2023-03-01,28.5,263.9493860652042,7522.56,Non-Billable
5114,150,12,2023-03-01,27.3,155.80836121681995,4253.57,Billable
5115,150,5,2023-03-01,67.2,333.24426408004217,22394.01,Billable
5116,150,4,2023-04-01,72.0,263.9493860652042,19004.36,Billable
5117,150,12,2023-04-01,13.9,155.80836121681995,2165.74,Non-Billable
5118,150,5,2023-04-01,56.0,333.24426408004217,18661.68,Billable
5119,150,12,2023-05-01,57.6,155.80836121681995,8974.56,Billable
5120,150,4,2023-06-01,61.2,263.9493860652042,16153.7,Billable
5121,150,12,2023-06-01,67.5,155.80836121681995,10517.06,Billable
5122,150,12,2023-07-01,48.4,155.80836121681995,7541.12,Billable
5123,150,5,2023-07-01,49.0,333.24426408004217,16328.97,Billable
5124,150,12,2023-08-01,77.9,155.80836121681995,12137.47,Billable
5125,150,5,2023-08-01,22.3,333.24426408004217,7431.35,Non-Billable
5126,150,4,2023-09-01,28.2,263.9493860652042,7443.37,Non-Billable
5127,150,12,2023-09-01,57.5,155.80836121681995,8958.98,Billable
5128,150,12,2023-10-01,70.9,155.80836121681995,11046.81,Non-Billable
5129,150,4,2023-11-01,65.8,263.9493860652042,17367.87,Non-Billable
5130,150,12,2023-11-01,25.6,155.80836121681995,3988.69,Billable
5131,150,5,2023-11-01,19.2,333.24426408004217,6398.29,Billable
5132,150,4,2023-12-01,32.7,263.9493860652042,8631.14,Billable
5133,150,5,2024-01-01,74.8,333.24426408004217,24926.67,Non-Billable
5134,150,4,2024-02-01,67.1,263.9493860652042,17711.0,Billable
5135,150,12,2024-02-01,14.4,155.80836121681995,2243.64,Billable
5136,150,5,2024-02-01,46.3,333.24426408004217,15429.21,Billable
5137,150,12,2024-03-01,43.9,155.80836121681995,6839.99,Non-Billable
5138,150,12,2024-04-01,32.4,155.80836121681995,5048.19,Non-Billable
5139,150,5,2024-04-01,23.6,333.24426408004217,7864.56,Billable
5140,150,12,2024-05-01,77.7,155.80836121681995,12106.31,Non-Billable
5141,150,5,2024-05-01,63.8,333.24426408004217,21260.98,Billable
5142,150,4,2024-06-01,47.0,263.9493860652042,12405.62,Non-Billable
5143,150,12,2024-06-01,44.6,155.80836121681995,6949.05,Billable
5144,150,5,2024-06-01,23.9,333.24426408004217,7964.54,Billable
5145,150,4,2024-07-01,34.2,263.9493860652042,9027.07,Non-Billable
5146,150,5,2024-07-01,22.3,333.24426408004217,7431.35,Non-Billable
5147,150,12,2024-08-01,50.3,155.80836121681995,7837.16,Non-Billable
5148,150,5,2024-08-01,64.9,333.24426408004217,21627.55,Billable
5149,150,12,2024-09-01,53.1,155.80836121681995,8273.42,Non-Billable
5150,150,5,2024-09-01,73.7,333.24426408004217,24560.1,Billable
5151,150,12,2024-10-01,64.0,155.80836121681995,9971.74,Billable
5152,150,4,2024-11-01,72.6,263.9493860652042,19162.73,Non-Billable
5153,150,12,2024-11-01,10.1,155.80836121681995,1573.66,Billable
5154,150,5,2024-11-01,58.4,333.24426408004217,19461.47,Billable
5155,150,4,2024-12-01,25.8,263.9493860652042,6809.89,Billable
5156,150,12,2024-12-01,16.1,155.80836121681995,2508.51,Billable
5157,150,5,2024-12-01,42.9,333.24426408004217,14296.18,Billable
